date,sport,game_id,commence_time,snapshot_taken_at_utc,api_snapshot_timestamp_utc,response_received_at_utc,bookmaker_last_update_utc,home_team,away_team,bookmaker,ml_home,ml_away,spread_home,spread_home_odds,spread_away,spread_away_odds,total_line,total_over_odds,total_under_odds
2026-08-21,NFL,8c94552d022acec4a0458d70c19d3da9,2026-09-10T00:15:00Z,2026-08-21T16:13:41Z,,"Fri, 21 Aug 2026 16:13:41 GMT",2026-08-21T16:12:51Z,Seattle Seahawks,New England Patriots,draftkings,-192,160,-3.5,-110,3.5,-110,44.5,-110,-110
2026-08-21,NFL,8c94552d022acec4a0458d70c19d3da9,2026-09-10T00:15:00Z,2026-08-21T16:13:41Z,,"Fri, 21 Aug 2026 16:13:41 GMT",2026-08-21T16:13:38Z,Seattle Seahawks,New England Patriots,fanduel,-194,162,-3.5,-112,3.5,-108,44.5,-115,-105
2026-08-21,NFL,8c94552d022acec4a0458d70c19d3da9,2026-09-10T00:15:00Z,2026-08-21T16:13:41Z,,"Fri, 21 Aug 2026 16:13:41 GMT",2026-08-21T16:13:11Z,Seattle Seahawks,New England Patriots,betrivers,-200,160,-3.5,-110,3.5,-110,44.0,-113,-108
2026-08-21,NFL,acc580d74344ea3b31bbcdd057fe6a9c,2026-09-11T00:35:00Z,2026-08-21T16:13:41Z,,"Fri, 21 Aug 2026 16:13:41 GMT",2026-08-21T16:12:51Z,Los Angeles Rams,San Francisco 49ers,draftkings,-185,154,-3.5,-110,3.5,-110,48.5,-108,-112
2026-08-21,NFL,acc580d74344ea3b31bbcdd057fe6a9c,2026-09-11T00:35:00Z,2026-08-21T16:13:41Z,,"Fri, 21 Aug 2026 16:13:41 GMT",2026-08-21T16:13:38Z,Los Angeles Rams,San Francisco 49ers,fanduel,-198,166,-3.5,-115,3.5,-105,48.5,-110,-110
2026-08-21,NFL,acc580d74344ea3b31bbcdd057fe6a9c,2026-09-11T00:35:00Z,2026-08-21T16:13:41Z,,"Fri, 21 Aug 2026 16:13:41 GMT",2026-08-21T16:13:11Z,Los Angeles Rams,San Francisco 49ers,betrivers,-200,160,-3.5,-110,3.5,-110,48.5,-112,-109
2026-08-21,NFL,95c01d1bb797d6df14824b106c5a9130,2026-09-13T17:00:00Z,2026-08-21T16:13:41Z,,"Fri, 21 Aug 2026 16:13:41 GMT",2026-08-21T16:12:51Z,Pittsburgh Steelers,Atlanta Falcons,draftkings,-180,150,-3.0,-120,3.0,100,41.5,-115,-105
2026-08-21,NFL,95c01d1bb797d6df14824b106c5a9130,2026-09-13T17:00:00Z,2026-08-21T16:13:41Z,,"Fri, 21 Aug 2026 16:13:41 GMT",2026-08-21T16:13:11Z,Pittsburgh Steelers,Atlanta Falcons,betrivers,-167,135,-3.0,-104,3.0,-117,42.0,-109,-112
2026-08-21,NFL,95c01d1bb797d6df14824b106c5a9130,2026-09-13T17:00:00Z,2026-08-21T16:13:41Z,,"Fri, 21 Aug 2026 16:13:41 GMT",2026-08-21T16:13:38Z,Pittsburgh Steelers,Atlanta Falcons,fanduel,-162,136,-3.0,-110,3.0,-110,41.5,-115,-105
2026-08-21,NFL,b6cfdcbafa61ce220ba87dc2d9b80c77,2026-09-13T17:00:00Z,2026-08-21T16:13:41Z,,"Fri, 21 Aug 2026 16:13:41 GMT",2026-08-21T16:12:51Z,Indianapolis Colts,Baltimore Ravens,draftkings,154,-185,3.5,-112,-3.5,-108,48.5,-110,-110
2026-08-21,NFL,b6cfdcbafa61ce220ba87dc2d9b80c77,2026-09-13T17:00:00Z,2026-08-21T16:13:41Z,,"Fri, 21 Aug 2026 16:13:41 GMT",2026-08-21T16:13:11Z,Indianapolis Colts,Baltimore Ravens,betrivers,155,-200,3.5,-108,-3.5,-113,49.0,-108,-113
2026-08-21,NFL,b6cfdcbafa61ce220ba87dc2d9b80c77,2026-09-13T17:00:00Z,2026-08-21T16:13:41Z,,"Fri, 21 Aug 2026 16:13:41 GMT",2026-08-21T16:13:38Z,Indianapolis Colts,Baltimore Ravens,fanduel,156,-186,3.5,-115,-3.5,-105,48.5,-110,-110
2026-08-21,NFL,7e09efed7e12c659b82740b67ce2f9a1,2026-09-13T17:00:00Z,2026-08-21T16:13:41Z,,"Fri, 21 Aug 2026 16:13:41 GMT",2026-08-21T16:12:51Z,Houston Texans,Buffalo Bills,draftkings,-102,-118,1.5,-115,-1.5,-105,44.5,-110,-110
2026-08-21,NFL,7e09efed7e12c659b82740b67ce2f9a1,2026-09-13T17:00:00Z,2026-08-21T16:13:41Z,,"Fri, 21 Aug 2026 16:13:41 GMT",2026-08-21T16:13:11Z,Houston Texans,Buffalo Bills,betrivers,-104,-120,1.0,-109,-1.0,-112,44.5,-110,-110
2026-08-21,NFL,7e09efed7e12c659b82740b67ce2f9a1,2026-09-13T17:00:00Z,2026-08-21T16:13:41Z,,"Fri, 21 Aug 2026 16:13:41 GMT",2026-08-21T16:13:38Z,Houston Texans,Buffalo Bills,fanduel,-110,-106,-1.5,-102,1.5,-120,44.5,-112,-108
2026-08-21,NFL,fc362aff0d889ec52d358307a70c32ed,2026-09-13T17:00:00Z,2026-08-21T16:13:41Z,,"Fri, 21 Aug 2026 16:13:41 GMT",2026-08-21T16:12:51Z,Carolina Panthers,Chicago Bears,draftkings,124,-148,2.5,-102,-2.5,-118,47.5,-115,-105
2026-08-21,NFL,fc362aff0d889ec52d358307a70c32ed,2026-09-13T17:00:00Z,2026-08-21T16:13:41Z,,"Fri, 21 Aug 2026 16:13:41 GMT",2026-08-21T16:13:38Z,Carolina Panthers,Chicago Bears,fanduel,124,-146,2.5,-102,-2.5,-120,47.5,-114,-106
2026-08-21,NFL,fc362aff0d889ec52d358307a70c32ed,2026-09-13T17:00:00Z,2026-08-21T16:13:41Z,,"Fri, 21 Aug 2026 16:13:41 GMT",2026-08-21T16:13:11Z,Carolina Panthers,Chicago Bears,betrivers,128,-157,2.5,-106,-2.5,-115,47.5,-110,-110
2026-08-21,NFL,ed6d24ff979f9c71979fead577b0b3f7,2026-09-13T17:00:00Z,2026-08-21T16:13:41Z,,"Fri, 21 Aug 2026 16:13:41 GMT",2026-08-21T16:12:51Z,Cincinnati Bengals,Tampa Bay Buccaneers,draftkings,-198,164,-3.5,-115,3.5,-105,51.5,-110,-110
2026-08-21,NFL,ed6d24ff979f9c71979fead577b0b3f7,2026-09-13T17:00:00Z,2026-08-21T16:13:41Z,,"Fri, 21 Aug 2026 16:13:41 GMT",2026-08-21T16:13:38Z,Cincinnati Bengals,Tampa Bay Buccaneers,fanduel,-210,176,-3.5,-115,3.5,-105,51.5,-110,-110
2026-08-21,NFL,ed6d24ff979f9c71979fead577b0b3f7,2026-09-13T17:00:00Z,2026-08-21T16:13:41Z,,"Fri, 21 Aug 2026 16:13:41 GMT",2026-08-21T16:13:11Z,Cincinnati Bengals,Tampa Bay Buccaneers,betrivers,-200,160,-3.5,-108,3.5,-113,51.5,-108,-113
2026-08-21,NFL,e55c6fe19fce094ce214c8b0e5b504e9,2026-09-13T17:00:00Z,2026-08-21T16:13:41Z,,"Fri, 21 Aug 2026 16:13:41 GMT",2026-08-21T16:12:51Z,Jacksonville Jaguars,Cleveland Browns,draftkings,-375,295,-7.5,-110,7.5,-110,40.5,-110,-110
2026-08-21,NFL,e55c6fe19fce094ce214c8b0e5b504e9,2026-09-13T17:00:00Z,2026-08-21T16:13:41Z,,"Fri, 21 Aug 2026 16:13:41 GMT",2026-08-21T16:13:38Z,Jacksonville Jaguars,Cleveland Browns,fanduel,-420,330,-7.5,-115,7.5,-105,40.5,-118,-104
2026-08-21,NFL,e55c6fe19fce094ce214c8b0e5b504e9,2026-09-13T17:00:00Z,2026-08-21T16:13:41Z,,"Fri, 21 Aug 2026 16:13:41 GMT",2026-08-21T16:13:11Z,Jacksonville Jaguars,Cleveland Browns,betrivers,-420,310,-7.5,-108,7.5,-113,40.5,-107,-114
2026-08-21,NFL,c1d3fcec25aaeb06ebd2244d33d338e0,2026-09-13T17:00:00Z,2026-08-21T16:13:41Z,,"Fri, 21 Aug 2026 16:13:41 GMT",2026-08-21T16:12:51Z,Detroit Lions,New Orleans Saints,draftkings,-310,250,-7.0,-110,7.0,-110,48.5,-115,-105
2026-08-21,NFL,c1d3fcec25aaeb06ebd2244d33d338e0,2026-09-13T17:00:00Z,2026-08-21T16:13:41Z,,"Fri, 21 Aug 2026 16:13:41 GMT",2026-08-21T16:13:38Z,Detroit Lions,New Orleans Saints,fanduel,-360,290,-7.0,-110,7.0,-110,49.5,-102,-120
2026-08-21,NFL,c1d3fcec25aaeb06ebd2244d33d338e0,2026-09-13T17:00:00Z,2026-08-21T16:13:41Z,,"Fri, 21 Aug 2026 16:13:41 GMT",2026-08-21T16:13:11Z,Detroit Lions,New Orleans Saints,betrivers,-360,270,-7.0,-110,7.0,-110,49.0,-112,-109
2026-08-21,NFL,7dddb296a42e7a41a774b24bd1709ce1,2026-09-13T17:00:00Z,2026-08-21T16:13:41Z,,"Fri, 21 Aug 2026 16:13:41 GMT",2026-08-21T16:12:51Z,Tennessee Titans,New York Jets,draftkings,-148,124,-3.0,100,3.0,-120,38.5,-115,-105
2026-08-21,NFL,7dddb296a42e7a41a774b24bd1709ce1,2026-09-13T17:00:00Z,2026-08-21T16:13:41Z,,"Fri, 21 Aug 2026 16:13:41 GMT",2026-08-21T16:13:38Z,Tennessee Titans,New York Jets,fanduel,-142,120,-2.5,-110,2.5,-110,39.5,-118,-104
2026-08-21,NFL,7dddb296a42e7a41a774b24bd1709ce1,2026-09-13T17:00:00Z,2026-08-21T16:13:41Z,,"Fri, 21 Aug 2026 16:13:41 GMT",2026-08-21T16:13:11Z,Tennessee Titans,New York Jets,betrivers,-150,120,-2.5,-110,2.5,-110,38.5,-112,-109
2026-08-21,NFL,1edfa5ceaa1ad2cb57df1c1b908731f6,2026-09-13T20:25:00Z,2026-08-21T16:13:41Z,,"Fri, 21 Aug 2026 16:13:41 GMT",2026-08-21T16:12:51Z,Los Angeles Chargers,Arizona Cardinals,draftkings,-600,440,-10.5,-110,10.5,-110,46.5,-110,-110
2026-08-21,NFL,1edfa5ceaa1ad2cb57df1c1b908731f6,2026-09-13T20:25:00Z,2026-08-21T16:13:41Z,,"Fri, 21 Aug 2026 16:13:41 GMT",2026-08-21T16:13:11Z,Los Angeles Chargers,Arizona Cardinals,betrivers,-590,400,-10.5,-106,10.5,-114,46.5,-108,-113
2026-08-21,NFL,1edfa5ceaa1ad2cb57df1c1b908731f6,2026-09-13T20:25:00Z,2026-08-21T16:13:41Z,,"Fri, 21 Aug 2026 16:13:41 GMT",2026-08-21T16:13:38Z,Los Angeles Chargers,Arizona Cardinals,fanduel,-600,450,-10.5,-106,10.5,-114,46.5,-110,-110
2026-08-21,NFL,cb77efed7e711d25a72c1a2a0a1af119,2026-09-13T20:25:00Z,2026-08-21T16:13:41Z,,"Fri, 21 Aug 2026 16:13:41 GMT",2026-08-21T16:12:51Z,Minnesota Vikings,Green Bay Packers,draftkings,-118,-102,-1.5,-102,1.5,-118,45.5,-110,-110
2026-08-21,NFL,cb77efed7e711d25a72c1a2a0a1af119,2026-09-13T20:25:00Z,2026-08-21T16:13:41Z,,"Fri, 21 Aug 2026 16:13:41 GMT",2026-08-21T16:13:11Z,Minnesota Vikings,Green Bay Packers,betrivers,-110,-117,1.0,-113,-1.0,-108,45.0,-112,-109
2026-08-21,NFL,cb77efed7e711d25a72c1a2a0a1af119,2026-09-13T20:25:00Z,2026-08-21T16:13:41Z,,"Fri, 21 Aug 2026 16:13:41 GMT",2026-08-21T16:13:38Z,Minnesota Vikings,Green Bay Packers,fanduel,-116,-102,-1.5,-102,1.5,-120,44.5,-115,-105
2026-08-21,NFL,c5d95f48a16849ab6bebc68fbbfcb74a,2026-09-13T20:25:00Z,2026-08-21T16:13:41Z,,"Fri, 21 Aug 2026 16:13:41 GMT",2026-08-21T16:12:51Z,Las Vegas Raiders,Miami Dolphins,draftkings,-205,170,-3.5,-110,3.5,-110,40.5,-110,-110
2026-08-21,NFL,c5d95f48a16849ab6bebc68fbbfcb74a,2026-09-13T20:25:00Z,2026-08-21T16:13:41Z,,"Fri, 21 Aug 2026 16:13:41 GMT",2026-08-21T16:13:11Z,Las Vegas Raiders,Miami Dolphins,betrivers,-210,155,-3.5,-113,3.5,-108,40.0,-109,-112
2026-08-21,NFL,c5d95f48a16849ab6bebc68fbbfcb74a,2026-09-13T20:25:00Z,2026-08-21T16:13:41Z,,"Fri, 21 Aug 2026 16:13:41 GMT",2026-08-21T16:13:38Z,Las Vegas Raiders,Miami Dolphins,fanduel,-200,168,-3.5,-118,3.5,-104,40.5,-110,-110
2026-08-21,NFL,17885cb8dcade8f6c3bce14b2de805e8,2026-09-13T20:25:00Z,2026-08-21T16:13:41Z,,"Fri, 21 Aug 2026 16:13:41 GMT",2026-08-21T16:12:51Z,Philadelphia Eagles,Washington Commanders,draftkings,-218,180,-4.5,-110,4.5,-110,47.5,-105,-115
2026-08-21,NFL,17885cb8dcade8f6c3bce14b2de805e8,2026-09-13T20:25:00Z,2026-08-21T16:13:41Z,,"Fri, 21 Aug 2026 16:13:41 GMT",2026-08-21T16:13:38Z,Philadelphia Eagles,Washington Commanders,fanduel,-240,198,-5.5,-110,5.5,-110,46.5,-105,-115
2026-08-21,NFL,17885cb8dcade8f6c3bce14b2de805e8,2026-09-13T20:25:00Z,2026-08-21T16:13:41Z,,"Fri, 21 Aug 2026 16:13:41 GMT",2026-08-21T16:13:11Z,Philadelphia Eagles,Washington Commanders,betrivers,-215,170,-4.5,-112,4.5,-109,47.0,-110,-110
2026-08-21,NFL,3e646c7479c57f5d9752d8c7dfe7059b,2026-09-14T00:20:00Z,2026-08-21T16:13:41Z,,"Fri, 21 Aug 2026 16:13:41 GMT",2026-08-21T16:12:51Z,New York Giants,Dallas Cowboys,draftkings,124,-148,2.5,-105,-2.5,-115,48.5,-110,-110
2026-08-21,NFL,3e646c7479c57f5d9752d8c7dfe7059b,2026-09-14T00:20:00Z,2026-08-21T16:13:41Z,,"Fri, 21 Aug 2026 16:13:41 GMT",2026-08-21T16:13:38Z,New York Giants,Dallas Cowboys,fanduel,124,-146,2.5,-102,-2.5,-120,48.5,-110,-110
2026-08-21,NFL,3e646c7479c57f5d9752d8c7dfe7059b,2026-09-14T00:20:00Z,2026-08-21T16:13:41Z,,"Fri, 21 Aug 2026 16:13:41 GMT",2026-08-21T16:13:11Z,New York Giants,Dallas Cowboys,betrivers,112,-148,2.5,-105,-2.5,-117,48.5,-108,-113
2026-08-21,NFL,5ad8135dc2b5f27de0b777acd317855a,2026-09-15T00:15:00Z,2026-08-21T16:13:41Z,,"Fri, 21 Aug 2026 16:13:41 GMT",2026-08-21T16:12:51Z,Kansas City Chiefs,Denver Broncos,draftkings,-148,124,-3.0,-105,3.0,-115,42.5,-110,-110
2026-08-21,NFL,5ad8135dc2b5f27de0b777acd317855a,2026-09-15T00:15:00Z,2026-08-21T16:13:41Z,,"Fri, 21 Aug 2026 16:13:41 GMT",2026-08-21T16:13:38Z,Kansas City Chiefs,Denver Broncos,fanduel,-154,130,-2.5,-118,2.5,-104,43.5,-104,-118
2026-08-21,NFL,5ad8135dc2b5f27de0b777acd317855a,2026-09-15T00:15:00Z,2026-08-21T16:13:41Z,,"Fri, 21 Aug 2026 16:13:41 GMT",2026-08-21T16:13:11Z,Kansas City Chiefs,Denver Broncos,betrivers,-155,117,-3.0,-104,3.0,-118,43.5,-110,-110
2026-08-21,NFL,56e8897681915f7ec92baeee952bb1ae,2026-09-18T00:15:00Z,2026-08-21T16:13:41Z,,"Fri, 21 Aug 2026 16:13:41 GMT",2026-08-21T16:12:51Z,Buffalo Bills,Detroit Lions,draftkings,-155,130,-3.0,-110,3.0,-110,52.5,-110,-110
2026-08-21,NFL,56e8897681915f7ec92baeee952bb1ae,2026-09-18T00:15:00Z,2026-08-21T16:13:41Z,,"Fri, 21 Aug 2026 16:13:41 GMT",2026-08-21T16:13:11Z,Buffalo Bills,Detroit Lions,betrivers,-165,133,-3.0,-105,3.0,-117,52.5,-110,-110
2026-08-21,NFL,aee7eae1849ebb103b9bf233e9741392,2026-09-20T17:00:00Z,2026-08-21T16:13:41Z,,"Fri, 21 Aug 2026 16:13:41 GMT",2026-08-21T16:12:51Z,Atlanta Falcons,Carolina Panthers,draftkings,-125,105,-1.5,-110,1.5,-110,43.5,-118,-102
2026-08-21,NFL,2143ade9684fd876b68a4e8cbf451f05,2026-09-20T17:00:00Z,2026-08-21T16:13:41Z,,"Fri, 21 Aug 2026 16:13:41 GMT",2026-08-21T16:12:51Z,Baltimore Ravens,New Orleans Saints,draftkings,-360,285,-7.5,-110,7.5,-110,46.5,-110,-110
2026-08-21,NFL,0283a29e1b38ef78b29b904fd56a16dd,2026-09-20T17:00:00Z,2026-08-21T16:13:41Z,,"Fri, 21 Aug 2026 16:13:41 GMT",2026-08-21T16:12:51Z,Chicago Bears,Minnesota Vikings,draftkings,-205,170,-3.5,-110,3.5,-110,45.5,-110,-110
2026-08-21,NFL,36ad2fa722f4915ef23d2c81351261de,2026-09-20T17:00:00Z,2026-08-21T16:13:41Z,,"Fri, 21 Aug 2026 16:13:41 GMT",2026-08-21T16:12:51Z,Houston Texans,Cincinnati Bengals,draftkings,-135,114,-2.5,-110,2.5,-110,46.5,-110,-110
2026-08-21,NFL,0636ebff776d43f8c829a36713c80b22,2026-09-20T17:00:00Z,2026-08-21T16:13:41Z,,"Fri, 21 Aug 2026 16:13:41 GMT",2026-08-21T16:12:51Z,Tampa Bay Buccaneers,Cleveland Browns,draftkings,-245,200,-5.5,-110,5.5,-110,42.5,-110,-110
2026-08-21,NFL,4aeee070bb6ec60bdfae4dede61b9014,2026-09-20T17:00:00Z,2026-08-21T16:13:41Z,,"Fri, 21 Aug 2026 16:13:41 GMT",2026-08-21T16:12:51Z,New York Jets,Green Bay Packers,draftkings,200,-245,5.5,-110,-5.5,-110,42.5,-110,-110
2026-08-21,NFL,9d14f87600f6edc74dbcb5c74edf6246,2026-09-20T17:00:00Z,2026-08-21T16:13:41Z,,"Fri, 21 Aug 2026 16:13:41 GMT",2026-08-21T16:12:51Z,New England Patriots,Pittsburgh Steelers,draftkings,-218,180,-4.5,-110,4.5,-110,43.5,-110,-110
2026-08-21,NFL,fafc649c455e32a0f2ba1bd06e2039bc,2026-09-20T17:00:00Z,2026-08-21T16:13:41Z,,"Fri, 21 Aug 2026 16:13:41 GMT",2026-08-21T16:12:51Z,Tennessee Titans,Philadelphia Eagles,draftkings,170,-205,4.5,-110,-4.5,-110,42.5,-110,-110
2026-08-21,NFL,1fd6628c781f556a7a19638e97d7107f,2026-09-20T20:05:00Z,2026-08-21T16:13:41Z,,"Fri, 21 Aug 2026 16:13:41 GMT",2026-08-21T16:12:51Z,Denver Broncos,Jacksonville Jaguars,draftkings,-142,120,-2.5,-115,2.5,-105,43.5,-110,-110
2026-08-21,NFL,71b3b83747589efdc5baef2c5cf811bf,2026-09-20T20:05:00Z,2026-08-21T16:13:41Z,,"Fri, 21 Aug 2026 16:13:41 GMT",2026-08-21T16:12:51Z,Los Angeles Chargers,Las Vegas Raiders,draftkings,-375,295,-8.5,-110,8.5,-110,42.5,-110,-110
2026-08-21,NFL,4dd8020192a544385db42374e5555303,2026-09-20T20:25:00Z,2026-08-21T16:13:41Z,,"Fri, 21 Aug 2026 16:13:41 GMT",2026-08-21T16:12:51Z,Arizona Cardinals,Seattle Seahawks,draftkings,400,-535,10.0,-110,-10.0,-110,44.5,-110,-110
2026-08-21,NFL,85ef85098ddd22fe4ecf45e7e3c0a9c0,2026-09-20T20:25:00Z,2026-08-21T16:13:41Z,,"Fri, 21 Aug 2026 16:13:41 GMT",2026-08-21T16:12:51Z,Dallas Cowboys,Washington Commanders,draftkings,-205,170,-4.5,-105,4.5,-115,51.5,-110,-110
2026-08-21,NFL,68bc55903f50af4af4766adcc89fcc61,2026-09-20T20:25:00Z,2026-08-21T16:13:41Z,,"Fri, 21 Aug 2026 16:13:41 GMT",2026-08-21T16:12:51Z,San Francisco 49ers,Miami Dolphins,draftkings,-650,470,-10.5,-110,10.5,-110,46.5,-110,-110
2026-08-21,NFL,50bc247030707d823b9c3581d7eb5760,2026-09-21T00:20:00Z,2026-08-21T16:13:41Z,,"Fri, 21 Aug 2026 16:13:41 GMT",2026-08-21T16:12:51Z,Kansas City Chiefs,Indianapolis Colts,draftkings,-298,240,-6.5,-110,6.5,-110,47.5,-110,-110
2026-08-21,NFL,32367f882fac1a0c20a6335619922025,2026-09-22T00:15:00Z,2026-08-21T16:13:41Z,,"Fri, 21 Aug 2026 16:13:41 GMT",2026-08-21T16:12:51Z,Los Angeles Rams,New York Giants,draftkings,-380,300,-8.5,-110,8.5,-110,48.5,-110,-110
2026-08-21,NFL,e5fbd3b3953b896b1bf897ddadb3cc4b,2026-09-25T00:15:00Z,2026-08-21T16:13:41Z,,"Fri, 21 Aug 2026 16:13:41 GMT",2026-08-21T16:12:51Z,Green Bay Packers,Atlanta Falcons,draftkings,-375,295,-7.5,-110,7.5,-110,46.5,-110,-110
2026-08-21,NFL,b225458a282e140c44c45651255f2f6c,2026-09-27T17:00:00Z,2026-08-21T16:13:41Z,,"Fri, 21 Aug 2026 16:13:41 GMT",2026-08-21T16:12:51Z,Buffalo Bills,Los Angeles Chargers,draftkings,-162,136,-3.0,-110,3.0,-110,48.5,-110,-110
2026-08-21,NFL,613b8cd3a5fab58f7be4e3fd6f76223e,2026-09-27T17:00:00Z,2026-08-21T16:13:41Z,,"Fri, 21 Aug 2026 16:13:41 GMT",2026-08-21T16:12:51Z,Cleveland Browns,Carolina Panthers,draftkings,105,-125,1.5,-110,-1.5,-110,39.5,-110,-110
2026-08-21,NFL,71123be049587b6facce3a20c53e5d09,2026-09-27T17:00:00Z,2026-08-21T16:13:41Z,,"Fri, 21 Aug 2026 16:13:41 GMT",2026-08-21T16:12:51Z,Pittsburgh Steelers,Cincinnati Bengals,draftkings,105,-125,1.5,-110,-1.5,-110,46.5,-118,-102
2026-08-21,NFL,07f552badfa8a565d1be22123713e4da,2026-09-27T17:00:00Z,2026-08-21T16:13:41Z,,"Fri, 21 Aug 2026 16:13:41 GMT",2026-08-21T16:12:51Z,Detroit Lions,New York Jets,draftkings,-425,330,-9.5,-110,9.5,-110,45.5,-110,-110
2026-08-21,NFL,17a730b7d399feeab6a78c30767c29d2,2026-09-27T17:00:00Z,2026-08-21T16:13:41Z,,"Fri, 21 Aug 2026 16:13:41 GMT",2026-08-21T16:12:51Z,Indianapolis Colts,Houston Texans,draftkings,102,-122,1.5,-110,-1.5,-110,45.5,-110,-110
2026-08-21,NFL,1f3cfd315a24d1a7dd5859a8e6b88e18,2026-09-27T17:00:00Z,2026-08-21T16:13:41Z,,"Fri, 21 Aug 2026 16:13:41 GMT",2026-08-21T16:12:51Z,Jacksonville Jaguars,New England Patriots,draftkings,-118,-102,-1.5,-105,1.5,-115,45.5,-110,-110
2026-08-21,NFL,0339a0e41bcee12820eb3e64bb5fadb4,2026-09-27T17:00:00Z,2026-08-21T16:13:41Z,,"Fri, 21 Aug 2026 16:13:41 GMT",2026-08-21T16:12:51Z,Miami Dolphins,Kansas City Chiefs,draftkings,295,-375,7.5,-110,-7.5,-110,44.5,-110,-110
2026-08-21,NFL,555afd4a27aaa392662881cffa8f2eef,2026-09-27T17:00:00Z,2026-08-21T16:13:41Z,,"Fri, 21 Aug 2026 16:13:41 GMT",2026-08-21T16:12:51Z,New York Giants,Tennessee Titans,draftkings,-166,140,-3.0,-115,3.0,-105,44.5,-110,-110
2026-08-21,NFL,2a529c108305ffa049d8b6cfdbaa4d36,2026-09-27T17:00:00Z,2026-08-21T16:13:41Z,,"Fri, 21 Aug 2026 16:13:41 GMT",2026-08-21T16:12:51Z,Washington Commanders,Seattle Seahawks,draftkings,160,-192,3.5,-110,-3.5,-110,46.5,-110,-110
2026-08-21,NFL,9d2b09e0f9b6dd5ce0d985894f4f98fa,2026-09-27T20:05:00Z,2026-08-21T16:13:41Z,,"Fri, 21 Aug 2026 16:13:41 GMT",2026-08-21T16:12:51Z,San Francisco 49ers,Arizona Cardinals,draftkings,-650,470,-11.5,-110,11.5,-110,46.5,-110,-110
2026-08-21,NFL,f1724dead3eab61546033032fc782375,2026-09-27T20:05:00Z,2026-08-21T16:13:41Z,,"Fri, 21 Aug 2026 16:13:41 GMT",2026-08-21T16:12:51Z,Tampa Bay Buccaneers,Minnesota Vikings,draftkings,-125,105,-1.5,-110,1.5,-110,44.5,-110,-110
2026-08-21,NFL,84cfca14efc21363fd605508404cf1ff,2026-09-27T20:25:00Z,2026-08-21T16:13:41Z,,"Fri, 21 Aug 2026 16:13:41 GMT",2026-08-21T16:12:51Z,Dallas Cowboys,Baltimore Ravens,draftkings,114,-135,2.5,-110,-2.5,-110,51.5,-110,-110
2026-08-21,NFL,2e523fcb0497aa689473e290eb2b97de,2026-09-27T20:25:00Z,2026-08-21T16:13:41Z,,"Fri, 21 Aug 2026 16:13:41 GMT",2026-08-21T16:12:51Z,New Orleans Saints,Las Vegas Raiders,draftkings,-185,154,-3.5,-110,3.5,-110,42.5,-110,-110
2026-08-21,NFL,3bfd8bfb4b8e9a365a0877879b73b16b,2026-09-28T00:20:00Z,2026-08-21T16:13:41Z,,"Fri, 21 Aug 2026 16:13:41 GMT",2026-08-21T16:12:51Z,Denver Broncos,Los Angeles Rams,draftkings,130,-155,3.0,-110,-3.0,-110,45.5,-110,-110
2026-08-21,NFL,47dc7baa254659f3beb2ed2b38c207b6,2026-09-29T00:15:00Z,2026-08-21T16:13:41Z,,"Fri, 21 Aug 2026 16:13:41 GMT",2026-08-21T16:12:51Z,Chicago Bears,Philadelphia Eagles,draftkings,-118,-102,-1.5,-105,1.5,-115,46.5,-110,-110
2026-08-21,NFL,d55cb69fed50a09170560b5b75d8de86,2026-10-02T00:15:00Z,2026-08-21T16:13:41Z,,"Fri, 21 Aug 2026 16:13:41 GMT",2026-08-21T16:12:51Z,Cleveland Browns,Pittsburgh Steelers,draftkings,114,-135,2.5,-110,-2.5,-110,40.5,-110,-110
2026-08-21,NFL,c9d8ed8aa4889486eaf10a630138ede0,2026-10-04T13:30:00Z,2026-08-21T16:13:41Z,,"Fri, 21 Aug 2026 16:13:41 GMT",2026-08-21T16:12:51Z,Washington Commanders,Indianapolis Colts,draftkings,-118,-102,-1.5,-105,1.5,-115,50.5,-110,-110
2026-08-21,NFL,c9d8ed8aa4889486eaf10a630138ede0,2026-10-04T13:30:00Z,2026-08-21T16:13:41Z,,"Fri, 21 Aug 2026 16:13:41 GMT",2026-08-21T16:13:38Z,Washington Commanders,Indianapolis Colts,fanduel,106,-124,1.5,-110,-1.5,-110,49.5,-110,-110
2026-08-21,NFL,664e6bda5721dc63be16bcf7d962a436,2026-10-04T17:00:00Z,2026-08-21T16:13:41Z,,"Fri, 21 Aug 2026 16:13:41 GMT",2026-08-21T16:12:51Z,New York Giants,Arizona Cardinals,draftkings,-325,260,-7.0,-110,7.0,-110,45.5,-110,-110
2026-08-21,NFL,f01589b0e7e6dd4f4ac1220a1db81f53,2026-10-04T17:00:00Z,2026-08-21T16:13:41Z,,"Fri, 21 Aug 2026 16:13:41 GMT",2026-08-21T16:12:51Z,Baltimore Ravens,Tennessee Titans,draftkings,-395,310,-8.5,-110,8.5,-110,47.5,-110,-110
2026-08-21,NFL,573cc0ef39631a4f6673ec843a8bedd4,2026-10-04T17:00:00Z,2026-08-21T16:13:41Z,,"Fri, 21 Aug 2026 16:13:41 GMT",2026-08-21T16:12:51Z,Buffalo Bills,New England Patriots,draftkings,-166,140,-3.0,-110,3.0,-110,49.5,-110,-110
2026-08-21,NFL,164e6eb68f31bac190381903c3cccd31,2026-10-04T17:00:00Z,2026-08-21T16:13:41Z,,"Fri, 21 Aug 2026 16:13:41 GMT",2026-08-21T16:12:51Z,Chicago Bears,New York Jets,draftkings,-410,320,-8.5,-110,8.5,-110,45.5,-110,-110
2026-08-21,NFL,2ea94ddf20f66432b9024fe2e2eaba5f,2026-10-04T17:00:00Z,2026-08-21T16:13:41Z,,"Fri, 21 Aug 2026 16:13:41 GMT",2026-08-21T16:12:51Z,Cincinnati Bengals,Jacksonville Jaguars,draftkings,-142,120,-2.5,-110,2.5,-110,51.5,-110,-110
2026-08-21,NFL,daf55e2df5341c007fee5a0fc5bbc2d4,2026-10-04T17:00:00Z,2026-08-21T16:13:41Z,,"Fri, 21 Aug 2026 16:13:41 GMT",2026-08-21T16:12:51Z,Houston Texans,Dallas Cowboys,draftkings,-135,114,-2.5,-110,2.5,-110,47.5,-110,-110
2026-08-21,NFL,99a9bae4dc0dc2590496bd3102b211f2,2026-10-04T17:00:00Z,2026-08-21T16:13:41Z,,"Fri, 21 Aug 2026 16:13:41 GMT",2026-08-21T16:12:51Z,Tampa Bay Buccaneers,Green Bay Packers,draftkings,105,-125,1.5,-110,-1.5,-110,47.5,-110,-110
2026-08-21,NFL,1b4f2e60ce83fa1d63a5dff83769d27c,2026-10-04T17:00:00Z,2026-08-21T16:13:41Z,,"Fri, 21 Aug 2026 16:13:41 GMT",2026-08-21T16:12:51Z,Philadelphia Eagles,Los Angeles Rams,draftkings,105,-125,1.5,-110,-1.5,-110,47.5,-110,-110
2026-08-21,NFL,c327223d76a3b7b0db8c6c104442f44b,2026-10-04T20:05:00Z,2026-08-21T16:13:41Z,,"Fri, 21 Aug 2026 16:13:41 GMT",2026-08-21T16:12:51Z,Minnesota Vikings,Miami Dolphins,draftkings,-395,310,-7.5,-110,7.5,-110,43.5,-110,-110
2026-08-21,NFL,a7e7efb75a9792ac63480ae6328dca18,2026-10-04T20:25:00Z,2026-08-21T16:13:41Z,,"Fri, 21 Aug 2026 16:13:41 GMT",2026-08-21T16:12:51Z,San Francisco 49ers,Denver Broncos,draftkings,-142,120,-2.5,-110,2.5,-110,46.5,-110,-110
2026-08-21,NFL,e0cbd266dcf997089203a1b33ba0333d,2026-10-04T20:25:00Z,2026-08-21T16:13:41Z,,"Fri, 21 Aug 2026 16:13:41 GMT",2026-08-21T16:12:51Z,Las Vegas Raiders,Kansas City Chiefs,draftkings,190,-230,5.5,-110,-5.5,-110,43.5,-110,-110
2026-08-21,NFL,96d2373cda647873b971f268482bced0,2026-10-04T20:25:00Z,2026-08-21T16:13:41Z,,"Fri, 21 Aug 2026 16:13:41 GMT",2026-08-21T16:12:51Z,Seattle Seahawks,Los Angeles Chargers,draftkings,-175,145,-3.0,-115,3.0,-105,45.5,-110,-110
2026-08-21,NFL,a73a76599a4f3422803e57bd8f61b626,2026-10-05T00:20:00Z,2026-08-21T16:13:41Z,,"Fri, 21 Aug 2026 16:13:41 GMT",2026-08-21T16:12:51Z,Carolina Panthers,Detroit Lions,draftkings,136,-162,3.0,-110,-3.0,-110,47.5,-110,-110
2026-08-21,NFL,8bd90781e17e6d97df3941063cedae1e,2026-10-06T00:15:00Z,2026-08-21T16:13:41Z,,"Fri, 21 Aug 2026 16:13:41 GMT",2026-08-21T16:12:51Z,New Orleans Saints,Atlanta Falcons,draftkings,-135,114,-2.5,-110,2.5,-110,45.5,-115,-105
2026-08-21,NFL,259b5df9aa0d10257f56de78523495e0,2026-10-09T00:15:00Z,2026-08-21T16:13:41Z,,"Fri, 21 Aug 2026 16:13:41 GMT",2026-08-21T16:12:51Z,Dallas Cowboys,Tampa Bay Buccaneers,draftkings,-205,170,-3.5,-110,3.5,-110,52.5,-110,-110
2026-08-21,NFL,21b26266f3d78af02eb672e606275d95,2026-10-11T13:30:00Z,2026-08-21T16:13:41Z,,"Fri, 21 Aug 2026 16:13:41 GMT",2026-08-21T16:12:51Z,Jacksonville Jaguars,Philadelphia Eagles,draftkings,105,-125,1.5,-110,-1.5,-110,45.5,-110,-110
2026-08-21,NFL,21b26266f3d78af02eb672e606275d95,2026-10-11T13:30:00Z,2026-08-21T16:13:41Z,,"Fri, 21 Aug 2026 16:13:41 GMT",2026-08-21T16:13:38Z,Jacksonville Jaguars,Philadelphia Eagles,fanduel,102,-120,1.5,-112,-1.5,-108,44.5,-104,-118
2026-08-21,NFL,c4647ca1201e6768501877267ca8251b,2026-10-11T17:00:00Z,2026-08-21T16:13:41Z,,"Fri, 21 Aug 2026 16:13:41 GMT",2026-08-21T16:12:51Z,Miami Dolphins,Cincinnati Bengals,draftkings,220,-270,6.0,-110,-6.0,-110,49.5,-110,-110
2026-08-21,NFL,9db4ed15fe34fca1fb62f040cd244591,2026-10-11T17:00:00Z,2026-08-21T16:13:41Z,,"Fri, 21 Aug 2026 16:13:41 GMT",2026-08-21T16:12:51Z,New York Jets,Cleveland Browns,draftkings,-130,110,-2.5,-105,2.5,-115,39.5,-110,-110
2026-08-21,NFL,cc52bba56e74f5cddbe9011046181c3d,2026-10-11T17:00:00Z,2026-08-21T16:13:41Z,,"Fri, 21 Aug 2026 16:13:41 GMT",2026-08-21T16:12:51Z,Tennessee Titans,Houston Texans,draftkings,154,-185,3.5,-110,-3.5,-110,43.5,-110,-110
2026-08-21,NFL,448d7cf18c6db4c811ed82ded1b72867,2026-10-11T17:00:00Z,2026-08-21T16:13:41Z,,"Fri, 21 Aug 2026 16:13:41 GMT",2026-08-21T16:12:51Z,Pittsburgh Steelers,Indianapolis Colts,draftkings,-142,120,-2.5,-110,2.5,-110,47.5,-110,-110
2026-08-21,NFL,6b024bad1abb54f597225e4ab9b39d89,2026-10-11T17:00:00Z,2026-08-21T16:13:41Z,,"Fri, 21 Aug 2026 16:13:41 GMT",2026-08-21T16:12:51Z,New England Patriots,Las Vegas Raiders,draftkings,-410,320,-8.5,-110,8.5,-110,44.5,-110,-110
2026-08-21,NFL,2cda9bf0fbe35a2735f0dd8aaafe9eff,2026-10-11T17:00:00Z,2026-08-21T16:13:41Z,,"Fri, 21 Aug 2026 16:13:41 GMT",2026-08-21T16:12:51Z,New Orleans Saints,Minnesota Vikings,draftkings,105,-125,1.5,-110,-1.5,-110,44.5,-110,-110
2026-08-21,NFL,fbffd0b7722fd81d68d5d62472dc80e8,2026-10-11T17:00:00Z,2026-08-21T16:13:41Z,,"Fri, 21 Aug 2026 16:13:41 GMT",2026-08-21T16:12:51Z,Washington Commanders,New York Giants,draftkings,-130,110,-1.5,-115,1.5,-105,48.5,-110,-110
2026-08-21,NFL,d1d408fdfd272046fb517fe992a1c5a0,2026-10-11T20:05:00Z,2026-08-21T16:13:41Z,,"Fri, 21 Aug 2026 16:13:41 GMT",2026-08-21T16:12:51Z,Los Angeles Chargers,Denver Broncos,draftkings,-135,114,-2.5,-110,2.5,-110,44.5,-110,-110
2026-08-21,NFL,f8e7f43f73aa983c5c99c189587f0118,2026-10-11T20:25:00Z,2026-08-21T16:13:41Z,,"Fri, 21 Aug 2026 16:13:41 GMT",2026-08-21T16:12:51Z,Arizona Cardinals,Detroit Lions,draftkings,310,-395,8.5,-110,-8.5,-110,48.5,-110,-110
2026-08-21,NFL,2caea57b1e5cfbba1334cfbfd46f6771,2026-10-11T20:25:00Z,2026-08-21T16:13:41Z,,"Fri, 21 Aug 2026 16:13:41 GMT",2026-08-21T16:12:51Z,Green Bay Packers,Chicago Bears,draftkings,-166,140,-3.0,-110,3.0,-110,49.5,-110,-110
2026-08-21,NFL,8e5d515b10d8a5ffb324640ed60bcc55,2026-10-11T20:25:00Z,2026-08-21T16:13:41Z,,"Fri, 21 Aug 2026 16:13:41 GMT",2026-08-21T16:12:51Z,Seattle Seahawks,San Francisco 49ers,draftkings,-205,170,-3.5,-110,3.5,-110,48.5,-110,-110
2026-08-21,NFL,86457f91112732f21ad4bb7d37bd291c,2026-10-12T00:20:00Z,2026-08-21T16:13:41Z,,"Fri, 21 Aug 2026 16:13:41 GMT",2026-08-21T16:12:51Z,Atlanta Falcons,Baltimore Ravens,draftkings,164,-198,4.5,-110,-4.5,-110,48.5,-110,-110
2026-08-21,NFL,e6d00eedd87d367e510314bd8cab8f6f,2026-10-13T00:15:00Z,2026-08-21T16:13:41Z,,"Fri, 21 Aug 2026 16:13:41 GMT",2026-08-21T16:12:51Z,Los Angeles Rams,Buffalo Bills,draftkings,-166,140,-3.0,-110,3.0,-110,53.5,-110,-110
2026-08-21,NFL,855f58fad5f0f14b239f4f63df27998b,2026-10-16T00:15:00Z,2026-08-21T16:13:41Z,,"Fri, 21 Aug 2026 16:13:41 GMT",2026-08-21T16:12:51Z,Denver Broncos,Seattle Seahawks,draftkings,110,-130,2.5,-115,-2.5,-105,43.5,-110,-110
2026-08-21,NFL,57418b2cf5aca558b3c98eafac1e264a,2026-10-18T13:30:00Z,2026-08-21T16:13:41Z,,"Fri, 21 Aug 2026 16:13:41 GMT",2026-08-21T16:12:51Z,Jacksonville Jaguars,Houston Texans,draftkings,-112,-108,-1.5,102,1.5,-122,42.5,-110,-110
2026-08-21,NFL,57418b2cf5aca558b3c98eafac1e264a,2026-10-18T13:30:00Z,2026-08-21T16:13:41Z,,"Fri, 21 Aug 2026 16:13:41 GMT",2026-08-21T16:13:38Z,Jacksonville Jaguars,Houston Texans,fanduel,-104,-112,1.5,-118,-1.5,-104,40.5,-115,-105
2026-08-21,NFL,7c312fdf24fb35f58b0e07c2932cc997,2026-10-18T17:00:00Z,2026-08-21T16:13:41Z,,"Fri, 21 Aug 2026 16:13:41 GMT",2026-08-21T16:12:51Z,Atlanta Falcons,Chicago Bears,draftkings,130,-155,3.0,-110,-3.0,-110,47.5,-110,-110
2026-08-21,NFL,e86227938fd3cf008fc5648fb5128344,2026-10-18T17:00:00Z,2026-08-21T16:13:41Z,,"Fri, 21 Aug 2026 16:13:41 GMT",2026-08-21T16:12:51Z,Cleveland Browns,Baltimore Ravens,draftkings,205,-250,6.5,-110,-6.5,-110,44.5,-110,-110
2026-08-21,NFL,caca2d752fe1a1779029082e95332fcc,2026-10-18T17:00:00Z,2026-08-21T16:13:41Z,,"Fri, 21 Aug 2026 16:13:41 GMT",2026-08-21T16:12:51Z,Philadelphia Eagles,Carolina Panthers,draftkings,-278,225,-6.5,-110,6.5,-110,43.5,-110,-110
2026-08-21,NFL,84aa9e190e625d7e9cd67e1f157a45b4,2026-10-18T17:00:00Z,2026-08-21T16:13:41Z,,"Fri, 21 Aug 2026 16:13:41 GMT",2026-08-21T16:12:51Z,Indianapolis Colts,Tennessee Titans,draftkings,-192,160,-3.5,-110,3.5,-110,47.5,-110,-110
2026-08-21,NFL,0b0b582b32b09ab6ff6664ffae0c9653,2026-10-18T17:00:00Z,2026-08-21T16:13:41Z,,"Fri, 21 Aug 2026 16:13:41 GMT",2026-08-21T16:12:51Z,New England Patriots,New York Jets,draftkings,-455,350,-9.5,-110,9.5,-110,42.5,-110,-110
2026-08-21,NFL,1cf74afd313e9fd300e1462012b174cb,2026-10-18T17:00:00Z,2026-08-21T16:13:41Z,,"Fri, 21 Aug 2026 16:13:41 GMT",2026-08-21T16:12:51Z,New York Giants,New Orleans Saints,draftkings,-135,114,-2.5,-110,2.5,-110,44.5,-110,-110
2026-08-21,NFL,27f3994841ce8081c0b7349cf3d1e3d7,2026-10-18T17:00:00Z,2026-08-21T16:13:41Z,,"Fri, 21 Aug 2026 16:13:41 GMT",2026-08-21T16:12:51Z,Tampa Bay Buccaneers,Pittsburgh Steelers,draftkings,-125,105,-1.5,-110,1.5,-110,45.5,-110,-110
2026-08-21,NFL,3729ac6d2a66b642850caf2044cdc658,2026-10-18T20:05:00Z,2026-08-21T16:13:41Z,,"Fri, 21 Aug 2026 16:13:41 GMT",2026-08-21T16:12:51Z,Los Angeles Rams,Arizona Cardinals,draftkings,-700,500,-13.5,-110,13.5,-110,47.5,-110,-110
2026-08-21,NFL,45b2690b350ed45145c7a716b18e8e66,2026-10-18T20:25:00Z,2026-08-21T16:13:41Z,,"Fri, 21 Aug 2026 16:13:41 GMT",2026-08-21T16:12:51Z,Las Vegas Raiders,Buffalo Bills,draftkings,220,-270,6.5,-110,-6.5,-110,47.5,-110,-110
2026-08-21,NFL,20fefae8c296247460ba5773caa42218,2026-10-18T20:25:00Z,2026-08-21T16:13:41Z,,"Fri, 21 Aug 2026 16:13:41 GMT",2026-08-21T16:12:51Z,Kansas City Chiefs,Los Angeles Chargers,draftkings,-142,120,-2.5,-110,2.5,-110,46.5,-110,-110
2026-08-21,NFL,82fd5a159fa130e67abab93a9537f70b,2026-10-19T00:20:00Z,2026-08-21T16:13:41Z,,"Fri, 21 Aug 2026 16:13:41 GMT",2026-08-21T16:12:51Z,Green Bay Packers,Dallas Cowboys,draftkings,-166,140,-3.0,-110,3.0,-110,51.5,-110,-110
2026-08-21,NFL,f122527f003276d3bca19efa48c902c1,2026-10-20T00:15:00Z,2026-08-21T16:13:41Z,,"Fri, 21 Aug 2026 16:13:41 GMT",2026-08-21T16:12:51Z,San Francisco 49ers,Washington Commanders,draftkings,-258,210,-5.5,-110,5.5,-110,50.5,-110,-110
2026-08-21,NFL,ffebea881c1d7b2dfb85b3e590c35985,2026-10-23T00:15:00Z,2026-08-21T16:13:41Z,,"Fri, 21 Aug 2026 16:13:41 GMT",2026-08-21T16:12:51Z,Chicago Bears,New England Patriots,draftkings,-125,105,-1.5,-110,1.5,-110,47.5,-110,-110
2026-08-21,NFL,2e710ea5a306b614f0f966e3d78732f8,2026-10-25T13:30:00Z,2026-08-21T16:13:41Z,,"Fri, 21 Aug 2026 16:13:41 GMT",2026-08-21T16:12:51Z,New Orleans Saints,Pittsburgh Steelers,draftkings,120,-142,2.5,-110,-2.5,-110,42.5,-110,-110
2026-08-21,NFL,2e710ea5a306b614f0f966e3d78732f8,2026-10-25T13:30:00Z,2026-08-21T16:13:41Z,,"Fri, 21 Aug 2026 16:13:41 GMT",2026-08-21T16:13:38Z,New Orleans Saints,Pittsburgh Steelers,fanduel,110,-130,1.5,-105,-1.5,-115,40.5,-118,-104
2026-08-21,NFL,b1be064fb52a198a62109c279e7ab24c,2026-10-25T17:00:00Z,2026-08-21T16:13:41Z,,"Fri, 21 Aug 2026 16:13:41 GMT",2026-08-21T16:12:51Z,Atlanta Falcons,San Francisco 49ers,draftkings,180,-218,4.5,-110,-4.5,-110,47.5,-110,-110
2026-08-21,NFL,550ec5290f935d311995affbcb0b5c79,2026-10-25T17:00:00Z,2026-08-21T16:13:41Z,,"Fri, 21 Aug 2026 16:13:41 GMT",2026-08-21T16:12:51Z,Baltimore Ravens,Cincinnati Bengals,draftkings,-185,154,-3.5,-110,3.5,-110,51.5,-110,-110
2026-08-21,NFL,2823e986597c449ab94126cd5ed3fae9,2026-10-25T17:00:00Z,2026-08-21T16:13:41Z,,"Fri, 21 Aug 2026 16:13:41 GMT",2026-08-21T16:12:51Z,Carolina Panthers,Tampa Bay Buccaneers,draftkings,105,-125,1.5,-110,-1.5,-110,45.5,-110,-110
2026-08-21,NFL,5dce18baccec5d3ad5fb3a3ce52f7619,2026-10-25T17:00:00Z,2026-08-21T16:13:41Z,,"Fri, 21 Aug 2026 16:13:41 GMT",2026-08-21T16:12:51Z,Tennessee Titans,Cleveland Browns,draftkings,-135,114,-2.5,-110,2.5,-110,40.5,-110,-110
2026-08-21,NFL,2bba7fde6f97d0e54403d53676e4ab63,2026-10-25T17:00:00Z,2026-08-21T16:13:41Z,,"Fri, 21 Aug 2026 16:13:41 GMT",2026-08-21T16:12:51Z,Houston Texans,New York Giants,draftkings,-238,195,-5.5,-110,5.5,-110,43.5,-110,-110
2026-08-21,NFL,f3992ad4496724baf7dcd1ef58245d6b,2026-10-25T17:00:00Z,2026-08-21T16:13:41Z,,"Fri, 21 Aug 2026 16:13:41 GMT",2026-08-21T16:12:51Z,Minnesota Vikings,Indianapolis Colts,draftkings,-142,120,-2.5,-110,2.5,-110,46.5,-110,-110
2026-08-21,NFL,be5dd120ca08b43d647b6caa8953500a,2026-10-25T17:00:00Z,2026-08-21T16:13:41Z,,"Fri, 21 Aug 2026 16:13:41 GMT",2026-08-21T16:12:51Z,New York Jets,Miami Dolphins,draftkings,-142,120,-2.5,-110,2.5,-110,41.5,-110,-110
2026-08-21,NFL,436119bb3ccdaa6ed7808aa3ebd82b76,2026-10-25T20:05:00Z,2026-08-21T16:13:41Z,,"Fri, 21 Aug 2026 16:13:41 GMT",2026-08-21T16:12:51Z,Arizona Cardinals,Denver Broncos,draftkings,280,-355,7.5,-110,-7.5,-110,43.5,-110,-110
2026-08-21,NFL,e8e5715eefb6a9ce64765e9ddf49c0cc,2026-10-25T20:25:00Z,2026-08-21T16:13:41Z,,"Fri, 21 Aug 2026 16:13:41 GMT",2026-08-21T16:12:51Z,Detroit Lions,Green Bay Packers,draftkings,-142,120,-2.5,-110,2.5,-110,50.5,-110,-110
2026-08-21,NFL,f7679cf18454e4d88a8f2b990c3f08ac,2026-10-25T20:25:00Z,2026-08-21T16:13:41Z,,"Fri, 21 Aug 2026 16:13:41 GMT",2026-08-21T16:12:51Z,Las Vegas Raiders,Los Angeles Rams,draftkings,270,-340,7.5,-110,-7.5,-110,46.5,-110,-110
2026-08-21,NFL,176d474ed8b2bbf1eb4d7e9c56b4bf22,2026-10-26T00:20:00Z,2026-08-21T16:13:41Z,,"Fri, 21 Aug 2026 16:13:41 GMT",2026-08-21T16:12:51Z,Seattle Seahawks,Kansas City Chiefs,draftkings,-166,140,-3.0,-110,3.0,-110,45.5,-110,-110
2026-08-21,NFL,4853610e63c246f2027a6a248e642c9a,2026-10-27T00:15:00Z,2026-08-21T16:13:41Z,,"Fri, 21 Aug 2026 16:13:41 GMT",2026-08-21T16:12:51Z,Philadelphia Eagles,Dallas Cowboys,draftkings,-162,136,-3.0,-110,3.0,-110,48.5,-110,-110
2026-08-21,NFL,ab2865e9f2d4b012de8bc6fb6de11a7c,2026-10-30T00:15:00Z,2026-08-21T16:13:41Z,,"Fri, 21 Aug 2026 16:13:41 GMT",2026-08-21T16:12:51Z,Green Bay Packers,Carolina Panthers,draftkings,-340,270,-7.0,-110,7.0,-110,45.5,-110,-110
2026-08-21,NFL,9255ca8f32aea590d00aa57de79f6bb6,2026-11-01T18:00:00Z,2026-08-21T16:13:41Z,,"Fri, 21 Aug 2026 16:13:41 GMT",2026-08-21T16:12:51Z,Dallas Cowboys,Arizona Cardinals,draftkings,-535,400,-10.5,-110,10.5,-110,47.5,-110,-110
2026-08-21,NFL,921859689f5f8b3b8b1caf4248bdb1ec,2026-11-01T18:00:00Z,2026-08-21T16:13:41Z,,"Fri, 21 Aug 2026 16:13:41 GMT",2026-08-21T16:12:51Z,Tampa Bay Buccaneers,Atlanta Falcons,draftkings,-218,180,-4.5,-110,4.5,-110,46.5,-110,-110
2026-08-21,NFL,c93c421e5fa46031a43162d111d981d0,2026-11-01T18:00:00Z,2026-08-21T16:13:41Z,,"Fri, 21 Aug 2026 16:13:41 GMT",2026-08-21T16:12:51Z,Buffalo Bills,Baltimore Ravens,draftkings,-135,114,-2.5,-110,2.5,-110,51.5,-110,-110
2026-08-21,NFL,9c5d8f57e0ba0fbd9ef436c1f0898f99,2026-11-01T18:00:00Z,2026-08-21T16:13:41Z,,"Fri, 21 Aug 2026 16:13:41 GMT",2026-08-21T16:12:51Z,Cincinnati Bengals,Tennessee Titans,draftkings,-290,235,-6.5,-110,6.5,-110,49.5,-110,-110
2026-08-21,NFL,ab5ab731ab655bd6308bc7a922275518,2026-11-01T18:00:00Z,2026-08-21T16:13:41Z,,"Fri, 21 Aug 2026 16:13:41 GMT",2026-08-21T16:12:51Z,Pittsburgh Steelers,Cleveland Browns,draftkings,-258,210,-6.0,-110,6.0,-110,39.5,-110,-110
2026-08-21,NFL,52e7ee9c42525e6deec02da32dc2fad8,2026-11-01T18:00:00Z,2026-08-21T16:13:41Z,,"Fri, 21 Aug 2026 16:13:41 GMT",2026-08-21T16:12:51Z,Detroit Lions,Minnesota Vikings,draftkings,-218,180,-4.5,-110,4.5,-110,47.5,-110,-110
2026-08-21,NFL,159dbf0253dd2038eda2212f84387f0c,2026-11-01T18:00:00Z,2026-08-21T16:13:41Z,,"Fri, 21 Aug 2026 16:13:41 GMT",2026-08-21T16:12:51Z,Jacksonville Jaguars,Indianapolis Colts,draftkings,-218,180,-4.5,-110,4.5,-110,49.5,-110,-110
2026-08-21,NFL,98f1b121b793977434c046e76c707145,2026-11-01T18:00:00Z,2026-08-21T16:13:41Z,,"Fri, 21 Aug 2026 16:13:41 GMT",2026-08-21T16:12:51Z,New York Jets,Las Vegas Raiders,draftkings,-125,105,-1.5,-110,1.5,-110,40.5,-110,-110
2026-08-21,NFL,2ff84d3f6053d083c8c0a5bebf7cdd4c,2026-11-01T21:05:00Z,2026-08-21T16:13:41Z,,"Fri, 21 Aug 2026 16:13:41 GMT",2026-08-21T16:12:51Z,Los Angeles Rams,Los Angeles Chargers,draftkings,-198,164,-4.5,-105,4.5,-115,48.5,-110,-110
2026-08-21,NFL,f2a036d5edf483a277880014861e78ad,2026-11-01T21:25:00Z,2026-08-21T16:13:41Z,,"Fri, 21 Aug 2026 16:13:41 GMT",2026-08-21T16:12:51Z,Denver Broncos,Kansas City Chiefs,draftkings,-125,105,-1.5,-110,1.5,-110,43.5,-110,-110
2026-08-21,NFL,05405af79752f5e742cdf50b61f6745e,2026-11-01T21:25:00Z,2026-08-21T16:13:41Z,,"Fri, 21 Aug 2026 16:13:41 GMT",2026-08-21T16:12:51Z,Miami Dolphins,New England Patriots,draftkings,280,-355,7.0,-110,-7.0,-110,45.5,-110,-110
2026-08-21,NFL,b9c60db63b1a19ad319f24b33c0defe8,2026-11-02T01:20:00Z,2026-08-21T16:13:41Z,,"Fri, 21 Aug 2026 16:13:41 GMT",2026-08-21T16:12:51Z,Washington Commanders,Philadelphia Eagles,draftkings,105,-125,1.5,-110,-1.5,-110,46.5,-110,-110
2026-08-21,NFL,7d664fbcd39350e559d83c0068ba7169,2026-11-03T01:20:00Z,2026-08-21T16:13:41Z,,"Fri, 21 Aug 2026 16:13:41 GMT",2026-08-21T16:12:51Z,Seattle Seahawks,Chicago Bears,draftkings,-225,185,-4.5,-110,4.5,-110,47.5,-110,-110
2026-08-21,NFL,c75744790b7acf6260c78ba5e739c0e5,2026-11-06T01:15:00Z,2026-08-21T16:13:41Z,,"Fri, 21 Aug 2026 16:13:41 GMT",2026-08-21T16:12:51Z,Baltimore Ravens,Jacksonville Jaguars,draftkings,-205,170,-4.5,-110,4.5,-110,49.5,-110,-110
2026-08-21,NFL,dc56d980f527ffeef89940133b211b13,2026-11-08T14:30:00Z,2026-08-21T16:13:41Z,,"Fri, 21 Aug 2026 16:13:41 GMT",2026-08-21T16:12:51Z,Atlanta Falcons,Cincinnati Bengals,draftkings,190,-230,5.5,-110,-5.5,-110,49.5,-110,-110
2026-08-21,NFL,dc56d980f527ffeef89940133b211b13,2026-11-08T14:30:00Z,2026-08-21T16:13:41Z,,"Fri, 21 Aug 2026 16:13:41 GMT",2026-08-21T16:13:38Z,Atlanta Falcons,Cincinnati Bengals,fanduel,180,-215,4.5,-118,-4.5,-104,49.5,-105,-115
2026-08-21,NFL,014282b888c741b7d70c857c09f40aa7,2026-11-08T18:00:00Z,2026-08-21T16:13:41Z,,"Fri, 21 Aug 2026 16:13:41 GMT",2026-08-21T16:12:51Z,Carolina Panthers,Denver Broncos,draftkings,136,-162,3.0,-110,-3.0,-110,42.5,-110,-110
2026-08-21,NFL,e571bab6736f9338130a78a4f75c3231,2026-11-08T18:00:00Z,2026-08-21T16:13:41Z,,"Fri, 21 Aug 2026 16:13:41 GMT",2026-08-21T16:12:51Z,New Orleans Saints,Cleveland Browns,draftkings,-198,164,-3.5,-115,3.5,-105,41.5,-110,-110
2026-08-21,NFL,415fc42e72888c63e82f7bce24c65391,2026-11-08T18:00:00Z,2026-08-21T16:13:41Z,,"Fri, 21 Aug 2026 16:13:41 GMT",2026-08-21T16:12:51Z,Indianapolis Colts,Dallas Cowboys,draftkings,105,-125,1.5,-110,-1.5,-110,52.5,-110,-110
2026-08-21,NFL,44d8c37868b700e90f816db7c5df5cdd,2026-11-08T18:00:00Z,2026-08-21T16:13:41Z,,"Fri, 21 Aug 2026 16:13:41 GMT",2026-08-21T16:12:51Z,Miami Dolphins,Detroit Lions,draftkings,225,-278,6.5,-110,-6.5,-110,47.5,-110,-110
2026-08-21,NFL,e354e6a04b1cb9c96e549b863debb92e,2026-11-08T18:00:00Z,2026-08-21T16:13:41Z,,"Fri, 21 Aug 2026 16:13:41 GMT",2026-08-21T16:12:51Z,Kansas City Chiefs,New York Jets,draftkings,-395,310,-9.5,-110,9.5,-110,41.5,-110,-110
2026-08-21,NFL,89de07377e0aa8ffaa2ae6a7dc0855cc,2026-11-08T18:00:00Z,2026-08-21T16:13:41Z,,"Fri, 21 Aug 2026 16:13:41 GMT",2026-08-21T16:12:51Z,Washington Commanders,Los Angeles Rams,draftkings,180,-218,4.5,-105,-4.5,-115,50.5,-110,-110
2026-08-21,NFL,fe93e6ab1e553c0169936a0a983c324f,2026-11-08T18:00:00Z,2026-08-21T16:13:41Z,,"Fri, 21 Aug 2026 16:13:41 GMT",2026-08-21T16:12:51Z,Philadelphia Eagles,New York Giants,draftkings,-238,195,-5.5,-110,5.5,-110,44.5,-110,-110
2026-08-21,NFL,39aeac43cea7b12558b91cdab1255a10,2026-11-08T21:05:00Z,2026-08-21T16:13:41Z,,"Fri, 21 Aug 2026 16:13:41 GMT",2026-08-21T16:12:51Z,Los Angeles Chargers,Houston Texans,draftkings,-135,114,-2.5,-110,2.5,-110,43.5,-110,-110
2026-08-21,NFL,ac9d38a18d5c92814233a31aa9a48d78,2026-11-08T21:05:00Z,2026-08-21T16:13:41Z,,"Fri, 21 Aug 2026 16:13:41 GMT",2026-08-21T16:12:51Z,San Francisco 49ers,Las Vegas Raiders,draftkings,-440,340,-8.5,-110,8.5,-110,46.5,-110,-110
2026-08-21,NFL,240e23b02b1e3fef655d04a286b5a623,2026-11-08T21:25:00Z,2026-08-21T16:13:41Z,,"Fri, 21 Aug 2026 16:13:41 GMT",2026-08-21T16:12:51Z,Seattle Seahawks,Arizona Cardinals,draftkings,-850,575,-13.5,-110,13.5,-110,45.5,-110,-110
2026-08-21,NFL,2922c573ec3df8466c4a34975e446898,2026-11-08T21:25:00Z,2026-08-21T16:13:41Z,,"Fri, 21 Aug 2026 16:13:41 GMT",2026-08-21T16:12:51Z,New England Patriots,Green Bay Packers,draftkings,-125,105,-1.5,-110,1.5,-110,46.5,-110,-110
2026-08-21,NFL,9760d8f19f84bfee300a74ceb656c95d,2026-11-09T01:20:00Z,2026-08-21T16:13:41Z,,"Fri, 21 Aug 2026 16:13:41 GMT",2026-08-21T16:12:51Z,Chicago Bears,Tampa Bay Buccaneers,draftkings,-192,160,-3.5,-110,3.5,-110,48.5,-110,-110
2026-08-21,NFL,17ad7eff2f7875e20a8109abe40470e3,2026-11-10T01:15:00Z,2026-08-21T16:13:41Z,,"Fri, 21 Aug 2026 16:13:41 GMT",2026-08-21T16:12:51Z,Minnesota Vikings,Buffalo Bills,draftkings,142,-170,3.0,-110,-3.0,-110,48.5,-110,-110
2026-08-21,NFL,74d39e19225caf211ad2c8eb4110179f,2026-11-13T01:15:00Z,2026-08-21T16:13:41Z,,"Fri, 21 Aug 2026 16:13:41 GMT",2026-08-21T16:12:51Z,New York Giants,Washington Commanders,draftkings,-125,105,-1.5,-110,1.5,-110,47.5,-110,-110
2026-08-21,NFL,b8c10fdf1e0ac4e13deee7f7c0af0b0b,2026-11-15T14:30:00Z,2026-08-21T16:13:41Z,,"Fri, 21 Aug 2026 16:13:41 GMT",2026-08-21T16:12:51Z,Detroit Lions,New England Patriots,draftkings,-125,105,-1.5,-112,1.5,-108,48.5,-112,-108
2026-08-21,NFL,b8c10fdf1e0ac4e13deee7f7c0af0b0b,2026-11-15T14:30:00Z,2026-08-21T16:13:41Z,,"Fri, 21 Aug 2026 16:13:41 GMT",2026-08-21T16:13:38Z,Detroit Lions,New England Patriots,fanduel,-116,-102,-1.5,-102,1.5,-120,49.5,-118,-104
2026-08-21,NFL,3c71d515b726f1096aabb435badb83fd,2026-11-15T18:00:00Z,2026-08-21T16:13:41Z,,"Fri, 21 Aug 2026 16:13:41 GMT",2026-08-21T16:12:51Z,Atlanta Falcons,Kansas City Chiefs,draftkings,170,-205,4.5,-110,-4.5,-110,45.5,-110,-110
2026-08-21,NFL,1057d50949844ddf483da9c8c20354be,2026-11-15T18:00:00Z,2026-08-21T16:13:41Z,,"Fri, 21 Aug 2026 16:13:41 GMT",2026-08-21T16:12:51Z,New York Jets,Buffalo Bills,draftkings,270,-340,7.0,-105,-7.0,-115,46.5,-110,-110
2026-08-21,NFL,e5aa20e1364dd639f042af1c2281bbe2,2026-11-15T18:00:00Z,2026-08-21T16:13:41Z,,"Fri, 21 Aug 2026 16:13:41 GMT",2026-08-21T16:12:51Z,New Orleans Saints,Carolina Panthers,draftkings,-118,-102,-1.5,-105,1.5,-115,43.5,-110,-110
2026-08-21,NFL,be0e03cc42fbc9b6962467b22c7bf9dd,2026-11-15T18:00:00Z,2026-08-21T16:13:41Z,,"Fri, 21 Aug 2026 16:13:41 GMT",2026-08-21T16:12:51Z,Cleveland Browns,Houston Texans,draftkings,170,-205,4.5,-110,-4.5,-110,38.5,-110,-110
2026-08-21,NFL,5d8d85473b87f772a979ecf294acab94,2026-11-15T18:00:00Z,2026-08-21T16:13:41Z,,"Fri, 21 Aug 2026 16:13:41 GMT",2026-08-21T16:12:51Z,Green Bay Packers,Minnesota Vikings,draftkings,-245,200,-4.5,-110,4.5,-110,45.5,-110,-110
2026-08-21,NFL,b5700b4d938fd94429f60d4622cc9c0a,2026-11-15T18:00:00Z,2026-08-21T16:13:41Z,,"Fri, 21 Aug 2026 16:13:41 GMT",2026-08-21T16:12:51Z,Indianapolis Colts,Miami Dolphins,draftkings,-305,245,-6.5,-110,6.5,-110,47.5,-110,-110
2026-08-21,NFL,28800df7e768ecec14f116454d560f9b,2026-11-15T18:00:00Z,2026-08-21T16:13:41Z,,"Fri, 21 Aug 2026 16:13:41 GMT",2026-08-21T16:12:51Z,Tennessee Titans,Jacksonville Jaguars,draftkings,114,-135,2.5,-110,-2.5,-110,45.5,-110,-110
2026-08-21,NFL,6c932a965110f3f89ec4a5f1a6ac256e,2026-11-15T21:05:00Z,2026-08-21T16:13:41Z,,"Fri, 21 Aug 2026 16:13:41 GMT",2026-08-21T16:12:51Z,Arizona Cardinals,Los Angeles Rams,draftkings,360,-470,10.5,-110,-10.5,-110,47.5,-110,-110
2026-08-21,NFL,6079a5cbabf99b265a17edfc92a1da60,2026-11-15T21:05:00Z,2026-08-21T16:13:41Z,,"Fri, 21 Aug 2026 16:13:41 GMT",2026-08-21T16:12:51Z,Las Vegas Raiders,Seattle Seahawks,draftkings,250,-310,7.0,-110,-7.0,-110,43.5,-110,-110
2026-08-21,NFL,7627192fd89b05120ab6c712aa23fd81,2026-11-15T21:25:00Z,2026-08-21T16:13:41Z,,"Fri, 21 Aug 2026 16:13:41 GMT",2026-08-21T16:12:51Z,Dallas Cowboys,San Francisco 49ers,draftkings,-120,100,-1.5,-105,1.5,-115,52.5,-110,-110
2026-08-21,NFL,48e497c230e6c9afcb3b600091d28e17,2026-11-16T01:20:00Z,2026-08-21T16:13:41Z,,"Fri, 21 Aug 2026 16:13:41 GMT",2026-08-21T16:12:51Z,Cincinnati Bengals,Pittsburgh Steelers,draftkings,-192,160,-3.5,-110,3.5,-110,47.5,-110,-110
2026-08-21,NFL,35e3bdff558b5d1506251e814986f164,2026-11-17T01:15:00Z,2026-08-21T16:13:41Z,,"Fri, 21 Aug 2026 16:13:41 GMT",2026-08-21T16:12:51Z,Baltimore Ravens,Los Angeles Chargers,draftkings,-180,150,-3.5,-110,3.5,-110,47.5,-110,-110
2026-08-21,NFL,66f9e83cf025d58acee12bce18661fb3,2026-11-20T01:15:00Z,2026-08-21T16:13:41Z,,"Fri, 21 Aug 2026 16:13:41 GMT",2026-08-21T16:12:51Z,Houston Texans,Indianapolis Colts,draftkings,-250,205,-5.5,-110,5.5,-110,45.5,-110,-110
2026-08-21,NFL,403a88701352da05b0710a9e883b803e,2026-11-22T18:00:00Z,2026-08-21T16:13:41Z,,"Fri, 21 Aug 2026 16:13:41 GMT",2026-08-21T16:12:51Z,Kansas City Chiefs,Arizona Cardinals,draftkings,-600,440,-11.5,-110,11.5,-110,44.5,-110,-110
2026-08-21,NFL,4527f57f5bc32742d8194af1ccf7da7e,2026-11-22T18:00:00Z,2026-08-21T16:13:41Z,,"Fri, 21 Aug 2026 16:13:41 GMT",2026-08-21T16:12:51Z,Carolina Panthers,Baltimore Ravens,draftkings,180,-218,4.5,-110,-4.5,-110,46.5,-110,-110
2026-08-21,NFL,4c5b1c0843a260278e95eb93e7787576,2026-11-22T18:00:00Z,2026-08-21T16:13:41Z,,"Fri, 21 Aug 2026 16:13:41 GMT",2026-08-21T16:12:51Z,Buffalo Bills,Miami Dolphins,draftkings,-625,455,-11.5,-110,11.5,-110,47.5,-110,-110
2026-08-21,NFL,3ea90704fb576633bd1e2fa5aafd9ea3,2026-11-22T18:00:00Z,2026-08-21T16:13:41Z,,"Fri, 21 Aug 2026 16:13:41 GMT",2026-08-21T16:12:51Z,Chicago Bears,New Orleans Saints,draftkings,-290,235,-6.5,-110,6.5,-110,46.5,-110,-110
2026-08-21,NFL,5e63079b678f8c13419adc169fff02d3,2026-11-22T18:00:00Z,2026-08-21T16:13:41Z,,"Fri, 21 Aug 2026 16:13:41 GMT",2026-08-21T16:12:51Z,Dallas Cowboys,Tennessee Titans,draftkings,-290,235,-6.5,-110,6.5,-110,48.5,-110,-110
2026-08-21,NFL,41e2dd69bddd65d7e823d9ed61cc2afc,2026-11-22T18:00:00Z,2026-08-21T16:13:41Z,,"Fri, 21 Aug 2026 16:13:41 GMT",2026-08-21T16:12:51Z,Detroit Lions,Tampa Bay Buccaneers,draftkings,-218,180,-4.5,-110,4.5,-110,49.5,-110,-110
2026-08-21,NFL,8ba112fabf4e87639338a5f437c5abfe,2026-11-22T18:00:00Z,2026-08-21T16:13:41Z,,"Fri, 21 Aug 2026 16:13:41 GMT",2026-08-21T16:12:51Z,New York Giants,Jacksonville Jaguars,draftkings,105,-125,1.5,-110,-1.5,-110,46.5,-110,-110
2026-08-21,NFL,4b20b742b6168aaca4f25d87f11b1526,2026-11-22T21:05:00Z,2026-08-21T16:13:41Z,,"Fri, 21 Aug 2026 16:13:41 GMT",2026-08-21T16:12:51Z,Los Angeles Chargers,New York Jets,draftkings,-425,330,-9.5,-110,9.5,-110,41.5,-110,-110
2026-08-21,NFL,1940706a79cbcbafacdcbf231069716b,2026-11-22T21:25:00Z,2026-08-21T16:13:41Z,,"Fri, 21 Aug 2026 16:13:41 GMT",2026-08-21T16:12:51Z,Denver Broncos,Las Vegas Raiders,draftkings,-345,275,-7.5,-110,7.5,-110,41.5,-110,-110
2026-08-21,NFL,cbe45bafcc2615fc1d96cbc12840377a,2026-11-22T21:25:00Z,2026-08-21T16:13:41Z,,"Fri, 21 Aug 2026 16:13:41 GMT",2026-08-21T16:12:51Z,Philadelphia Eagles,Pittsburgh Steelers,draftkings,-245,200,-5.5,-110,5.5,-110,42.5,-110,-110
2026-08-21,NFL,60e1d27b083a335b722c2c852ea85612,2026-11-23T01:20:00Z,2026-08-21T16:13:41Z,,"Fri, 21 Aug 2026 16:13:41 GMT",2026-08-21T16:12:51Z,San Francisco 49ers,Minnesota Vikings,draftkings,-192,160,-3.5,-110,3.5,-110,46.5,-110,-110
2026-08-21,NFL,60e1d27b083a335b722c2c852ea85612,2026-11-23T01:20:00Z,2026-08-21T16:13:41Z,,"Fri, 21 Aug 2026 16:13:41 GMT",2026-08-21T16:13:38Z,San Francisco 49ers,Minnesota Vikings,fanduel,-210,176,-4.5,-105,4.5,-115,47.5,-105,-115
2026-08-21,NFL,3a60ed1d20004aa4d4772b2c1a2272e7,2026-11-24T01:15:00Z,2026-08-21T16:13:41Z,,"Fri, 21 Aug 2026 16:13:41 GMT",2026-08-21T16:12:51Z,Washington Commanders,Cincinnati Bengals,draftkings,105,-125,1.5,-110,-1.5,-110,52.5,-110,-110
2026-08-21,NFL,5b612899d6dcdf998107f2c6c6e49a58,2026-11-26T01:00:00Z,2026-08-21T16:13:41Z,,"Fri, 21 Aug 2026 16:13:41 GMT",2026-08-21T16:12:51Z,Los Angeles Rams,Green Bay Packers,draftkings,-225,185,-4.5,-115,4.5,-105,48.5,-110,-110
2026-08-21,NFL,5b612899d6dcdf998107f2c6c6e49a58,2026-11-26T01:00:00Z,2026-08-21T16:13:41Z,,"Fri, 21 Aug 2026 16:13:41 GMT",2026-08-21T16:13:38Z,Los Angeles Rams,Green Bay Packers,fanduel,-240,198,-5.5,-105,5.5,-115,48.5,-105,-115
2026-08-21,NFL,9b825e6518156008da499be041975fdd,2026-11-26T18:00:00Z,2026-08-21T16:13:41Z,,"Fri, 21 Aug 2026 16:13:41 GMT",2026-08-21T16:12:51Z,Detroit Lions,Chicago Bears,draftkings,-142,120,-2.5,-115,2.5,-105,52.5,-110,-110
2026-08-21,NFL,9b825e6518156008da499be041975fdd,2026-11-26T18:00:00Z,2026-08-21T16:13:41Z,,"Fri, 21 Aug 2026 16:13:41 GMT",2026-08-21T16:13:38Z,Detroit Lions,Chicago Bears,fanduel,-132,112,-2.5,-110,2.5,-110,53.5,-115,-105
2026-08-21,NFL,ffaa06af56a7137d4b078c5c46c0b730,2026-11-26T20:30:00Z,2026-08-21T16:13:41Z,,"Fri, 21 Aug 2026 16:13:41 GMT",2026-08-21T16:12:51Z,Dallas Cowboys,Philadelphia Eagles,draftkings,-125,105,-1.5,-110,1.5,-110,49.5,-110,-110
2026-08-21,NFL,ffaa06af56a7137d4b078c5c46c0b730,2026-11-26T20:30:00Z,2026-08-21T16:13:41Z,,"Fri, 21 Aug 2026 16:13:41 GMT",2026-08-21T16:13:38Z,Dallas Cowboys,Philadelphia Eagles,fanduel,-120,102,-1.5,-110,1.5,-110,49.5,-115,-105
2026-08-21,NFL,f36f518585aec40e8cb40e071c0844aa,2026-11-27T01:20:00Z,2026-08-21T16:13:41Z,,"Fri, 21 Aug 2026 16:13:41 GMT",2026-08-21T16:12:51Z,Buffalo Bills,Kansas City Chiefs,draftkings,-148,124,-2.5,-115,2.5,-105,50.5,-110,-110
2026-08-21,NFL,f36f518585aec40e8cb40e071c0844aa,2026-11-27T01:20:00Z,2026-08-21T16:13:41Z,,"Fri, 21 Aug 2026 16:13:41 GMT",2026-08-21T16:13:38Z,Buffalo Bills,Kansas City Chiefs,fanduel,-146,124,-2.5,-118,2.5,-104,50.5,-104,-118
2026-08-21,NFL,44a3bcf5bd002583ddef2207a92dd977,2026-11-27T20:00:00Z,2026-08-21T16:13:41Z,,"Fri, 21 Aug 2026 16:13:41 GMT",2026-08-21T16:12:51Z,Pittsburgh Steelers,Denver Broncos,draftkings,102,-122,1.5,-110,-1.5,-110,39.5,-110,-110
2026-08-21,NFL,44a3bcf5bd002583ddef2207a92dd977,2026-11-27T20:00:00Z,2026-08-21T16:13:41Z,,"Fri, 21 Aug 2026 16:13:41 GMT",2026-08-21T16:13:38Z,Pittsburgh Steelers,Denver Broncos,fanduel,114,-134,1.5,-104,-1.5,-118,39.5,-110,-110
2026-08-21,NFL,6a05021bdb6bab24b9bb381ffff10f0c,2026-11-29T18:00:00Z,2026-08-21T16:13:41Z,,"Fri, 21 Aug 2026 16:13:41 GMT",2026-08-21T16:12:51Z,Minnesota Vikings,Atlanta Falcons,draftkings,-225,185,-4.5,-110,4.5,-110,43.5,-110,-110
2026-08-21,NFL,60d0c074801985c1062795362a24200e,2026-11-29T18:00:00Z,2026-08-21T16:13:41Z,,"Fri, 21 Aug 2026 16:13:41 GMT",2026-08-21T16:12:51Z,Houston Texans,Baltimore Ravens,draftkings,-122,102,-1.5,-110,1.5,-110,45.5,-110,-110
2026-08-21,NFL,f7d3ae7a8fe2438cef7d7d7bc67e31db,2026-11-29T18:00:00Z,2026-08-21T16:13:41Z,,"Fri, 21 Aug 2026 16:13:41 GMT",2026-08-21T16:12:51Z,Cincinnati Bengals,New Orleans Saints,draftkings,-298,240,-6.5,-110,6.5,-110,48.5,-110,-110
2026-08-21,NFL,eaa993c3d62d6b5aeb6142cdd7862fd5,2026-11-29T18:00:00Z,2026-08-21T16:13:41Z,,"Fri, 21 Aug 2026 16:13:41 GMT",2026-08-21T16:12:51Z,Cleveland Browns,Las Vegas Raiders,draftkings,-122,102,-1.5,-110,1.5,-110,39.5,-110,-110
2026-08-21,NFL,e9da808e36e1b7475698a57465ad4519,2026-11-29T18:00:00Z,2026-08-21T16:13:41Z,,"Fri, 21 Aug 2026 16:13:41 GMT",2026-08-21T16:12:51Z,Indianapolis Colts,New York Giants,draftkings,-135,114,-2.5,-110,2.5,-110,47.5,-110,-110
2026-08-21,NFL,81a8fee5b649a3ad5ad59e9528f2f376,2026-11-29T18:00:00Z,2026-08-21T16:13:41Z,,"Fri, 21 Aug 2026 16:13:41 GMT",2026-08-21T16:12:51Z,Jacksonville Jaguars,Tennessee Titans,draftkings,-238,195,-5.5,-110,5.5,-110,45.5,-110,-110
2026-08-21,NFL,5ea0e3ea5944b0ad5169f21c0787b331,2026-11-29T18:00:00Z,2026-08-21T16:13:41Z,,"Fri, 21 Aug 2026 16:13:41 GMT",2026-08-21T16:12:51Z,Miami Dolphins,New York Jets,draftkings,-125,105,-1.5,-110,1.5,-110,40.5,-110,-110
2026-08-21,NFL,69a1dbe9de3d3212c3a7a55be5d204ab,2026-11-29T21:25:00Z,2026-08-21T16:13:41Z,,"Fri, 21 Aug 2026 16:13:41 GMT",2026-08-21T16:12:51Z,Arizona Cardinals,Washington Commanders,draftkings,180,-218,4.5,-110,-4.5,-110,47.5,-110,-110
2026-08-21,NFL,d68dced0b26726890b9c79bd19a5ffe5,2026-11-29T21:25:00Z,2026-08-21T16:13:41Z,,"Fri, 21 Aug 2026 16:13:41 GMT",2026-08-21T16:12:51Z,San Francisco 49ers,Seattle Seahawks,draftkings,-110,-110,1.5,-125,-1.5,105,46.5,-110,-110
2026-08-21,NFL,c64ceba13ede564e8658693e3171e7f9,2026-11-30T01:20:00Z,2026-08-21T16:13:41Z,,"Fri, 21 Aug 2026 16:13:41 GMT",2026-08-21T16:12:51Z,Los Angeles Chargers,New England Patriots,draftkings,-125,105,-1.5,-110,1.5,-110,45.5,-110,-110
2026-08-21,NFL,2cdaecba7c0bff9b58a48a82e6ee17a7,2026-12-01T01:15:00Z,2026-08-21T16:13:41Z,,"Fri, 21 Aug 2026 16:13:41 GMT",2026-08-21T16:12:51Z,Tampa Bay Buccaneers,Carolina Panthers,draftkings,-198,164,-3.5,-110,3.5,-110,44.5,-110,-110
2026-08-21,NFL,06e52a676b516186989e3b181a37c8a7,2026-12-04T01:15:00Z,2026-08-21T16:13:41Z,,"Fri, 21 Aug 2026 16:13:41 GMT",2026-08-21T16:12:51Z,Los Angeles Rams,Kansas City Chiefs,draftkings,-205,170,-4.5,-105,4.5,-115,47.5,-110,-110
2026-08-21,NFL,c94419ba8fb818fc36a5b21b526aab75,2026-12-06T18:00:00Z,2026-08-21T16:13:41Z,,"Fri, 21 Aug 2026 16:13:41 GMT",2026-08-21T16:12:51Z,Atlanta Falcons,Detroit Lions,draftkings,154,-185,3.5,-110,-3.5,-110,48.5,-110,-110
2026-08-21,NFL,0236f9aa68d65ea03bd1ca025b749c20,2026-12-06T18:00:00Z,2026-08-21T16:13:41Z,,"Fri, 21 Aug 2026 16:13:41 GMT",2026-08-21T16:12:51Z,Chicago Bears,Jacksonville Jaguars,draftkings,-155,130,-3.0,-105,3.0,-115,47.5,-110,-110
2026-08-21,NFL,b447fab53534af892f98a74eae26c1c6,2026-12-06T18:00:00Z,2026-08-21T16:13:41Z,,"Fri, 21 Aug 2026 16:13:41 GMT",2026-08-21T16:12:51Z,Cleveland Browns,Cincinnati Bengals,draftkings,180,-218,4.5,-110,-4.5,-110,45.5,-110,-110
2026-08-21,NFL,9a55467e1cd6310ae2af20d8154612e1,2026-12-06T18:00:00Z,2026-08-21T16:13:41Z,,"Fri, 21 Aug 2026 16:13:41 GMT",2026-08-21T16:12:51Z,Denver Broncos,Miami Dolphins,draftkings,-470,360,-9.5,-110,9.5,-110,42.5,-110,-110
2026-08-21,NFL,1ccb61b811b7aae4270df22a67e6459f,2026-12-06T18:00:00Z,2026-08-21T16:13:41Z,,"Fri, 21 Aug 2026 16:13:41 GMT",2026-08-21T16:12:51Z,New Orleans Saints,Green Bay Packers,draftkings,185,-225,4.5,-110,-4.5,-110,45.5,-110,-110
2026-08-21,NFL,f8a92363386bd337975650879086cca6,2026-12-06T18:00:00Z,2026-08-21T16:13:41Z,,"Fri, 21 Aug 2026 16:13:41 GMT",2026-08-21T16:12:51Z,Tampa Bay Buccaneers,Los Angeles Chargers,draftkings,114,-135,2.5,-110,-2.5,-110,46.5,-110,-110
2026-08-21,NFL,a5495c3360b3bb13da76ba23a675c9ef,2026-12-06T18:00:00Z,2026-08-21T16:13:41Z,,"Fri, 21 Aug 2026 16:13:41 GMT",2026-08-21T16:12:51Z,New York Giants,San Francisco 49ers,draftkings,140,-166,3.0,-110,-3.0,-110,47.5,-110,-110
2026-08-21,NFL,ae3429e95ee704c7fd001cade20072d0,2026-12-06T18:00:00Z,2026-08-21T16:13:41Z,,"Fri, 21 Aug 2026 16:13:41 GMT",2026-08-21T16:12:51Z,Tennessee Titans,Washington Commanders,draftkings,105,-125,1.5,-110,-1.5,-110,46.5,-110,-110
2026-08-21,NFL,f4897f48a5351881280f7598bd826408,2026-12-06T21:05:00Z,2026-08-21T16:13:41Z,,"Fri, 21 Aug 2026 16:13:41 GMT",2026-08-21T16:12:51Z,Arizona Cardinals,Philadelphia Eagles,draftkings,310,-395,8.5,-110,-8.5,-110,43.5,-110,-110
2026-08-21,NFL,4116dbff75ab7957b69c2152f204b74d,2026-12-06T21:25:00Z,2026-08-21T16:13:41Z,,"Fri, 21 Aug 2026 16:13:41 GMT",2026-08-21T16:12:51Z,New England Patriots,Buffalo Bills,draftkings,-122,102,-1.5,-108,1.5,-112,48.5,-110,-110
2026-08-21,NFL,c186c605febd6370b292469c9151cfb3,2026-12-06T21:25:00Z,2026-08-21T16:13:41Z,,"Fri, 21 Aug 2026 16:13:41 GMT",2026-08-21T16:12:51Z,Minnesota Vikings,Carolina Panthers,draftkings,-198,164,-3.5,-110,3.5,-110,42.5,-110,-110
2026-08-21,NFL,26bf8e165d2d273ed0772a355f07ab16,2026-12-07T01:20:00Z,2026-08-21T16:13:41Z,,"Fri, 21 Aug 2026 16:13:41 GMT",2026-08-21T16:12:51Z,Pittsburgh Steelers,Houston Texans,draftkings,102,-122,1.5,-110,-1.5,-110,41.5,-110,-110
2026-08-21,NFL,0db4646c964ecdff19957373fe707546,2026-12-08T01:15:00Z,2026-08-21T16:13:41Z,,"Fri, 21 Aug 2026 16:13:41 GMT",2026-08-21T16:12:51Z,Seattle Seahawks,Dallas Cowboys,draftkings,-225,185,-4.5,-110,4.5,-110,48.5,-110,-110
2026-08-21,NFL,01548e41e7ba5318bb25c9bc2a32f73d,2026-12-11T01:15:00Z,2026-08-21T16:13:41Z,,"Fri, 21 Aug 2026 16:13:41 GMT",2026-08-21T16:12:51Z,New England Patriots,Minnesota Vikings,draftkings,-230,190,-4.5,-110,4.5,-110,43.5,-110,-110
2026-08-21,NFL,f7fba6b1804e02292ee0ce4738484258,2026-12-13T18:00:00Z,2026-08-21T16:13:41Z,,"Fri, 21 Aug 2026 16:13:41 GMT",2026-08-21T16:12:51Z,Cleveland Browns,Atlanta Falcons,draftkings,-125,105,-1.5,-110,1.5,-110,40.5,-110,-110
2026-08-21,NFL,bec99e2f2b4c80e345731d69ee38d831,2026-12-13T18:00:00Z,2026-08-21T16:13:41Z,,"Fri, 21 Aug 2026 16:13:41 GMT",2026-08-21T16:12:51Z,Baltimore Ravens,Tampa Bay Buccaneers,draftkings,-258,210,-6.0,-110,6.0,-110,48.5,-110,-110
2026-08-21,NFL,dcc7b377d3b3ec990304612bbef47d3d,2026-12-13T18:00:00Z,2026-08-21T16:13:41Z,,"Fri, 21 Aug 2026 16:13:41 GMT",2026-08-21T16:12:51Z,Carolina Panthers,New Orleans Saints,draftkings,-142,120,-2.5,-110,2.5,-110,43.5,-110,-110
2026-08-21,NFL,2c6added7199a59f1e9dae8492c29da4,2026-12-13T18:00:00Z,2026-08-21T16:13:41Z,,"Fri, 21 Aug 2026 16:13:41 GMT",2026-08-21T16:12:51Z,Miami Dolphins,Chicago Bears,draftkings,205,-250,5.5,-110,-5.5,-110,46.5,-110,-110
2026-08-21,NFL,5185ace33aebc87d39074147940f2fa5,2026-12-13T18:00:00Z,2026-08-21T16:13:41Z,,"Fri, 21 Aug 2026 16:13:41 GMT",2026-08-21T16:12:51Z,New York Jets,Denver Broncos,draftkings,185,-225,5.5,-110,-5.5,-110,39.5,-110,-110
2026-08-21,NFL,a31f461ccd92e1072f23ccfae281ae9a,2026-12-13T18:00:00Z,2026-08-21T16:13:41Z,,"Fri, 21 Aug 2026 16:13:41 GMT",2026-08-21T16:12:51Z,Detroit Lions,Tennessee Titans,draftkings,-345,275,-7.5,-110,7.5,-110,47.5,-110,-110
2026-08-21,NFL,5dc9cb8fba610d682dc670ae4e7d59f3,2026-12-13T18:00:00Z,2026-08-21T16:13:41Z,,"Fri, 21 Aug 2026 16:13:41 GMT",2026-08-21T16:12:51Z,Washington Commanders,Houston Texans,draftkings,102,-122,1.5,-110,-1.5,-110,44.5,-110,-110
2026-08-21,NFL,45203f985f8d1567ad19b0617dd267f8,2026-12-13T18:00:00Z,2026-08-21T16:13:41Z,,"Fri, 21 Aug 2026 16:13:41 GMT",2026-08-21T16:12:51Z,Philadelphia Eagles,Indianapolis Colts,draftkings,-250,205,-5.5,-110,5.5,-110,46.5,-110,-110
2026-08-21,NFL,484c491dc1dee090d740ba077b7d9709,2026-12-13T21:05:00Z,2026-08-21T16:13:41Z,,"Fri, 21 Aug 2026 16:13:41 GMT",2026-08-21T16:12:51Z,Las Vegas Raiders,Los Angeles Chargers,draftkings,190,-230,5.5,-110,-5.5,-110,43.5,-110,-110
2026-08-21,NFL,180b5fa7ea6bd0d2d9ddb9ba5ee38cc0,2026-12-13T21:25:00Z,2026-08-21T16:13:41Z,,"Fri, 21 Aug 2026 16:13:41 GMT",2026-08-21T16:12:51Z,Cincinnati Bengals,Kansas City Chiefs,draftkings,-125,105,-1.5,-110,1.5,-110,48.5,-110,-110
2026-08-21,NFL,6174916c7e2df8d1b80a88cfbd259d44,2026-12-13T21:25:00Z,2026-08-21T16:13:41Z,,"Fri, 21 Aug 2026 16:13:41 GMT",2026-08-21T16:12:51Z,San Francisco 49ers,Los Angeles Rams,draftkings,110,-130,1.5,-105,-1.5,-115,49.5,-110,-110
2026-08-21,NFL,f5ab9d8455daf9e2a6c4c443fe0cd19f,2026-12-13T21:25:00Z,2026-08-21T16:13:41Z,,"Fri, 21 Aug 2026 16:13:41 GMT",2026-08-21T16:12:51Z,Seattle Seahawks,New York Giants,draftkings,-380,300,-7.5,-110,7.5,-110,45.5,-110,-110
2026-08-21,NFL,c4877c048defcb80e0ab37c0688f37f6,2026-12-14T01:20:00Z,2026-08-21T16:13:41Z,,"Fri, 21 Aug 2026 16:13:41 GMT",2026-08-21T16:12:51Z,Green Bay Packers,Buffalo Bills,draftkings,-125,105,-1.5,-110,1.5,-110,49.5,-110,-110
2026-08-21,NFL,690e2ee2ed5f0875f7cbaecdc51373f5,2026-12-15T01:15:00Z,2026-08-21T16:13:41Z,,"Fri, 21 Aug 2026 16:13:41 GMT",2026-08-21T16:12:51Z,Jacksonville Jaguars,Pittsburgh Steelers,draftkings,-162,136,-3.0,-110,3.0,-110,44.5,-110,-110
2026-08-21,NFL,790af233087803c297861901ffa271d7,2026-12-18T01:15:00Z,2026-08-21T16:13:41Z,,"Fri, 21 Aug 2026 16:13:41 GMT",2026-08-21T16:12:51Z,Los Angeles Chargers,San Francisco 49ers,draftkings,-142,120,-2.5,-110,2.5,-110,47.5,-110,-110
2026-08-21,NFL,171aba127aaad3dcbe32a02fc194eb32,2026-12-19T22:00:00Z,2026-08-21T16:13:41Z,,"Fri, 21 Aug 2026 16:13:41 GMT",2026-08-21T16:12:51Z,Philadelphia Eagles,Seattle Seahawks,draftkings,-125,105,-1.5,-110,1.5,-110,43.5,-110,-110
2026-08-21,NFL,784568b1df055bf7eb8780c110d5e910,2026-12-20T01:20:00Z,2026-08-21T16:13:41Z,,"Fri, 21 Aug 2026 16:13:41 GMT",2026-08-21T16:12:51Z,Buffalo Bills,Chicago Bears,draftkings,-185,154,-3.5,-110,3.5,-110,51.5,-110,-110
2026-08-21,NFL,5931eee49f5f2656a5344e1388a68816,2026-12-20T18:00:00Z,2026-08-21T16:13:41Z,,"Fri, 21 Aug 2026 16:13:41 GMT",2026-08-21T16:12:51Z,Washington Commanders,Atlanta Falcons,draftkings,-185,154,-3.5,-110,3.5,-110,46.5,-110,-110
2026-08-21,NFL,2f4b1899c1c278947920e0254b682d90,2026-12-20T18:00:00Z,2026-08-21T16:13:41Z,,"Fri, 21 Aug 2026 16:13:41 GMT",2026-08-21T16:12:51Z,Pittsburgh Steelers,Baltimore Ravens,draftkings,124,-148,2.5,100,-2.5,-120,46.5,-110,-110
2026-08-21,NFL,000fc688beb4fc004ecdad115d9adb1c,2026-12-20T18:00:00Z,2026-08-21T16:13:41Z,,"Fri, 21 Aug 2026 16:13:41 GMT",2026-08-21T16:12:51Z,Carolina Panthers,Cincinnati Bengals,draftkings,124,-148,2.5,100,-2.5,-120,47.5,-110,-110
2026-08-21,NFL,1cb23c83ae4af84cffcdae6b31d06e83,2026-12-20T18:00:00Z,2026-08-21T16:13:41Z,,"Fri, 21 Aug 2026 16:13:41 GMT",2026-08-21T16:12:51Z,New York Giants,Cleveland Browns,draftkings,-205,170,-4.5,-110,4.5,-110,40.5,-110,-110
2026-08-21,NFL,99719df35bc2efdcc72096f865ed8841,2026-12-20T18:00:00Z,2026-08-21T16:13:41Z,,"Fri, 21 Aug 2026 16:13:41 GMT",2026-08-21T16:12:51Z,Green Bay Packers,Miami Dolphins,draftkings,-600,440,-10.5,-110,10.5,-110,45.5,-110,-110
2026-08-21,NFL,29211b6e78461220a2833184233f70e5,2026-12-20T18:00:00Z,2026-08-21T16:13:41Z,,"Fri, 21 Aug 2026 16:13:41 GMT",2026-08-21T16:12:51Z,Houston Texans,Jacksonville Jaguars,draftkings,-155,130,-3.0,-110,3.0,-110,43.5,-110,-110
2026-08-21,NFL,3b696c07ff6a1ef461d023a73db17584,2026-12-20T18:00:00Z,2026-08-21T16:13:41Z,,"Fri, 21 Aug 2026 16:13:41 GMT",2026-08-21T16:12:51Z,Tennessee Titans,Indianapolis Colts,draftkings,105,-125,1.5,-110,-1.5,-110,47.5,-110,-110
2026-08-21,NFL,e15a91cebf3480ff0b93b4fbacb09797,2026-12-20T18:00:00Z,2026-08-21T16:13:41Z,,"Fri, 21 Aug 2026 16:13:41 GMT",2026-08-21T16:12:51Z,Tampa Bay Buccaneers,New Orleans Saints,draftkings,-198,164,-3.5,-110,3.5,-110,45.5,-110,-110
2026-08-21,NFL,d8cd12e7684fa2aa39f5b188ef6e62e0,2026-12-20T21:05:00Z,2026-08-21T16:13:41Z,,"Fri, 21 Aug 2026 16:13:41 GMT",2026-08-21T16:12:51Z,Arizona Cardinals,New York Jets,draftkings,-110,-110,1.5,-122,-1.5,102,41.5,-110,-110
2026-08-21,NFL,77396e9d565860fbfd05779028223a8a,2026-12-20T21:25:00Z,2026-08-21T16:13:41Z,,"Fri, 21 Aug 2026 16:13:41 GMT",2026-08-21T16:12:51Z,Los Angeles Rams,Dallas Cowboys,draftkings,-258,210,-6.0,-110,6.0,-110,52.5,-110,-110
2026-08-21,NFL,9f507007b9c0a7082c1471a5fa841336,2026-12-20T21:25:00Z,2026-08-21T16:13:41Z,,"Fri, 21 Aug 2026 16:13:41 GMT",2026-08-21T16:12:51Z,Las Vegas Raiders,Denver Broncos,draftkings,170,-205,4.5,-110,-4.5,-110,41.5,-110,-110
2026-08-21,NFL,b34897a0368d570291d44e176c0c2331,2026-12-21T01:20:00Z,2026-08-21T16:13:41Z,,"Fri, 21 Aug 2026 16:13:41 GMT",2026-08-21T16:12:51Z,Minnesota Vikings,Detroit Lions,draftkings,105,-125,1.5,-110,-1.5,-110,46.5,-110,-110
2026-08-21,NFL,b2759105c27a25289ea1938f290c50fd,2026-12-22T01:15:00Z,2026-08-21T16:13:41Z,,"Fri, 21 Aug 2026 16:13:41 GMT",2026-08-21T16:12:51Z,Kansas City Chiefs,New England Patriots,draftkings,-135,114,-2.5,-110,2.5,-110,45.5,-110,-110
2026-08-21,NFL,3f226ec5402c6ec4d84a59be80c2fa67,2026-12-25T01:15:00Z,2026-08-21T16:13:41Z,,"Fri, 21 Aug 2026 16:13:41 GMT",2026-08-21T16:12:51Z,Philadelphia Eagles,Houston Texans,draftkings,-135,114,-2.5,-108,2.5,-112,37.5,-110,-110
2026-08-21,NFL,3f226ec5402c6ec4d84a59be80c2fa67,2026-12-25T01:15:00Z,2026-08-21T16:13:41Z,,"Fri, 21 Aug 2026 16:13:41 GMT",2026-08-21T16:13:38Z,Philadelphia Eagles,Houston Texans,fanduel,-130,110,-2.5,-105,2.5,-115,38.5,-104,-118
2026-08-21,NFL,2828c07018dfafbe96aba205809cc7ac,2026-12-25T18:00:00Z,2026-08-21T16:13:41Z,,"Fri, 21 Aug 2026 16:13:41 GMT",2026-08-21T16:12:51Z,Chicago Bears,Green Bay Packers,draftkings,-118,-102,-1.5,-105,1.5,-115,47.5,-110,-110
2026-08-21,NFL,2828c07018dfafbe96aba205809cc7ac,2026-12-25T18:00:00Z,2026-08-21T16:13:41Z,,"Fri, 21 Aug 2026 16:13:41 GMT",2026-08-21T16:13:38Z,Chicago Bears,Green Bay Packers,fanduel,-118,100,-1.5,-105,1.5,-115,47.5,-115,-105
2026-08-21,NFL,126f27c71e8130ef87de0d137e833d9b,2026-12-25T21:30:00Z,2026-08-21T16:13:41Z,,"Fri, 21 Aug 2026 16:13:41 GMT",2026-08-21T16:12:51Z,Denver Broncos,Buffalo Bills,draftkings,110,-130,1.5,-105,-1.5,-115,46.5,-110,-110
2026-08-21,NFL,126f27c71e8130ef87de0d137e833d9b,2026-12-25T21:30:00Z,2026-08-21T16:13:41Z,,"Fri, 21 Aug 2026 16:13:41 GMT",2026-08-21T16:13:38Z,Denver Broncos,Buffalo Bills,fanduel,110,-130,1.5,-105,-1.5,-115,46.5,-115,-105
2026-08-21,NFL,f1af9705dbd2bbe4f1555f080ad06ba2,2026-12-26T01:15:00Z,2026-08-21T16:13:41Z,,"Fri, 21 Aug 2026 16:13:41 GMT",2026-08-21T16:12:51Z,Seattle Seahawks,Los Angeles Rams,draftkings,-130,110,-1.5,-115,1.5,-105,47.5,-110,-110
2026-08-21,NFL,f1af9705dbd2bbe4f1555f080ad06ba2,2026-12-26T01:15:00Z,2026-08-21T16:13:41Z,,"Fri, 21 Aug 2026 16:13:41 GMT",2026-08-21T16:13:38Z,Seattle Seahawks,Los Angeles Rams,fanduel,-102,-116,1.5,-115,-1.5,-105,45.5,-110,-110
2026-08-21,NFL,8fd00347b6d77ce384d83cba814430d7,2026-12-27T18:00:00Z,2026-08-21T16:13:41Z,,"Fri, 21 Aug 2026 16:13:41 GMT",2026-08-21T16:12:51Z,New Orleans Saints,Arizona Cardinals,draftkings,-245,200,-5.5,-110,5.5,-110,44.5,-110,-110
2026-08-21,NFL,bd13d00f06ad222b0a1b6ea4d0add763,2026-12-27T18:00:00Z,2026-08-21T16:13:41Z,,"Fri, 21 Aug 2026 16:13:41 GMT",2026-08-21T16:12:51Z,Atlanta Falcons,Tampa Bay Buccaneers,draftkings,102,-122,1.5,-110,-1.5,-110,45.5,-110,-110
2026-08-21,NFL,0f23afce92c2f0af28973c0a7533763e,2026-12-27T18:00:00Z,2026-08-21T16:13:41Z,,"Fri, 21 Aug 2026 16:13:41 GMT",2026-08-21T16:12:51Z,Baltimore Ravens,Cleveland Browns,draftkings,-425,330,-10.0,-110,10.0,-110,43.5,-110,-110
2026-08-21,NFL,74cb0e112d069cdbda1671ae85531f43,2026-12-27T18:00:00Z,2026-08-21T16:13:41Z,,"Fri, 21 Aug 2026 16:13:41 GMT",2026-08-21T16:12:51Z,Pittsburgh Steelers,Carolina Panthers,draftkings,-192,160,-3.5,-110,3.5,-110,41.5,-110,-110
2026-08-21,NFL,ca8982dccb6c3ae01525800317287f02,2026-12-27T18:00:00Z,2026-08-21T16:13:41Z,,"Fri, 21 Aug 2026 16:13:41 GMT",2026-08-21T16:12:51Z,Indianapolis Colts,Cincinnati Bengals,draftkings,105,-125,1.5,-110,-1.5,-110,52.5,-110,-110
2026-08-21,NFL,29425f5c68826d615277cf9be2b82e00,2026-12-27T18:00:00Z,2026-08-21T16:13:41Z,,"Fri, 21 Aug 2026 16:13:41 GMT",2026-08-21T16:12:51Z,Las Vegas Raiders,Tennessee Titans,draftkings,-122,102,-1.5,-110,1.5,-110,42.5,-110,-110
2026-08-21,NFL,fe2eb511d4c2da3a8e88b85b4f4e9f7e,2026-12-27T18:00:00Z,2026-08-21T16:13:41Z,,"Fri, 21 Aug 2026 16:13:41 GMT",2026-08-21T16:12:51Z,Miami Dolphins,Los Angeles Chargers,draftkings,285,-360,7.0,-108,-7.0,-112,45.5,-110,-110
2026-08-21,NFL,cf5cefa5556bcd0156bd394171ef6c8e,2026-12-27T18:00:00Z,2026-08-21T16:13:41Z,,"Fri, 21 Aug 2026 16:13:41 GMT",2026-08-21T16:12:51Z,Minnesota Vikings,Washington Commanders,draftkings,-142,120,-2.5,-110,2.5,-110,46.5,-110,-110
2026-08-21,NFL,669a7b568c2a64f9a136dadb0eda1da8,2026-12-27T18:00:00Z,2026-08-21T16:13:41Z,,"Fri, 21 Aug 2026 16:13:41 GMT",2026-08-21T16:12:51Z,New York Jets,New England Patriots,draftkings,215,-265,6.5,-110,-6.5,-110,40.5,-110,-110
2026-08-21,NFL,fc7cce3ae7c73cc7151357829e11b6d5,2026-12-27T21:25:00Z,2026-08-21T16:13:41Z,,"Fri, 21 Aug 2026 16:13:41 GMT",2026-08-21T16:12:51Z,Kansas City Chiefs,San Francisco 49ers,draftkings,-155,130,-3.0,-105,3.0,-115,46.5,-110,-110
2026-08-21,NFL,b1c4ec04c3398a9efa25492000858384,2026-12-28T01:20:00Z,2026-08-21T16:13:41Z,,"Fri, 21 Aug 2026 16:13:41 GMT",2026-08-21T16:12:51Z,Dallas Cowboys,Jacksonville Jaguars,draftkings,-162,136,-3.0,-102,3.0,-118,51.5,-110,-110
2026-08-21,NFL,ca92c191ebf7361ea56f9bbc09a5f51b,2026-12-29T01:15:00Z,2026-08-21T16:13:41Z,,"Fri, 21 Aug 2026 16:13:41 GMT",2026-08-21T16:12:51Z,Detroit Lions,New York Giants,draftkings,-225,185,-4.5,-110,4.5,-110,49.5,-110,-110
2026-08-21,NFL,be268ce293cf4fad1c0c867a3ca4c257,2027-01-01T01:15:00Z,2026-08-21T16:13:41Z,,"Fri, 21 Aug 2026 16:13:41 GMT",2026-08-21T16:12:51Z,Cincinnati Bengals,Baltimore Ravens,draftkings,-135,114,-2.5,-110,2.5,-110,51.5,-110,-110
2026-08-21,NFL,e5dd9cc3fd5452d55c250949e946743d,2027-01-03T18:00:00Z,2026-08-21T16:13:41Z,,"Fri, 21 Aug 2026 16:13:41 GMT",2026-08-21T16:12:51Z,Atlanta Falcons,New Orleans Saints,draftkings,-122,102,-1.5,-110,1.5,-110,44.5,-110,-110
2026-08-21,NFL,d9a186d988a3ede2a33e504f4890fe52,2027-01-03T18:00:00Z,2026-08-21T16:13:41Z,,"Fri, 21 Aug 2026 16:13:41 GMT",2026-08-21T16:12:51Z,Miami Dolphins,Buffalo Bills,draftkings,295,-375,7.5,-110,-7.5,-110,47.5,-110,-110
2026-08-21,NFL,b009f04b4f61b264a5163157c3439dc1,2027-01-03T18:00:00Z,2026-08-21T16:13:41Z,,"Fri, 21 Aug 2026 16:13:41 GMT",2026-08-21T16:12:51Z,Carolina Panthers,Seattle Seahawks,draftkings,195,-238,5.5,-110,-5.5,-110,42.5,-110,-110
2026-08-21,NFL,f2e03f9b857485bb13211ee0f5eb5935,2027-01-03T18:00:00Z,2026-08-21T16:13:41Z,,"Fri, 21 Aug 2026 16:13:41 GMT",2026-08-21T16:12:51Z,Cleveland Browns,Indianapolis Colts,draftkings,114,-135,2.5,-110,-2.5,-110,43.5,-110,-110
2026-08-21,NFL,c8945d476449633912cf51a346ac98ca,2027-01-03T18:00:00Z,2026-08-21T16:13:41Z,,"Fri, 21 Aug 2026 16:13:41 GMT",2026-08-21T16:12:51Z,Dallas Cowboys,New York Giants,draftkings,-218,180,-4.5,-110,4.5,-110,49.5,-110,-110
2026-08-21,NFL,f62dba1e231083f489c391271a1f171c,2027-01-03T18:00:00Z,2026-08-21T16:13:41Z,,"Fri, 21 Aug 2026 16:13:41 GMT",2026-08-21T16:12:51Z,New England Patriots,Denver Broncos,draftkings,-135,114,-2.5,-110,2.5,-110,42.5,-110,-110
2026-08-21,NFL,c96a3e9e40569b4ed5a546dff131c61d,2027-01-03T18:00:00Z,2026-08-21T16:13:41Z,,"Fri, 21 Aug 2026 16:13:41 GMT",2026-08-21T16:12:51Z,Jacksonville Jaguars,Washington Commanders,draftkings,-185,154,-3.5,-110,3.5,-110,48.5,-110,-110
2026-08-21,NFL,419106b9bcc9f7ef39cfc2d1ee9a3f87,2027-01-03T18:00:00Z,2026-08-21T16:13:41Z,,"Fri, 21 Aug 2026 16:13:41 GMT",2026-08-21T16:12:51Z,Tampa Bay Buccaneers,Los Angeles Rams,draftkings,180,-218,4.5,-110,-4.5,-110,48.5,-110,-110
2026-08-21,NFL,bfe51fa0034c9d22a69ffd80e2d717f5,2027-01-03T18:00:00Z,2026-08-21T16:13:41Z,,"Fri, 21 Aug 2026 16:13:41 GMT",2026-08-21T16:12:51Z,New York Jets,Minnesota Vikings,draftkings,154,-185,3.5,-110,-3.5,-110,39.5,-110,-110
2026-08-21,NFL,d0ffa5ed13cbd7610f9176041464404a,2027-01-03T18:00:00Z,2026-08-21T16:13:41Z,,"Fri, 21 Aug 2026 16:13:41 GMT",2026-08-21T16:12:51Z,Tennessee Titans,Pittsburgh Steelers,draftkings,105,-125,1.5,-110,-1.5,-110,42.5,-110,-110
2026-08-21,NFL,08abdb683fcb6d77f66baed136f47283,2027-01-03T21:05:00Z,2026-08-21T16:13:41Z,,"Fri, 21 Aug 2026 16:13:41 GMT",2026-08-21T16:12:51Z,Arizona Cardinals,Las Vegas Raiders,draftkings,110,-130,1.5,-105,-1.5,-115,42.5,-110,-110
2026-08-21,NFL,12089441cea51add4694cdde98b4a5b7,2027-01-03T21:25:00Z,2026-08-21T16:13:41Z,,"Fri, 21 Aug 2026 16:13:41 GMT",2026-08-21T16:12:51Z,Chicago Bears,Detroit Lions,draftkings,-125,105,-1.5,-110,1.5,-110,49.5,-110,-110
2026-08-21,NFL,67d842cb73300ef923959105698b63bb,2027-01-03T21:25:00Z,2026-08-21T16:13:41Z,,"Fri, 21 Aug 2026 16:13:41 GMT",2026-08-21T16:12:51Z,Los Angeles Chargers,Kansas City Chiefs,draftkings,-125,105,-1.5,-110,1.5,-110,45.5,-110,-110
2026-08-21,NFL,e7820b1226edbb1ef1fddce6b20f963d,2027-01-04T01:20:00Z,2026-08-21T16:13:41Z,,"Fri, 21 Aug 2026 16:13:41 GMT",2026-08-21T16:12:51Z,San Francisco 49ers,Philadelphia Eagles,draftkings,-125,105,-1.5,-110,1.5,-110,45.5,-110,-110
2026-08-21,NFL,37bc346543da471e067b695b862ccfe9,2027-01-05T01:15:00Z,2026-08-21T16:13:41Z,,"Fri, 21 Aug 2026 16:13:41 GMT",2026-08-21T16:12:51Z,Green Bay Packers,Houston Texans,draftkings,-135,114,-2.5,-110,2.5,-110,42.5,-110,-110
2026-08-21,NFL,7f809a45bc8baedf0cb0259e7da7cd29,2027-01-10T18:00:00Z,2026-08-21T16:13:41Z,,"Fri, 21 Aug 2026 16:13:41 GMT",2026-08-21T16:12:51Z,Carolina Panthers,Atlanta Falcons,draftkings,-135,114,-2.5,-110,2.5,-110,41.5,-110,-110
2026-08-21,NFL,d7da5587a88a7fc35c36b453d3264d5a,2027-01-10T18:00:00Z,2026-08-21T16:13:41Z,,"Fri, 21 Aug 2026 16:13:41 GMT",2026-08-21T16:12:51Z,Baltimore Ravens,Pittsburgh Steelers,draftkings,-238,195,-5.5,-110,5.5,-110,43.5,-110,-110
2026-08-21,NFL,97cbd9ad26dff1af47192120defe112d,2027-01-10T18:00:00Z,2026-08-21T16:13:41Z,,"Fri, 21 Aug 2026 16:13:41 GMT",2026-08-21T16:12:51Z,Buffalo Bills,New York Jets,draftkings,-470,360,-10.0,-110,10.0,-110,43.5,-110,-110
2026-08-21,NFL,d190fb7ea85c33b96a495041dad22142,2027-01-10T18:00:00Z,2026-08-21T16:13:41Z,,"Fri, 21 Aug 2026 16:13:41 GMT",2026-08-21T16:12:51Z,Minnesota Vikings,Chicago Bears,draftkings,-125,105,-1.5,-110,1.5,-110,43.5,-110,-110
2026-08-21,NFL,8c16104c8afc72b583531508b2aa1c33,2027-01-10T18:00:00Z,2026-08-21T16:13:41Z,,"Fri, 21 Aug 2026 16:13:41 GMT",2026-08-21T16:12:51Z,Cincinnati Bengals,Cleveland Browns,draftkings,-360,285,-7.5,-110,7.5,-110,43.5,-110,-110
2026-08-21,NFL,3f460f14b810d7bf642bdf7b658530c0,2027-01-10T18:00:00Z,2026-08-21T16:13:41Z,,"Fri, 21 Aug 2026 16:13:41 GMT",2026-08-21T16:12:51Z,Washington Commanders,Dallas Cowboys,draftkings,105,-125,1.5,-110,-1.5,-110,49.5,-110,-110
2026-08-21,NFL,71d0d10e384393c1e071c39dd3931c19,2027-01-10T18:00:00Z,2026-08-21T16:13:41Z,,"Fri, 21 Aug 2026 16:13:41 GMT",2026-08-21T16:12:51Z,Denver Broncos,Los Angeles Chargers,draftkings,-125,105,-1.5,-110,1.5,-110,41.5,-110,-110
2026-08-21,NFL,8f81778bbdb984be44e24a3d55a49b4d,2027-01-10T18:00:00Z,2026-08-21T16:13:41Z,,"Fri, 21 Aug 2026 16:13:41 GMT",2026-08-21T16:12:51Z,Green Bay Packers,Detroit Lions,draftkings,-135,114,-2.5,-110,2.5,-110,47.5,-110,-110
2026-08-21,NFL,9bb63096709ba607443c454d2a813b14,2027-01-10T18:00:00Z,2026-08-21T16:13:41Z,,"Fri, 21 Aug 2026 16:13:41 GMT",2026-08-21T16:12:51Z,Houston Texans,Tennessee Titans,draftkings,-298,240,-7.0,-110,7.0,-110,39.5,-110,-110
2026-08-21,NFL,bea47af467e217653bba8d69888e4d95,2027-01-10T18:00:00Z,2026-08-21T16:13:41Z,,"Fri, 21 Aug 2026 16:13:41 GMT",2026-08-21T16:12:51Z,Indianapolis Colts,Jacksonville Jaguars,draftkings,-125,105,-1.5,-110,1.5,-110,46.5,-110,-110
2026-08-21,NFL,bb66a6f02c535c0cd8b9c689a5513687,2027-01-10T18:00:00Z,2026-08-21T16:13:41Z,,"Fri, 21 Aug 2026 16:13:41 GMT",2026-08-21T16:12:51Z,Kansas City Chiefs,Las Vegas Raiders,draftkings,-360,285,-8.5,-110,8.5,-110,40.5,-110,-110
2026-08-21,NFL,f370f9410ef82b37bd15d1719434370b,2027-01-10T18:00:00Z,2026-08-21T16:13:41Z,,"Fri, 21 Aug 2026 16:13:41 GMT",2026-08-21T16:12:51Z,New England Patriots,Miami Dolphins,draftkings,-575,425,-10.5,-110,10.5,-110,42.5,-110,-110
2026-08-21,NFL,7b8ce34c0e173e4ff6ccf8e8caa09113,2027-01-10T18:00:00Z,2026-08-21T16:13:41Z,,"Fri, 21 Aug 2026 16:13:41 GMT",2026-08-21T16:12:51Z,New Orleans Saints,Tampa Bay Buccaneers,draftkings,102,-122,1.5,-110,-1.5,-110,43.5,-110,-110
2026-08-21,NFL,01baed6f9d6482c5d89d37379c7c63c7,2027-01-10T18:00:00Z,2026-08-21T16:13:41Z,,"Fri, 21 Aug 2026 16:13:41 GMT",2026-08-21T16:12:51Z,New York Giants,Philadelphia Eagles,draftkings,136,-162,3.0,-110,-3.0,-110,41.5,-110,-110
2026-08-21,NFL,f1480276ab67dcf60686556ba9336695,2027-01-10T21:05:00Z,2026-08-21T16:13:41Z,,"Fri, 21 Aug 2026 16:13:41 GMT",2026-08-21T16:12:51Z,Arizona Cardinals,San Francisco 49ers,draftkings,330,-425,8.5,-110,-8.5,-110,44.5,-110,-110
2026-08-21,NFL,dc2d9177b48e6f3962dabb1407aba7d3,2027-01-10T21:05:00Z,2026-08-21T16:13:41Z,,"Fri, 21 Aug 2026 16:13:41 GMT",2026-08-21T16:12:51Z,Los Angeles Rams,Seattle Seahawks,draftkings,-162,136,-3.0,-110,3.0,-110,44.5,-110,-110
2026-08-21,CFB,2c288580da16e12d35355f2548721be6,2026-08-29T16:00:00Z,2026-08-21T16:13:41Z,,"Fri, 21 Aug 2026 16:13:41 GMT",2026-08-21T16:13:40Z,TCU Horned Frogs,North Carolina Tar Heels,fanduel,-310,245,-7.5,-110,7.5,-110,47.5,-115,-105
2026-08-21,CFB,2c288580da16e12d35355f2548721be6,2026-08-29T16:00:00Z,2026-08-21T16:13:41Z,,"Fri, 21 Aug 2026 16:13:41 GMT",2026-08-21T16:13:10Z,TCU Horned Frogs,North Carolina Tar Heels,draftkings,-325,260,-7.5,-118,7.5,-102,47.5,-108,-112
2026-08-21,CFB,2c288580da16e12d35355f2548721be6,2026-08-29T16:00:00Z,2026-08-21T16:13:41Z,,"Fri, 21 Aug 2026 16:13:41 GMT",2026-08-21T16:13:11Z,TCU Horned Frogs,North Carolina Tar Heels,betmgm,-325,260,-7.5,-115,7.5,-105,47.5,-110,-110
2026-08-21,CFB,2c288580da16e12d35355f2548721be6,2026-08-29T16:00:00Z,2026-08-21T16:13:41Z,,"Fri, 21 Aug 2026 16:13:41 GMT",2026-08-21T16:12:29Z,TCU Horned Frogs,North Carolina Tar Heels,betrivers,-345,255,-8.0,-109,8.0,-113,48.0,-110,-113
2026-08-21,CFB,3313dcc5e91f9a2dda995a5e36e55f52,2026-08-29T19:00:00Z,2026-08-21T16:13:41Z,,"Fri, 21 Aug 2026 16:13:41 GMT",2026-08-21T16:13:10Z,USC Trojans,San Jose State Spartans,draftkings,,,-38.5,-105,38.5,-115,60.5,-112,-108
2026-08-21,CFB,3313dcc5e91f9a2dda995a5e36e55f52,2026-08-29T19:00:00Z,2026-08-21T16:13:41Z,,"Fri, 21 Aug 2026 16:13:41 GMT",2026-08-21T16:13:40Z,USC Trojans,San Jose State Spartans,fanduel,,,-38.5,-105,38.5,-115,60.5,-110,-110
2026-08-21,CFB,3313dcc5e91f9a2dda995a5e36e55f52,2026-08-29T19:00:00Z,2026-08-21T16:13:41Z,,"Fri, 21 Aug 2026 16:13:41 GMT",2026-08-21T16:13:11Z,USC Trojans,San Jose State Spartans,betmgm,,,-38.5,-110,38.5,-110,60.5,-110,-110
2026-08-21,CFB,3313dcc5e91f9a2dda995a5e36e55f52,2026-08-29T19:00:00Z,2026-08-21T16:13:41Z,,"Fri, 21 Aug 2026 16:13:41 GMT",2026-08-21T16:12:29Z,USC Trojans,San Jose State Spartans,betrivers,,,-38.5,-112,38.5,-112,60.5,-113,-109
2026-08-21,CFB,123a238486098cc9e8f71fea0cf4e7b0,2026-08-29T19:30:00Z,2026-08-21T16:13:41Z,,"Fri, 21 Aug 2026 16:13:41 GMT",2026-08-21T16:13:40Z,Virginia Cavaliers,NC State Wolfpack,fanduel,-225,184,-5.5,-115,5.5,-105,53.5,-110,-110
2026-08-21,CFB,123a238486098cc9e8f71fea0cf4e7b0,2026-08-29T19:30:00Z,2026-08-21T16:13:41Z,,"Fri, 21 Aug 2026 16:13:41 GMT",2026-08-21T16:13:10Z,Virginia Cavaliers,NC State Wolfpack,draftkings,-218,180,-5.5,-110,5.5,-110,53.5,-108,-112
2026-08-21,CFB,123a238486098cc9e8f71fea0cf4e7b0,2026-08-29T19:30:00Z,2026-08-21T16:13:41Z,,"Fri, 21 Aug 2026 16:13:41 GMT",2026-08-21T16:13:11Z,Virginia Cavaliers,NC State Wolfpack,betmgm,-210,170,-5.5,-110,5.5,-110,53.5,-110,-110
2026-08-21,CFB,123a238486098cc9e8f71fea0cf4e7b0,2026-08-29T19:30:00Z,2026-08-21T16:13:41Z,,"Fri, 21 Aug 2026 16:13:41 GMT",2026-08-21T16:12:29Z,Virginia Cavaliers,NC State Wolfpack,betrivers,-225,175,-6.0,-110,6.0,-113,53.5,-113,-109
2026-08-21,CFB,b9d8d9eeb4afdebe9f91de7f8253eb07,2026-08-29T21:30:00Z,2026-08-21T16:13:41Z,,"Fri, 21 Aug 2026 16:13:41 GMT",2026-08-21T16:13:10Z,North Dakota State Bison,Jacksonville State Gamecocks,draftkings,-270,220,-7.0,-110,7.0,-110,46.5,-110,-110
2026-08-21,CFB,b9d8d9eeb4afdebe9f91de7f8253eb07,2026-08-29T21:30:00Z,2026-08-21T16:13:41Z,,"Fri, 21 Aug 2026 16:13:41 GMT",2026-08-21T16:13:40Z,North Dakota State Bison,Jacksonville State Gamecocks,fanduel,-250,202,-6.5,-115,6.5,-105,46.5,-110,-110
2026-08-21,CFB,b9d8d9eeb4afdebe9f91de7f8253eb07,2026-08-29T21:30:00Z,2026-08-21T16:13:41Z,,"Fri, 21 Aug 2026 16:13:41 GMT",2026-08-21T16:13:11Z,North Dakota State Bison,Jacksonville State Gamecocks,betmgm,-275,220,-6.5,-120,6.5,100,46.5,-110,-110
2026-08-21,CFB,b9d8d9eeb4afdebe9f91de7f8253eb07,2026-08-29T21:30:00Z,2026-08-21T16:13:41Z,,"Fri, 21 Aug 2026 16:13:41 GMT",2026-08-21T16:12:29Z,North Dakota State Bison,Jacksonville State Gamecocks,betrivers,-275,210,-7.0,-108,7.0,-115,46.0,-112,-112
2026-08-21,CFB,7fd4a16a262295143f08276821b259a4,2026-08-29T22:30:00Z,2026-08-21T16:13:41Z,,"Fri, 21 Aug 2026 16:13:41 GMT",2026-08-21T16:13:10Z,Eastern Michigan Eagles,Sacramento State Hornets,draftkings,-325,260,-8.5,-112,8.5,-108,52.5,-110,-110
2026-08-21,CFB,7fd4a16a262295143f08276821b259a4,2026-08-29T22:30:00Z,2026-08-21T16:13:41Z,,"Fri, 21 Aug 2026 16:13:41 GMT",2026-08-21T16:13:40Z,Eastern Michigan Eagles,Sacramento State Hornets,fanduel,-375,290,-9.5,-108,9.5,-112,52.5,-112,-108
2026-08-21,CFB,7fd4a16a262295143f08276821b259a4,2026-08-29T22:30:00Z,2026-08-21T16:13:41Z,,"Fri, 21 Aug 2026 16:13:41 GMT",2026-08-21T16:13:11Z,Eastern Michigan Eagles,Sacramento State Hornets,betmgm,-325,260,-8.5,-110,8.5,-110,52.5,-110,-110
2026-08-21,CFB,7fd4a16a262295143f08276821b259a4,2026-08-29T22:30:00Z,2026-08-21T16:13:41Z,,"Fri, 21 Aug 2026 16:13:41 GMT",2026-08-21T16:12:29Z,Eastern Michigan Eagles,Sacramento State Hornets,betrivers,-345,265,-8.5,-110,8.5,-113,52.5,-112,-112
2026-08-21,CFB,9bbc04340f2b3f77756a22bc44e1a4a4,2026-08-29T23:00:00Z,2026-08-21T16:13:41Z,,"Fri, 21 Aug 2026 16:13:41 GMT",2026-08-21T16:13:10Z,Florida State Seminoles,New Mexico State Aggies,draftkings,-6500,2000,-31.5,-102,31.5,-118,53.5,-108,-112
2026-08-21,CFB,9bbc04340f2b3f77756a22bc44e1a4a4,2026-08-29T23:00:00Z,2026-08-21T16:13:41Z,,"Fri, 21 Aug 2026 16:13:41 GMT",2026-08-21T16:13:40Z,Florida State Seminoles,New Mexico State Aggies,fanduel,-10000,2800,-30.5,-115,30.5,-105,52.5,-115,-105
2026-08-21,CFB,9bbc04340f2b3f77756a22bc44e1a4a4,2026-08-29T23:00:00Z,2026-08-21T16:13:41Z,,"Fri, 21 Aug 2026 16:13:41 GMT",2026-08-21T16:13:11Z,Florida State Seminoles,New Mexico State Aggies,betmgm,-10000,1800,-31.5,-110,31.5,-110,53.5,-110,-110
2026-08-21,CFB,9bbc04340f2b3f77756a22bc44e1a4a4,2026-08-29T23:00:00Z,2026-08-21T16:13:41Z,,"Fri, 21 Aug 2026 16:13:41 GMT",2026-08-21T16:12:29Z,Florida State Seminoles,New Mexico State Aggies,betrivers,,,-31.5,-110,31.5,-113,53.5,-110,-113
2026-08-21,CFB,24941bb5e2e6f79d944530b0b8ea4be5,2026-08-29T23:00:00Z,2026-08-21T16:13:41Z,,"Fri, 21 Aug 2026 16:13:41 GMT",2026-08-21T16:13:10Z,Stanford Cardinal,Hawaii Rainbow Warriors,draftkings,-218,180,-5.5,-108,5.5,-112,49.5,-105,-115
2026-08-21,CFB,24941bb5e2e6f79d944530b0b8ea4be5,2026-08-29T23:00:00Z,2026-08-21T16:13:41Z,,"Fri, 21 Aug 2026 16:13:41 GMT",2026-08-21T16:13:40Z,Stanford Cardinal,Hawaii Rainbow Warriors,fanduel,-220,180,-5.5,-118,5.5,-104,48.5,-110,-110
2026-08-21,CFB,24941bb5e2e6f79d944530b0b8ea4be5,2026-08-29T23:00:00Z,2026-08-21T16:13:41Z,,"Fri, 21 Aug 2026 16:13:41 GMT",2026-08-21T16:13:11Z,Stanford Cardinal,Hawaii Rainbow Warriors,betmgm,-220,180,-5.5,-110,5.5,-110,49.5,-105,-115
2026-08-21,CFB,24941bb5e2e6f79d944530b0b8ea4be5,2026-08-29T23:00:00Z,2026-08-21T16:13:41Z,,"Fri, 21 Aug 2026 16:13:41 GMT",2026-08-21T16:12:29Z,Stanford Cardinal,Hawaii Rainbow Warriors,betrivers,-235,185,-6.0,-110,6.0,-113,49.5,-113,-110
2026-08-21,CFB,90d9b4e9c9485143021eb1535e792164,2026-08-30T02:00:00Z,2026-08-21T16:13:41Z,,"Fri, 21 Aug 2026 16:13:41 GMT",2026-08-21T16:13:10Z,UNLV Rebels,Memphis Tigers,draftkings,-218,180,-5.5,-110,5.5,-110,56.5,-112,-108
2026-08-21,CFB,90d9b4e9c9485143021eb1535e792164,2026-08-30T02:00:00Z,2026-08-21T16:13:41Z,,"Fri, 21 Aug 2026 16:13:41 GMT",2026-08-21T16:13:40Z,UNLV Rebels,Memphis Tigers,fanduel,-245,195,-5.5,-122,5.5,100,57.5,-110,-110
2026-08-21,CFB,90d9b4e9c9485143021eb1535e792164,2026-08-30T02:00:00Z,2026-08-21T16:13:41Z,,"Fri, 21 Aug 2026 16:13:41 GMT",2026-08-21T16:13:11Z,UNLV Rebels,Memphis Tigers,betmgm,-235,190,-5.5,-110,5.5,-110,56.5,-115,-105
2026-08-21,CFB,90d9b4e9c9485143021eb1535e792164,2026-08-30T02:00:00Z,2026-08-21T16:13:41Z,,"Fri, 21 Aug 2026 16:13:41 GMT",2026-08-21T16:12:29Z,UNLV Rebels,Memphis Tigers,betrivers,-215,170,-5.5,-113,5.5,-110,57.5,-114,-109
2026-08-21,CFB,e564afb0a5ab84ab43befa56bdb90522,2026-09-03T22:00:00Z,2026-08-21T16:13:41Z,,"Fri, 21 Aug 2026 16:13:41 GMT",2026-08-21T16:13:10Z,Rutgers Scarlet Knights,UMass Minutemen,draftkings,-6500,2000,-30.5,-120,30.5,100,53.5,-110,-110
2026-08-21,CFB,e564afb0a5ab84ab43befa56bdb90522,2026-09-03T22:00:00Z,2026-08-21T16:13:41Z,,"Fri, 21 Aug 2026 16:13:41 GMT",2026-08-21T16:13:11Z,Rutgers Scarlet Knights,UMass Minutemen,betmgm,,,-30.5,-115,30.5,-105,53.5,-115,-105
2026-08-21,CFB,e564afb0a5ab84ab43befa56bdb90522,2026-09-03T22:00:00Z,2026-08-21T16:13:41Z,,"Fri, 21 Aug 2026 16:13:41 GMT",2026-08-21T16:12:29Z,Rutgers Scarlet Knights,UMass Minutemen,betrivers,,,-30.5,-115,30.5,-108,55.0,-108,-114
2026-08-21,CFB,f089e3d943a34a9c4fe1808568b96529,2026-09-03T23:00:00Z,2026-08-21T16:13:41Z,,"Fri, 21 Aug 2026 16:13:41 GMT",2026-08-21T16:13:11Z,Wake Forest Demon Deacons,Akron Zips,draftkings,-2800,1300,-23.5,-112,23.5,-108,49.5,-112,-108
2026-08-21,CFB,f089e3d943a34a9c4fe1808568b96529,2026-09-03T23:00:00Z,2026-08-21T16:13:41Z,,"Fri, 21 Aug 2026 16:13:41 GMT",2026-08-21T16:13:40Z,Wake Forest Demon Deacons,Akron Zips,fanduel,-4000,1400,-23.5,-122,23.5,100,49.5,-114,-106
2026-08-21,CFB,f089e3d943a34a9c4fe1808568b96529,2026-09-03T23:00:00Z,2026-08-21T16:13:41Z,,"Fri, 21 Aug 2026 16:13:41 GMT",2026-08-21T16:13:11Z,Wake Forest Demon Deacons,Akron Zips,betmgm,-3000,1200,-23.5,-115,23.5,-105,49.5,-115,-105
2026-08-21,CFB,f089e3d943a34a9c4fe1808568b96529,2026-09-03T23:00:00Z,2026-08-21T16:13:41Z,,"Fri, 21 Aug 2026 16:13:41 GMT",2026-08-21T16:12:29Z,Wake Forest Demon Deacons,Akron Zips,betrivers,,,-23.5,-112,23.5,-112,49.5,-114,-109
2026-08-21,CFB,2f02052c3228ed6d9dc2e8ff8cdf5cdd,2026-09-03T23:00:00Z,2026-08-21T16:13:41Z,,"Fri, 21 Aug 2026 16:13:41 GMT",2026-08-21T16:13:40Z,Buffalo Bulls,Albany,fanduel,-7000,2000,-26.5,-115,26.5,-105,48.5,-110,-110
2026-08-21,CFB,2f02052c3228ed6d9dc2e8ff8cdf5cdd,2026-09-03T23:00:00Z,2026-08-21T16:13:41Z,,"Fri, 21 Aug 2026 16:13:41 GMT",2026-08-21T16:13:11Z,Buffalo Bulls,Albany,draftkings,-8000,2200,-24.5,-108,24.5,-112,48.5,-108,-112
2026-08-21,CFB,2f02052c3228ed6d9dc2e8ff8cdf5cdd,2026-09-03T23:00:00Z,2026-08-21T16:13:41Z,,"Fri, 21 Aug 2026 16:13:41 GMT",2026-08-21T16:12:29Z,Buffalo Bulls,Albany,betrivers,,,-25.0,-114,25.0,-108,48.5,-112,-112
2026-08-21,CFB,d9f49d1967af91e2aade42979e8c65c8,2026-09-03T23:00:00Z,2026-08-21T16:13:41Z,,"Fri, 21 Aug 2026 16:13:41 GMT",2026-08-21T16:13:40Z,UCF Knights,Bethune-Cookman Wildcats,fanduel,,,-39.5,-115,39.5,-105,57.5,-108,-112
2026-08-21,CFB,d9f49d1967af91e2aade42979e8c65c8,2026-09-03T23:00:00Z,2026-08-21T16:13:41Z,,"Fri, 21 Aug 2026 16:13:41 GMT",2026-08-21T16:13:11Z,UCF Knights,Bethune-Cookman Wildcats,draftkings,,,-41.5,-110,41.5,-110,59.5,-112,-108
2026-08-21,CFB,d9f49d1967af91e2aade42979e8c65c8,2026-09-03T23:00:00Z,2026-08-21T16:13:41Z,,"Fri, 21 Aug 2026 16:13:41 GMT",2026-08-21T16:12:29Z,UCF Knights,Bethune-Cookman Wildcats,betrivers,,,-39.5,-113,39.5,-110,59.0,-112,-112
2026-08-21,CFB,99279326548a5f5399cc9a2efe27a057,2026-09-03T23:00:00Z,2026-08-21T16:13:41Z,,"Fri, 21 Aug 2026 16:13:41 GMT",2026-08-21T16:13:40Z,Delaware Blue Hens,Merrimack Warriors,fanduel,-10000,2400,-28.5,-115,28.5,-105,56.5,-110,-110
2026-08-21,CFB,99279326548a5f5399cc9a2efe27a057,2026-09-03T23:00:00Z,2026-08-21T16:13:41Z,,"Fri, 21 Aug 2026 16:13:41 GMT",2026-08-21T16:13:10Z,Delaware Blue Hens,Merrimack Warriors,draftkings,-10000,3000,-28.5,-112,28.5,-108,55.5,-112,-108
2026-08-21,CFB,99279326548a5f5399cc9a2efe27a057,2026-09-03T23:00:00Z,2026-08-21T16:13:41Z,,"Fri, 21 Aug 2026 16:13:41 GMT",2026-08-21T16:12:29Z,Delaware Blue Hens,Merrimack Warriors,betrivers,,,-28.0,-110,28.0,-113,56.5,-114,-109
2026-08-21,CFB,018e668269a3b5dc4055758ca86b1062,2026-09-03T23:00:00Z,2026-08-21T16:13:41Z,,"Fri, 21 Aug 2026 16:13:41 GMT",2026-08-21T16:13:40Z,Kennesaw State Owls,West Georgia Wolves,fanduel,-3500,1280,-23.5,-115,23.5,-105,53.5,-110,-110
2026-08-21,CFB,018e668269a3b5dc4055758ca86b1062,2026-09-03T23:00:00Z,2026-08-21T16:13:41Z,,"Fri, 21 Aug 2026 16:13:41 GMT",2026-08-21T16:13:11Z,Kennesaw State Owls,West Georgia Wolves,draftkings,-3600,1500,-22.5,-105,22.5,-115,51.5,-108,-112
2026-08-21,CFB,64cf9eedef7f4c7a764860a59f3c4329,2026-09-04T00:00:00Z,2026-08-21T16:13:41Z,,"Fri, 21 Aug 2026 16:13:41 GMT",2026-08-21T16:13:40Z,Missouri Tigers,Arkansas Pine Bluff Golden Lions,fanduel,,,-53.5,-110,53.5,-110,62.5,-115,-105
2026-08-21,CFB,64cf9eedef7f4c7a764860a59f3c4329,2026-09-04T00:00:00Z,2026-08-21T16:13:41Z,,"Fri, 21 Aug 2026 16:13:41 GMT",2026-08-21T16:13:11Z,Missouri Tigers,Arkansas Pine Bluff Golden Lions,draftkings,,,-54.5,-108,54.5,-112,60.5,-112,-108
2026-08-21,CFB,64cf9eedef7f4c7a764860a59f3c4329,2026-09-04T00:00:00Z,2026-08-21T16:13:41Z,,"Fri, 21 Aug 2026 16:13:41 GMT",2026-08-21T16:12:29Z,Missouri Tigers,Arkansas Pine Bluff Golden Lions,betrivers,,,-51.0,-110,51.0,-113,62.0,-110,-113
2026-08-21,CFB,1d6daad1c93bf7e5ae16be1db12e27d5,2026-09-04T00:00:00Z,2026-08-21T16:13:41Z,,"Fri, 21 Aug 2026 16:13:41 GMT",2026-08-21T16:13:11Z,Georgia Tech Yellow Jackets,Colorado Buffaloes,draftkings,-250,205,-6.5,-115,6.5,-105,50.5,-115,-105
2026-08-21,CFB,1d6daad1c93bf7e5ae16be1db12e27d5,2026-09-04T00:00:00Z,2026-08-21T16:13:41Z,,"Fri, 21 Aug 2026 16:13:41 GMT",2026-08-21T16:13:40Z,Georgia Tech Yellow Jackets,Colorado Buffaloes,fanduel,-245,198,-6.5,-110,6.5,-110,50.5,-115,-105
2026-08-21,CFB,1d6daad1c93bf7e5ae16be1db12e27d5,2026-09-04T00:00:00Z,2026-08-21T16:13:41Z,,"Fri, 21 Aug 2026 16:13:41 GMT",2026-08-21T16:13:11Z,Georgia Tech Yellow Jackets,Colorado Buffaloes,betmgm,-275,220,-6.5,-115,6.5,-105,50.5,-110,-110
2026-08-21,CFB,1d6daad1c93bf7e5ae16be1db12e27d5,2026-09-04T00:00:00Z,2026-08-21T16:13:41Z,,"Fri, 21 Aug 2026 16:13:41 GMT",2026-08-21T16:12:29Z,Georgia Tech Yellow Jackets,Colorado Buffaloes,betrivers,-265,200,-6.5,-117,6.5,-107,50.5,-113,-110
2026-08-21,CFB,e746bf44bc7bb95a7686770723882d70,2026-09-04T00:00:00Z,2026-08-21T16:13:41Z,,"Fri, 21 Aug 2026 16:13:41 GMT",2026-08-21T16:13:40Z,Minnesota Golden Gophers,Eastern Illinois Panthers,fanduel,,,-45.5,-110,45.5,-110,51.5,-108,-112
2026-08-21,CFB,e746bf44bc7bb95a7686770723882d70,2026-09-04T00:00:00Z,2026-08-21T16:13:41Z,,"Fri, 21 Aug 2026 16:13:41 GMT",2026-08-21T16:13:11Z,Minnesota Golden Gophers,Eastern Illinois Panthers,draftkings,,,-43.5,-112,43.5,-108,51.5,-112,-108
2026-08-21,CFB,e746bf44bc7bb95a7686770723882d70,2026-09-04T00:00:00Z,2026-08-21T16:13:41Z,,"Fri, 21 Aug 2026 16:13:41 GMT",2026-08-21T16:12:29Z,Minnesota Golden Gophers,Eastern Illinois Panthers,betrivers,,,-44.0,-108,44.0,-115,51.5,-115,-108
2026-08-21,CFB,86e3c86de584357bb263fa4ae819ed30,2026-09-04T01:00:00Z,2026-08-21T16:13:41Z,,"Fri, 21 Aug 2026 16:13:41 GMT",2026-08-21T16:13:40Z,Utah Utes,Idaho Vandals,fanduel,-30000,4000,-34.5,-110,34.5,-110,57.5,-110,-110
2026-08-21,CFB,86e3c86de584357bb263fa4ae819ed30,2026-09-04T01:00:00Z,2026-08-21T16:13:41Z,,"Fri, 21 Aug 2026 16:13:41 GMT",2026-08-21T16:13:11Z,Utah Utes,Idaho Vandals,draftkings,-50000,4000,-32.5,-108,32.5,-112,56.5,-108,-112
2026-08-21,CFB,86e3c86de584357bb263fa4ae819ed30,2026-09-04T01:00:00Z,2026-08-21T16:13:41Z,,"Fri, 21 Aug 2026 16:13:41 GMT",2026-08-21T16:12:29Z,Utah Utes,Idaho Vandals,betrivers,,,-33.5,-115,33.5,-108,57.5,-112,-112
2026-08-21,CFB,1697069330d0343bdf7930ac0b0c3863,2026-09-04T01:00:00Z,2026-08-21T16:13:41Z,,"Fri, 21 Aug 2026 16:13:41 GMT",2026-08-21T16:13:11Z,Illinois Fighting Illini,UAB Blazers,draftkings,-10000,3000,-28.5,-102,28.5,-118,56.5,-115,-105
2026-08-21,CFB,1697069330d0343bdf7930ac0b0c3863,2026-09-04T01:00:00Z,2026-08-21T16:13:41Z,,"Fri, 21 Aug 2026 16:13:41 GMT",2026-08-21T16:13:40Z,Illinois Fighting Illini,UAB Blazers,fanduel,-8000,2200,-28.5,-110,28.5,-110,56.5,-110,-110
2026-08-21,CFB,1697069330d0343bdf7930ac0b0c3863,2026-09-04T01:00:00Z,2026-08-21T16:13:41Z,,"Fri, 21 Aug 2026 16:13:41 GMT",2026-08-21T16:13:11Z,Illinois Fighting Illini,UAB Blazers,betmgm,-10000,1800,-28.5,-110,28.5,-110,56.5,-115,-105
2026-08-21,CFB,1697069330d0343bdf7930ac0b0c3863,2026-09-04T01:00:00Z,2026-08-21T16:13:41Z,,"Fri, 21 Aug 2026 16:13:41 GMT",2026-08-21T16:12:29Z,Illinois Fighting Illini,UAB Blazers,betrivers,,,-28.5,-108,28.5,-115,56.5,-112,-112
2026-08-21,CFB,171952045c3039d592807265d36b60d0,2026-09-04T22:30:00Z,2026-08-21T16:13:41Z,,"Fri, 21 Aug 2026 16:13:41 GMT",2026-08-21T16:13:11Z,Eastern Michigan Eagles,San Jose State Spartans,draftkings,-205,170,-4.5,-112,4.5,-108,53.5,-108,-112
2026-08-21,CFB,171952045c3039d592807265d36b60d0,2026-09-04T22:30:00Z,2026-08-21T16:13:41Z,,"Fri, 21 Aug 2026 16:13:41 GMT",2026-08-21T16:13:40Z,Eastern Michigan Eagles,San Jose State Spartans,fanduel,-194,160,-4.5,-110,4.5,-110,53.5,-110,-110
2026-08-21,CFB,171952045c3039d592807265d36b60d0,2026-09-04T22:30:00Z,2026-08-21T16:13:41Z,,"Fri, 21 Aug 2026 16:13:41 GMT",2026-08-21T16:12:29Z,Eastern Michigan Eagles,San Jose State Spartans,betrivers,-200,155,-4.5,-112,4.5,-112,53.5,-112,-112
2026-08-21,CFB,171952045c3039d592807265d36b60d0,2026-09-04T22:30:00Z,2026-08-21T16:13:41Z,,"Fri, 21 Aug 2026 16:13:41 GMT",2026-08-21T16:13:11Z,Eastern Michigan Eagles,San Jose State Spartans,betmgm,-200,165,-4.5,-110,4.5,-110,53.5,-110,-110
2026-08-21,CFB,d500b645ddca0f63d4d383778b3d5b21,2026-09-04T23:00:00Z,2026-08-21T16:13:41Z,,"Fri, 21 Aug 2026 16:13:41 GMT",2026-08-21T16:13:40Z,Georgia State Panthers,North Carolina A&T Aggies,fanduel,-7000,2000,-27.5,-120,27.5,-102,65.5,-110,-110
2026-08-21,CFB,d500b645ddca0f63d4d383778b3d5b21,2026-09-04T23:00:00Z,2026-08-21T16:13:41Z,,"Fri, 21 Aug 2026 16:13:41 GMT",2026-08-21T16:13:11Z,Georgia State Panthers,North Carolina A&T Aggies,draftkings,-5000,1800,-28.5,-112,28.5,-108,63.5,-108,-112
2026-08-21,CFB,d500b645ddca0f63d4d383778b3d5b21,2026-09-04T23:00:00Z,2026-08-21T16:13:41Z,,"Fri, 21 Aug 2026 16:13:41 GMT",2026-08-21T16:12:29Z,Georgia State Panthers,North Carolina A&T Aggies,betrivers,,,-28.5,-110,28.5,-113,64.5,-114,-109
2026-08-21,CFB,c424c1d6579f60f93c37698cc82f2ceb,2026-09-04T23:00:00Z,2026-08-21T16:13:41Z,,"Fri, 21 Aug 2026 16:13:41 GMT",2026-08-21T16:13:40Z,Purdue Boilermakers,Indiana State Sycamores,fanduel,,,-36.5,-115,36.5,-105,57.5,-110,-110
2026-08-21,CFB,c424c1d6579f60f93c37698cc82f2ceb,2026-09-04T23:00:00Z,2026-08-21T16:13:41Z,,"Fri, 21 Aug 2026 16:13:41 GMT",2026-08-21T16:13:11Z,Purdue Boilermakers,Indiana State Sycamores,draftkings,,,-34.5,-118,34.5,-102,56.5,-112,-108
2026-08-21,CFB,c424c1d6579f60f93c37698cc82f2ceb,2026-09-04T23:00:00Z,2026-08-21T16:13:41Z,,"Fri, 21 Aug 2026 16:13:41 GMT",2026-08-21T16:12:29Z,Purdue Boilermakers,Indiana State Sycamores,betrivers,,,-36.0,-110,36.0,-113,57.5,-112,-112
2026-08-21,CFB,604ae01f960f7be32aeb554f733be590,2026-09-05T00:00:00Z,2026-08-21T16:13:41Z,,"Fri, 21 Aug 2026 16:13:41 GMT",2026-08-21T16:13:40Z,Kansas Jayhawks,LIU Sharks,fanduel,,,-40.5,-105,40.5,-115,52.5,-110,-110
2026-08-21,CFB,604ae01f960f7be32aeb554f733be590,2026-09-05T00:00:00Z,2026-08-21T16:13:41Z,,"Fri, 21 Aug 2026 16:13:41 GMT",2026-08-21T16:13:11Z,Kansas Jayhawks,LIU Sharks,draftkings,,,-38.5,-105,38.5,-115,53.5,-112,-108
2026-08-21,CFB,604ae01f960f7be32aeb554f733be590,2026-09-05T00:00:00Z,2026-08-21T16:13:41Z,,"Fri, 21 Aug 2026 16:13:41 GMT",2026-08-21T16:12:29Z,Kansas Jayhawks,LIU Sharks,betrivers,,,-38.5,-112,38.5,-112,53.5,-114,-109
2026-08-21,CFB,05c2e060c97c538faeee8237a0bd60f0,2026-09-05T00:00:00Z,2026-08-21T16:13:41Z,,"Fri, 21 Aug 2026 16:13:41 GMT",2026-08-21T16:13:11Z,Michigan State Spartans,Toledo Rockets,draftkings,-410,320,-10.5,-105,10.5,-115,49.5,-108,-112
2026-08-21,CFB,05c2e060c97c538faeee8237a0bd60f0,2026-09-05T00:00:00Z,2026-08-21T16:13:41Z,,"Fri, 21 Aug 2026 16:13:41 GMT",2026-08-21T16:13:40Z,Michigan State Spartans,Toledo Rockets,fanduel,-430,330,-10.5,-110,10.5,-110,49.5,-110,-110
2026-08-21,CFB,05c2e060c97c538faeee8237a0bd60f0,2026-09-05T00:00:00Z,2026-08-21T16:13:41Z,,"Fri, 21 Aug 2026 16:13:41 GMT",2026-08-21T16:13:11Z,Michigan State Spartans,Toledo Rockets,betmgm,-450,350,-10.5,-110,10.5,-110,49.5,-110,-110
2026-08-21,CFB,05c2e060c97c538faeee8237a0bd60f0,2026-09-05T00:00:00Z,2026-08-21T16:13:41Z,,"Fri, 21 Aug 2026 16:13:41 GMT",2026-08-21T16:12:29Z,Michigan State Spartans,Toledo Rockets,betrivers,-480,350,-10.5,-109,10.5,-114,49.5,-114,-109
2026-08-21,CFB,7356f9bad07c48fc6b78f52e38c85c11,2026-09-05T00:00:00Z,2026-08-21T16:13:41Z,,"Fri, 21 Aug 2026 16:13:41 GMT",2026-08-21T16:13:11Z,Oklahoma Sooners,UTEP Miners,draftkings,,,-41.5,-115,41.5,-105,50.5,-112,-108
2026-08-21,CFB,7356f9bad07c48fc6b78f52e38c85c11,2026-09-05T00:00:00Z,2026-08-21T16:13:41Z,,"Fri, 21 Aug 2026 16:13:41 GMT",2026-08-21T16:13:40Z,Oklahoma Sooners,UTEP Miners,fanduel,,,-41.5,-110,41.5,-110,49.5,-114,-106
2026-08-21,CFB,7356f9bad07c48fc6b78f52e38c85c11,2026-09-05T00:00:00Z,2026-08-21T16:13:41Z,,"Fri, 21 Aug 2026 16:13:41 GMT",2026-08-21T16:13:11Z,Oklahoma Sooners,UTEP Miners,betmgm,,,-41.5,-115,41.5,-105,50.5,-110,-110
2026-08-21,CFB,7356f9bad07c48fc6b78f52e38c85c11,2026-09-05T00:00:00Z,2026-08-21T16:13:41Z,,"Fri, 21 Aug 2026 16:13:41 GMT",2026-08-21T16:12:29Z,Oklahoma Sooners,UTEP Miners,betrivers,,,-42.5,-109,42.5,-114,51.0,-112,-112
2026-08-21,CFB,a77e0c42754f1a99ae4fbea861a78408,2026-09-05T01:00:00Z,2026-08-21T16:13:41Z,,"Fri, 21 Aug 2026 16:13:41 GMT",2026-08-21T16:13:11Z,USC Trojans,Fresno State Bulldogs,draftkings,-3200,1400,-22.5,-115,22.5,-105,51.5,-108,-112
2026-08-21,CFB,a77e0c42754f1a99ae4fbea861a78408,2026-09-05T01:00:00Z,2026-08-21T16:13:41Z,,"Fri, 21 Aug 2026 16:13:41 GMT",2026-08-21T16:13:40Z,USC Trojans,Fresno State Bulldogs,fanduel,-3500,1280,-23.5,-110,23.5,-110,51.5,-110,-110
2026-08-21,CFB,a77e0c42754f1a99ae4fbea861a78408,2026-09-05T01:00:00Z,2026-08-21T16:13:41Z,,"Fri, 21 Aug 2026 16:13:41 GMT",2026-08-21T16:12:29Z,USC Trojans,Fresno State Bulldogs,betrivers,-3335,1200,-23.5,-112,23.5,-112,51.5,-113,-110
2026-08-21,CFB,a77e0c42754f1a99ae4fbea861a78408,2026-09-05T01:00:00Z,2026-08-21T16:13:41Z,,"Fri, 21 Aug 2026 16:13:41 GMT",2026-08-21T16:13:11Z,USC Trojans,Fresno State Bulldogs,betmgm,-3000,1200,-23.5,-105,23.5,-115,51.5,-110,-110
2026-08-21,CFB,5f92cc707afed4249e1e935dbbeacb5e,2026-09-05T01:00:00Z,2026-08-21T16:13:41Z,,"Fri, 21 Aug 2026 16:13:41 GMT",2026-08-21T16:13:11Z,Stanford Cardinal,Miami Hurricanes,draftkings,1400,-3200,24.5,-115,-24.5,-105,48.5,-108,-112
2026-08-21,CFB,5f92cc707afed4249e1e935dbbeacb5e,2026-09-05T01:00:00Z,2026-08-21T16:13:41Z,,"Fri, 21 Aug 2026 16:13:41 GMT",2026-08-21T16:13:40Z,Stanford Cardinal,Miami Hurricanes,fanduel,1400,-4000,23.5,-110,-23.5,-110,48.5,-105,-115
2026-08-21,CFB,5f92cc707afed4249e1e935dbbeacb5e,2026-09-05T01:00:00Z,2026-08-21T16:13:41Z,,"Fri, 21 Aug 2026 16:13:41 GMT",2026-08-21T16:12:29Z,Stanford Cardinal,Miami Hurricanes,betrivers,1150,-3335,24.5,-115,-24.5,-108,49.5,-110,-113
2026-08-21,CFB,5f92cc707afed4249e1e935dbbeacb5e,2026-09-05T01:00:00Z,2026-08-21T16:13:41Z,,"Fri, 21 Aug 2026 16:13:41 GMT",2026-08-21T16:13:11Z,Stanford Cardinal,Miami Hurricanes,betmgm,1200,-3000,,,,,48.5,-110,-110
2026-08-21,CFB,b10ebab18213ecdc575885bfa874b98d,2026-09-05T16:00:00Z,2026-08-21T16:13:41Z,,"Fri, 21 Aug 2026 16:13:41 GMT",2026-08-21T16:13:11Z,Alabama Crimson Tide,East Carolina Pirates,draftkings,-6500,2000,-28.5,-110,28.5,-110,54.5,-108,-112
2026-08-21,CFB,b10ebab18213ecdc575885bfa874b98d,2026-09-05T16:00:00Z,2026-08-21T16:13:41Z,,"Fri, 21 Aug 2026 16:13:41 GMT",2026-08-21T16:13:40Z,Alabama Crimson Tide,East Carolina Pirates,fanduel,-10000,2400,-28.5,-110,28.5,-110,54.5,-110,-110
2026-08-21,CFB,b10ebab18213ecdc575885bfa874b98d,2026-09-05T16:00:00Z,2026-08-21T16:13:41Z,,"Fri, 21 Aug 2026 16:13:41 GMT",2026-08-21T16:13:11Z,Alabama Crimson Tide,East Carolina Pirates,betmgm,,,-28.5,-115,28.5,-105,54.5,-110,-110
2026-08-21,CFB,b10ebab18213ecdc575885bfa874b98d,2026-09-05T16:00:00Z,2026-08-21T16:13:41Z,,"Fri, 21 Aug 2026 16:13:41 GMT",2026-08-21T16:12:29Z,Alabama Crimson Tide,East Carolina Pirates,betrivers,-10000,1900,-28.5,-110,28.5,-113,54.5,-115,-108
2026-08-21,CFB,4deedbb327684841cd9aad6ffb77c3fc,2026-09-05T16:00:00Z,2026-08-21T16:13:41Z,,"Fri, 21 Aug 2026 16:13:41 GMT",2026-08-21T16:13:40Z,Army Black Knights,Bryant Bulldogs,fanduel,,,-38.5,-115,38.5,-105,51.5,-110,-110
2026-08-21,CFB,4deedbb327684841cd9aad6ffb77c3fc,2026-09-05T16:00:00Z,2026-08-21T16:13:41Z,,"Fri, 21 Aug 2026 16:13:41 GMT",2026-08-21T16:13:11Z,Army Black Knights,Bryant Bulldogs,draftkings,,,-36.5,-108,36.5,-112,51.5,-108,-112
2026-08-21,CFB,4deedbb327684841cd9aad6ffb77c3fc,2026-09-05T16:00:00Z,2026-08-21T16:13:41Z,,"Fri, 21 Aug 2026 16:13:41 GMT",2026-08-21T16:12:29Z,Army Black Knights,Bryant Bulldogs,betrivers,,,-37.5,-112,37.5,-112,52.0,-108,-115
2026-08-21,CFB,de634e2b9f72c5df734fcb741f2dc061,2026-09-05T16:00:00Z,2026-08-21T16:13:41Z,,"Fri, 21 Aug 2026 16:13:41 GMT",2026-08-21T16:13:40Z,Bowling Green Falcons,Tarleton State Texans,fanduel,-142,118,-2.5,-120,2.5,-102,45.5,-110,-110
2026-08-21,CFB,de634e2b9f72c5df734fcb741f2dc061,2026-09-05T16:00:00Z,2026-08-21T16:13:41Z,,"Fri, 21 Aug 2026 16:13:41 GMT",2026-08-21T16:13:11Z,Bowling Green Falcons,Tarleton State Texans,draftkings,-135,114,-2.5,-112,2.5,-108,47.5,-112,-108
2026-08-21,CFB,de634e2b9f72c5df734fcb741f2dc061,2026-09-05T16:00:00Z,2026-08-21T16:13:41Z,,"Fri, 21 Aug 2026 16:13:41 GMT",2026-08-21T16:12:29Z,Bowling Green Falcons,Tarleton State Texans,betrivers,-148,117,-2.5,-115,2.5,-108,47.5,-112,-112
2026-08-21,CFB,185883640e8f90f283915ddadb0230a3,2026-09-05T16:00:00Z,2026-08-21T16:13:41Z,,"Fri, 21 Aug 2026 16:13:41 GMT",2026-08-21T16:13:11Z,West Virginia Mountaineers,Coastal Carolina Chanticleers,draftkings,-1450,850,-21.5,-112,21.5,-108,58.5,-105,-115
2026-08-21,CFB,185883640e8f90f283915ddadb0230a3,2026-09-05T16:00:00Z,2026-08-21T16:13:41Z,,"Fri, 21 Aug 2026 16:13:41 GMT",2026-08-21T16:13:40Z,West Virginia Mountaineers,Coastal Carolina Chanticleers,fanduel,-2300,1060,-21.5,-110,21.5,-110,58.5,-105,-115
2026-08-21,CFB,185883640e8f90f283915ddadb0230a3,2026-09-05T16:00:00Z,2026-08-21T16:13:41Z,,"Fri, 21 Aug 2026 16:13:41 GMT",2026-08-21T16:13:11Z,West Virginia Mountaineers,Coastal Carolina Chanticleers,betmgm,-2000,1000,-21.5,-110,21.5,-110,58.5,-110,-110
2026-08-21,CFB,185883640e8f90f283915ddadb0230a3,2026-09-05T16:00:00Z,2026-08-21T16:13:41Z,,"Fri, 21 Aug 2026 16:13:41 GMT",2026-08-21T16:12:29Z,West Virginia Mountaineers,Coastal Carolina Chanticleers,betrivers,-2000,950,-21.5,-113,21.5,-110,58.5,-113,-110
2026-08-21,CFB,4289d82f1cd4747962ff68c9098c6dcc,2026-09-05T16:00:00Z,2026-08-21T16:13:41Z,,"Fri, 21 Aug 2026 16:13:41 GMT",2026-08-21T16:13:11Z,Houston Cougars,Oregon State Beavers,draftkings,-1600,900,-20.5,-108,20.5,-112,50.5,-118,-102
2026-08-21,CFB,4289d82f1cd4747962ff68c9098c6dcc,2026-09-05T16:00:00Z,2026-08-21T16:13:41Z,,"Fri, 21 Aug 2026 16:13:41 GMT",2026-08-21T16:13:40Z,Houston Cougars,Oregon State Beavers,fanduel,-2000,980,-20.5,-115,20.5,-105,50.5,-115,-105
2026-08-21,CFB,4289d82f1cd4747962ff68c9098c6dcc,2026-09-05T16:00:00Z,2026-08-21T16:13:41Z,,"Fri, 21 Aug 2026 16:13:41 GMT",2026-08-21T16:13:11Z,Houston Cougars,Oregon State Beavers,betmgm,-1400,800,-20.5,-110,20.5,-110,50.5,-115,-105
2026-08-21,CFB,4289d82f1cd4747962ff68c9098c6dcc,2026-09-05T16:00:00Z,2026-08-21T16:13:41Z,,"Fri, 21 Aug 2026 16:13:41 GMT",2026-08-21T16:12:29Z,Houston Cougars,Oregon State Beavers,betrivers,-2000,950,-20.5,-114,20.5,-109,50.5,-114,-109
2026-08-21,CFB,e599d006aed0025ea9182d6763be6fd7,2026-09-05T16:00:00Z,2026-08-21T16:13:41Z,,"Fri, 21 Aug 2026 16:13:41 GMT",2026-08-21T16:13:11Z,Indiana Hoosiers,North Texas Mean Green,draftkings,,,-40.5,-110,40.5,-110,55.5,-108,-112
2026-08-21,CFB,e599d006aed0025ea9182d6763be6fd7,2026-09-05T16:00:00Z,2026-08-21T16:13:41Z,,"Fri, 21 Aug 2026 16:13:41 GMT",2026-08-21T16:13:40Z,Indiana Hoosiers,North Texas Mean Green,fanduel,,,-39.5,-110,39.5,-110,55.5,-110,-110
2026-08-21,CFB,e599d006aed0025ea9182d6763be6fd7,2026-09-05T16:00:00Z,2026-08-21T16:13:41Z,,"Fri, 21 Aug 2026 16:13:41 GMT",2026-08-21T16:13:11Z,Indiana Hoosiers,North Texas Mean Green,betmgm,,,-40.5,-110,40.5,-110,55.5,-115,-105
2026-08-21,CFB,e599d006aed0025ea9182d6763be6fd7,2026-09-05T16:00:00Z,2026-08-21T16:13:41Z,,"Fri, 21 Aug 2026 16:13:41 GMT",2026-08-21T16:12:29Z,Indiana Hoosiers,North Texas Mean Green,betrivers,,,-41.5,-109,41.5,-114,55.5,-114,-109
2026-08-21,CFB,ad4b1c809d35ea03f513ccb45746e998,2026-09-05T16:00:00Z,2026-08-21T16:13:41Z,,"Fri, 21 Aug 2026 16:13:41 GMT",2026-08-21T16:13:11Z,James Madison Dukes,Liberty Flames,draftkings,-245,200,-6.5,-110,6.5,-110,52.5,-108,-112
2026-08-21,CFB,ad4b1c809d35ea03f513ccb45746e998,2026-09-05T16:00:00Z,2026-08-21T16:13:41Z,,"Fri, 21 Aug 2026 16:13:41 GMT",2026-08-21T16:13:40Z,James Madison Dukes,Liberty Flames,fanduel,-235,190,-6.5,-110,6.5,-110,52.5,-115,-105
2026-08-21,CFB,ad4b1c809d35ea03f513ccb45746e998,2026-09-05T16:00:00Z,2026-08-21T16:13:41Z,,"Fri, 21 Aug 2026 16:13:41 GMT",2026-08-21T16:13:11Z,James Madison Dukes,Liberty Flames,betmgm,-250,200,-6.5,-110,6.5,-110,52.5,-110,-110
2026-08-21,CFB,ad4b1c809d35ea03f513ccb45746e998,2026-09-05T16:00:00Z,2026-08-21T16:13:41Z,,"Fri, 21 Aug 2026 16:13:41 GMT",2026-08-21T16:12:29Z,James Madison Dukes,Liberty Flames,betrivers,-250,200,-6.5,-112,6.5,-112,52.5,-113,-110
2026-08-21,CFB,71bac5fe0b10ac1e55892793b5ff9126,2026-09-05T16:00:00Z,2026-08-21T16:13:41Z,,"Fri, 21 Aug 2026 16:13:41 GMT",2026-08-21T16:13:40Z,UConn Huskies,Lafayette Leopards,fanduel,-1200,720,-17.5,-115,17.5,-105,56.5,-105,-115
2026-08-21,CFB,71bac5fe0b10ac1e55892793b5ff9126,2026-09-05T16:00:00Z,2026-08-21T16:13:41Z,,"Fri, 21 Aug 2026 16:13:41 GMT",2026-08-21T16:13:11Z,UConn Huskies,Lafayette Leopards,draftkings,-1200,750,-19.5,-108,19.5,-112,58.5,-110,-110
2026-08-21,CFB,71bac5fe0b10ac1e55892793b5ff9126,2026-09-05T16:00:00Z,2026-08-21T16:13:41Z,,"Fri, 21 Aug 2026 16:13:41 GMT",2026-08-21T16:12:29Z,UConn Huskies,Lafayette Leopards,betrivers,-1430,800,-18.0,-112,18.0,-112,57.5,-110,-113
2026-08-21,CFB,ab601e833e1494159df16e0331dd02d4,2026-09-05T16:00:00Z,2026-08-21T16:13:41Z,,"Fri, 21 Aug 2026 16:13:41 GMT",2026-08-21T16:13:11Z,Pittsburgh Panthers,Miami (OH) RedHawks,draftkings,-800,550,-16.5,-108,16.5,-112,50.5,-108,-112
2026-08-21,CFB,ab601e833e1494159df16e0331dd02d4,2026-09-05T16:00:00Z,2026-08-21T16:13:41Z,,"Fri, 21 Aug 2026 16:13:41 GMT",2026-08-21T16:13:40Z,Pittsburgh Panthers,Miami (OH) RedHawks,fanduel,-1100,680,-16.5,-115,16.5,-105,50.5,-110,-110
2026-08-21,CFB,ab601e833e1494159df16e0331dd02d4,2026-09-05T16:00:00Z,2026-08-21T16:13:41Z,,"Fri, 21 Aug 2026 16:13:41 GMT",2026-08-21T16:12:29Z,Pittsburgh Panthers,Miami (OH) RedHawks,betrivers,-1000,600,-16.5,-112,16.5,-112,50.5,-113,-110
2026-08-21,CFB,ab601e833e1494159df16e0331dd02d4,2026-09-05T16:00:00Z,2026-08-21T16:13:41Z,,"Fri, 21 Aug 2026 16:13:41 GMT",2026-08-21T16:13:11Z,Pittsburgh Panthers,Miami (OH) RedHawks,betmgm,-800,575,,,,,50.5,-110,-110
2026-08-21,CFB,0b8f9bbc0bf1b04a819f0113922998b0,2026-09-05T16:00:00Z,2026-08-21T16:13:41Z,,"Fri, 21 Aug 2026 16:13:41 GMT",2026-08-21T16:13:11Z,Nebraska Cornhuskers,Ohio Bobcats,draftkings,-3200,1400,-23.5,-118,23.5,-102,47.5,-108,-112
2026-08-21,CFB,0b8f9bbc0bf1b04a819f0113922998b0,2026-09-05T16:00:00Z,2026-08-21T16:13:41Z,,"Fri, 21 Aug 2026 16:13:41 GMT",2026-08-21T16:13:40Z,Nebraska Cornhuskers,Ohio Bobcats,fanduel,-4000,1400,-24.5,-108,24.5,-112,48.5,-105,-115
2026-08-21,CFB,0b8f9bbc0bf1b04a819f0113922998b0,2026-09-05T16:00:00Z,2026-08-21T16:13:41Z,,"Fri, 21 Aug 2026 16:13:41 GMT",2026-08-21T16:13:11Z,Nebraska Cornhuskers,Ohio Bobcats,betmgm,-3000,1200,-24.5,-105,24.5,-115,47.5,-110,-110
2026-08-21,CFB,0b8f9bbc0bf1b04a819f0113922998b0,2026-09-05T16:00:00Z,2026-08-21T16:13:41Z,,"Fri, 21 Aug 2026 16:13:41 GMT",2026-08-21T16:12:29Z,Nebraska Cornhuskers,Ohio Bobcats,betrivers,-5000,1400,-23.5,-113,23.5,-110,47.5,-110,-113
2026-08-21,CFB,f7c217b83839dba1c4df08e372851916,2026-09-05T16:00:00Z,2026-08-21T16:13:41Z,,"Fri, 21 Aug 2026 16:13:41 GMT",2026-08-21T16:13:40Z,Syracuse Orange,New Hampshire Wildcats,fanduel,-20000,3500,-32.5,-115,32.5,-105,57.5,-115,-105
2026-08-21,CFB,f7c217b83839dba1c4df08e372851916,2026-09-05T16:00:00Z,2026-08-21T16:13:41Z,,"Fri, 21 Aug 2026 16:13:41 GMT",2026-08-21T16:13:11Z,Syracuse Orange,New Hampshire Wildcats,draftkings,-100000,5000,-32.5,-112,32.5,-108,55.5,-112,-108
2026-08-21,CFB,f7c217b83839dba1c4df08e372851916,2026-09-05T16:00:00Z,2026-08-21T16:13:41Z,,"Fri, 21 Aug 2026 16:13:41 GMT",2026-08-21T16:12:29Z,Syracuse Orange,New Hampshire Wildcats,betrivers,,,-32.5,-112,32.5,-110,56.5,-110,-113
2026-08-21,CFB,9bb89639201454f186964f5b86365760,2026-09-05T16:30:00Z,2026-08-21T16:13:41Z,,"Fri, 21 Aug 2026 16:13:41 GMT",2026-08-21T16:13:11Z,Ohio State Buckeyes,Ball State Cardinals,draftkings,,,-50.5,-108,50.5,-112,56.5,-115,-105
2026-08-21,CFB,9bb89639201454f186964f5b86365760,2026-09-05T16:30:00Z,2026-08-21T16:13:41Z,,"Fri, 21 Aug 2026 16:13:41 GMT",2026-08-21T16:13:40Z,Ohio State Buckeyes,Ball State Cardinals,fanduel,,,-50.5,-118,50.5,-104,56.5,-115,-105
2026-08-21,CFB,9bb89639201454f186964f5b86365760,2026-09-05T16:30:00Z,2026-08-21T16:13:41Z,,"Fri, 21 Aug 2026 16:13:41 GMT",2026-08-21T16:13:11Z,Ohio State Buckeyes,Ball State Cardinals,betmgm,,,-50.5,-110,50.5,-110,56.5,-110,-110
2026-08-21,CFB,9bb89639201454f186964f5b86365760,2026-09-05T16:30:00Z,2026-08-21T16:13:41Z,,"Fri, 21 Aug 2026 16:13:41 GMT",2026-08-21T16:12:29Z,Ohio State Buckeyes,Ball State Cardinals,betrivers,,,-50.0,-109,50.0,-114,57.0,-113,-110
2026-08-21,CFB,994c7280c9e8dcb041c260eb2c767d4d,2026-09-05T16:45:00Z,2026-08-21T16:13:41Z,,"Fri, 21 Aug 2026 16:13:41 GMT",2026-08-21T16:13:11Z,South Carolina Gamecocks,Kent State Golden Flashes,draftkings,-100000,5000,-36.5,-112,36.5,-108,53.5,-108,-112
2026-08-21,CFB,994c7280c9e8dcb041c260eb2c767d4d,2026-09-05T16:45:00Z,2026-08-21T16:13:41Z,,"Fri, 21 Aug 2026 16:13:41 GMT",2026-08-21T16:13:40Z,South Carolina Gamecocks,Kent State Golden Flashes,fanduel,,,-36.5,-110,36.5,-110,53.5,-115,-105
2026-08-21,CFB,994c7280c9e8dcb041c260eb2c767d4d,2026-09-05T16:45:00Z,2026-08-21T16:13:41Z,,"Fri, 21 Aug 2026 16:13:41 GMT",2026-08-21T16:13:11Z,South Carolina Gamecocks,Kent State Golden Flashes,betmgm,,,-36.5,-110,36.5,-110,53.5,-110,-110
2026-08-21,CFB,994c7280c9e8dcb041c260eb2c767d4d,2026-09-05T16:45:00Z,2026-08-21T16:13:41Z,,"Fri, 21 Aug 2026 16:13:41 GMT",2026-08-21T16:12:29Z,South Carolina Gamecocks,Kent State Golden Flashes,betrivers,,,-36.0,-109,36.0,-113,53.0,-112,-112
2026-08-21,CFB,ce384d78c826a2fee9787dec17269464,2026-09-05T17:00:00Z,2026-08-21T16:13:41Z,,"Fri, 21 Aug 2026 16:13:41 GMT",2026-08-21T16:13:40Z,Air Force Falcons,Duquesne Dukes,fanduel,-8000,2200,-28.5,-105,28.5,-115,56.5,-115,-105
2026-08-21,CFB,ce384d78c826a2fee9787dec17269464,2026-09-05T17:00:00Z,2026-08-21T16:13:41Z,,"Fri, 21 Aug 2026 16:13:41 GMT",2026-08-21T16:13:11Z,Air Force Falcons,Duquesne Dukes,draftkings,-10000,3000,-30.5,-108,30.5,-112,58.5,-112,-108
2026-08-21,CFB,ce384d78c826a2fee9787dec17269464,2026-09-05T17:00:00Z,2026-08-21T16:13:41Z,,"Fri, 21 Aug 2026 16:13:41 GMT",2026-08-21T16:12:29Z,Air Force Falcons,Duquesne Dukes,betrivers,-10000,1800,-29.0,-110,29.0,-113,57.5,-114,-109
2026-08-21,CFB,0e7a154b072a69dce76b6403f608b476,2026-09-05T17:00:00Z,2026-08-21T16:13:41Z,,"Fri, 21 Aug 2026 16:13:41 GMT",2026-08-21T16:13:40Z,Iowa State Cyclones,Southeast Missouri State Redhawks,fanduel,-10000,2400,-30.5,-105,30.5,-115,52.5,-105,-115
2026-08-21,CFB,0e7a154b072a69dce76b6403f608b476,2026-09-05T17:00:00Z,2026-08-21T16:13:41Z,,"Fri, 21 Aug 2026 16:13:41 GMT",2026-08-21T16:13:11Z,Iowa State Cyclones,Southeast Missouri State Redhawks,draftkings,-10000,3000,-29.5,-110,29.5,-110,53.5,-112,-108
2026-08-21,CFB,0e7a154b072a69dce76b6403f608b476,2026-09-05T17:00:00Z,2026-08-21T16:13:41Z,,"Fri, 21 Aug 2026 16:13:41 GMT",2026-08-21T16:12:29Z,Iowa State Cyclones,Southeast Missouri State Redhawks,betrivers,,,-30.5,-113,30.5,-109,53.5,-110,-113
2026-08-21,CFB,6ba4c2cb4e23d19069d00b47716c95c9,2026-09-05T17:00:00Z,2026-08-21T16:13:41Z,,"Fri, 21 Aug 2026 16:13:41 GMT",2026-08-21T16:13:40Z,Kentucky Wildcats,Youngstown St Penguins,fanduel,-3000,1200,-23.5,-110,23.5,-110,62.5,-110,-110
2026-08-21,CFB,6ba4c2cb4e23d19069d00b47716c95c9,2026-09-05T17:00:00Z,2026-08-21T16:13:41Z,,"Fri, 21 Aug 2026 16:13:41 GMT",2026-08-21T16:13:11Z,Kentucky Wildcats,Youngstown St Penguins,draftkings,-3200,1400,-23.5,-110,23.5,-110,62.5,-110,-110
2026-08-21,CFB,6ba4c2cb4e23d19069d00b47716c95c9,2026-09-05T17:00:00Z,2026-08-21T16:13:41Z,,"Fri, 21 Aug 2026 16:13:41 GMT",2026-08-21T16:12:29Z,Kentucky Wildcats,Youngstown St Penguins,betrivers,-3335,1300,-23.5,-109,23.5,-113,62.5,-112,-112
2026-08-21,CFB,427c4b920f96292167b4643eb94b2fa5,2026-09-05T18:00:00Z,2026-08-21T16:13:41Z,,"Fri, 21 Aug 2026 16:13:41 GMT",2026-08-21T16:13:40Z,Temple Owls,Rhode Island Rams,fanduel,-430,330,-10.5,-110,10.5,-110,52.5,-110,-110
2026-08-21,CFB,427c4b920f96292167b4643eb94b2fa5,2026-09-05T18:00:00Z,2026-08-21T16:13:41Z,,"Fri, 21 Aug 2026 16:13:41 GMT",2026-08-21T16:13:11Z,Temple Owls,Rhode Island Rams,draftkings,-470,360,-10.0,-112,10.0,-108,51.5,-112,-108
2026-08-21,CFB,427c4b920f96292167b4643eb94b2fa5,2026-09-05T18:00:00Z,2026-08-21T16:13:41Z,,"Fri, 21 Aug 2026 16:13:41 GMT",2026-08-21T16:12:29Z,Temple Owls,Rhode Island Rams,betrivers,-480,350,-10.5,-112,10.5,-112,51.5,-112,-112
2026-08-21,CFB,6a210786327aaa1d1d7565f7b119f094,2026-09-05T19:00:00Z,2026-08-21T16:13:41Z,,"Fri, 21 Aug 2026 16:13:41 GMT",2026-08-21T16:13:40Z,Georgia Bulldogs,Tennessee State Tigers,fanduel,,,-45.5,-110,45.5,-110,55.5,-105,-115
2026-08-21,CFB,6a210786327aaa1d1d7565f7b119f094,2026-09-05T19:00:00Z,2026-08-21T16:13:41Z,,"Fri, 21 Aug 2026 16:13:41 GMT",2026-08-21T16:13:11Z,Georgia Bulldogs,Tennessee State Tigers,draftkings,,,-46.5,-110,46.5,-110,56.5,-105,-115
2026-08-21,CFB,6a210786327aaa1d1d7565f7b119f094,2026-09-05T19:00:00Z,2026-08-21T16:13:41Z,,"Fri, 21 Aug 2026 16:13:41 GMT",2026-08-21T16:12:29Z,Georgia Bulldogs,Tennessee State Tigers,betrivers,,,-45.5,-113,45.5,-109,56.5,-110,-113
2026-08-21,CFB,9d83b5d81e825f63cd4bbb1f75f1a508,2026-09-05T19:30:00Z,2026-08-21T16:13:41Z,,"Fri, 21 Aug 2026 16:13:41 GMT",2026-08-21T16:13:40Z,Appalachian State Mountaineers,Maine Black Bears,fanduel,-1400,800,-18.5,-110,18.5,-110,51.5,-110,-110
2026-08-21,CFB,9d83b5d81e825f63cd4bbb1f75f1a508,2026-09-05T19:30:00Z,2026-08-21T16:13:41Z,,"Fri, 21 Aug 2026 16:13:41 GMT",2026-08-21T16:13:11Z,Appalachian State Mountaineers,Maine Black Bears,draftkings,-1350,800,-17.5,-108,17.5,-112,53.5,-115,-105
2026-08-21,CFB,9d83b5d81e825f63cd4bbb1f75f1a508,2026-09-05T19:30:00Z,2026-08-21T16:13:41Z,,"Fri, 21 Aug 2026 16:13:41 GMT",2026-08-21T16:12:29Z,Appalachian State Mountaineers,Maine Black Bears,betrivers,-2000,850,-17.5,-112,17.5,-112,53.0,-110,-113
2026-08-21,CFB,525909f6be5e505d076a97eb097528eb,2026-09-05T19:30:00Z,2026-08-21T16:13:41Z,,"Fri, 21 Aug 2026 16:13:41 GMT",2026-08-21T16:13:40Z,Auburn Tigers,Baylor Bears,fanduel,-295,235,-7.5,-106,7.5,-114,59.5,-110,-110
2026-08-21,CFB,525909f6be5e505d076a97eb097528eb,2026-09-05T19:30:00Z,2026-08-21T16:13:41Z,,"Fri, 21 Aug 2026 16:13:41 GMT",2026-08-21T16:13:11Z,Auburn Tigers,Baylor Bears,draftkings,-285,230,-7.0,-110,7.0,-110,59.5,-112,-108
2026-08-21,CFB,525909f6be5e505d076a97eb097528eb,2026-09-05T19:30:00Z,2026-08-21T16:13:41Z,,"Fri, 21 Aug 2026 16:13:41 GMT",2026-08-21T16:13:11Z,Auburn Tigers,Baylor Bears,betmgm,-300,240,-7.5,-105,7.5,-115,59.5,-110,-110
2026-08-21,CFB,525909f6be5e505d076a97eb097528eb,2026-09-05T19:30:00Z,2026-08-21T16:13:41Z,,"Fri, 21 Aug 2026 16:13:41 GMT",2026-08-21T16:12:29Z,Auburn Tigers,Baylor Bears,betrivers,-278,210,-7.0,-110,7.0,-113,59.5,-110,-113
2026-08-21,CFB,ac175733be9ad7061abab75fe080d18a,2026-09-05T19:30:00Z,2026-08-21T16:13:41Z,,"Fri, 21 Aug 2026 16:13:41 GMT",2026-08-21T16:13:11Z,Oregon Ducks,Boise State Broncos,draftkings,-3600,1500,-24.5,-105,24.5,-115,52.5,-105,-115
2026-08-21,CFB,ac175733be9ad7061abab75fe080d18a,2026-09-05T19:30:00Z,2026-08-21T16:13:41Z,,"Fri, 21 Aug 2026 16:13:41 GMT",2026-08-21T16:13:40Z,Oregon Ducks,Boise State Broncos,fanduel,-4000,1400,-24.5,-110,24.5,-110,52.5,-105,-115
2026-08-21,CFB,ac175733be9ad7061abab75fe080d18a,2026-09-05T19:30:00Z,2026-08-21T16:13:41Z,,"Fri, 21 Aug 2026 16:13:41 GMT",2026-08-21T16:13:11Z,Oregon Ducks,Boise State Broncos,betmgm,-3000,1200,-24.5,-110,24.5,-110,52.5,-110,-110
2026-08-21,CFB,ac175733be9ad7061abab75fe080d18a,2026-09-05T19:30:00Z,2026-08-21T16:13:41Z,,"Fri, 21 Aug 2026 16:13:41 GMT",2026-08-21T16:12:29Z,Oregon Ducks,Boise State Broncos,betrivers,-5000,1400,-25.0,-112,25.0,-112,52.5,-110,-113
2026-08-21,CFB,9e750af965ce9f276f4280686d4dba35,2026-09-05T19:30:00Z,2026-08-21T16:13:41Z,,"Fri, 21 Aug 2026 16:13:41 GMT",2026-08-21T16:13:11Z,Cincinnati Bearcats,Boston College Eagles,draftkings,-310,250,-7.5,-105,7.5,-115,51.5,-118,-102
2026-08-21,CFB,9e750af965ce9f276f4280686d4dba35,2026-09-05T19:30:00Z,2026-08-21T16:13:41Z,,"Fri, 21 Aug 2026 16:13:41 GMT",2026-08-21T16:13:40Z,Cincinnati Bearcats,Boston College Eagles,fanduel,-275,220,-7.5,100,7.5,-122,51.5,-110,-110
2026-08-21,CFB,9e750af965ce9f276f4280686d4dba35,2026-09-05T19:30:00Z,2026-08-21T16:13:41Z,,"Fri, 21 Aug 2026 16:13:41 GMT",2026-08-21T16:13:11Z,Cincinnati Bearcats,Boston College Eagles,betmgm,-275,220,-7.5,-105,7.5,-115,51.5,-115,-105
2026-08-21,CFB,9e750af965ce9f276f4280686d4dba35,2026-09-05T19:30:00Z,2026-08-21T16:13:41Z,,"Fri, 21 Aug 2026 16:13:41 GMT",2026-08-21T16:12:29Z,Cincinnati Bearcats,Boston College Eagles,betrivers,-305,230,-7.5,-108,7.5,-115,52.0,-113,-110
2026-08-21,CFB,897638282df1d5781867ee8fb9b494f2,2026-09-05T19:30:00Z,2026-08-21T16:13:41Z,,"Fri, 21 Aug 2026 16:13:41 GMT",2026-08-21T16:13:40Z,Charlotte 49ers,Citadel Bulldogs,fanduel,-1200,720,-17.5,-105,17.5,-115,45.5,-115,-105
2026-08-21,CFB,897638282df1d5781867ee8fb9b494f2,2026-09-05T19:30:00Z,2026-08-21T16:13:41Z,,"Fri, 21 Aug 2026 16:13:41 GMT",2026-08-21T16:13:11Z,Charlotte 49ers,Citadel Bulldogs,draftkings,-800,550,-15.5,-110,15.5,-110,46.5,-112,-108
2026-08-21,CFB,897638282df1d5781867ee8fb9b494f2,2026-09-05T19:30:00Z,2026-08-21T16:13:41Z,,"Fri, 21 Aug 2026 16:13:41 GMT",2026-08-21T16:12:29Z,Charlotte 49ers,Citadel Bulldogs,betrivers,-1250,750,-16.5,-110,16.5,-113,46.5,-112,-110
2026-08-21,CFB,8154373235ce2adf76b37ecd334601fc,2026-09-05T19:30:00Z,2026-08-21T16:13:41Z,,"Fri, 21 Aug 2026 16:13:41 GMT",2026-08-21T16:13:11Z,Duke Blue Devils,Tulane Green Wave,draftkings,-345,275,-9.5,-110,9.5,-110,52.5,-105,-115
2026-08-21,CFB,8154373235ce2adf76b37ecd334601fc,2026-09-05T19:30:00Z,2026-08-21T16:13:41Z,,"Fri, 21 Aug 2026 16:13:41 GMT",2026-08-21T16:13:40Z,Duke Blue Devils,Tulane Green Wave,fanduel,-365,285,-9.5,-114,9.5,-106,51.5,-115,-105
2026-08-21,CFB,8154373235ce2adf76b37ecd334601fc,2026-09-05T19:30:00Z,2026-08-21T16:13:41Z,,"Fri, 21 Aug 2026 16:13:41 GMT",2026-08-21T16:13:11Z,Duke Blue Devils,Tulane Green Wave,betmgm,-425,320,-9.5,-110,9.5,-110,52.5,-110,-110
2026-08-21,CFB,8154373235ce2adf76b37ecd334601fc,2026-09-05T19:30:00Z,2026-08-21T16:13:41Z,,"Fri, 21 Aug 2026 16:13:41 GMT",2026-08-21T16:12:29Z,Duke Blue Devils,Tulane Green Wave,betrivers,-375,280,-9.5,-113,9.5,-110,52.5,-112,-112
2026-08-21,CFB,3d0ba3d979787ef14b6fb75e65455672,2026-09-05T19:30:00Z,2026-08-21T16:13:41Z,,"Fri, 21 Aug 2026 16:13:41 GMT",2026-08-21T16:13:40Z,North Dakota State Bison,Fordham Rams,fanduel,,,-38.5,-115,38.5,-105,57.5,-110,-110
2026-08-21,CFB,3d0ba3d979787ef14b6fb75e65455672,2026-09-05T19:30:00Z,2026-08-21T16:13:41Z,,"Fri, 21 Aug 2026 16:13:41 GMT",2026-08-21T16:13:11Z,North Dakota State Bison,Fordham Rams,draftkings,,,-39.5,-110,39.5,-110,57.5,-112,-108
2026-08-21,CFB,3d0ba3d979787ef14b6fb75e65455672,2026-09-05T19:30:00Z,2026-08-21T16:13:41Z,,"Fri, 21 Aug 2026 16:13:41 GMT",2026-08-21T16:12:29Z,North Dakota State Bison,Fordham Rams,betrivers,,,-39.5,-113,39.5,-110,57.5,-115,-108
2026-08-21,CFB,c87470467f02dc3279d33b69db9bae63,2026-09-05T19:30:00Z,2026-08-21T16:13:41Z,,"Fri, 21 Aug 2026 16:13:41 GMT",2026-08-21T16:13:40Z,Tennessee Volunteers,Furman Paladins,fanduel,,,-48.5,-115,48.5,-105,66.5,-115,-105
2026-08-21,CFB,c87470467f02dc3279d33b69db9bae63,2026-09-05T19:30:00Z,2026-08-21T16:13:41Z,,"Fri, 21 Aug 2026 16:13:41 GMT",2026-08-21T16:13:11Z,Tennessee Volunteers,Furman Paladins,draftkings,,,-46.5,-112,46.5,-108,66.5,-112,-108
2026-08-21,CFB,c87470467f02dc3279d33b69db9bae63,2026-09-05T19:30:00Z,2026-08-21T16:13:41Z,,"Fri, 21 Aug 2026 16:13:41 GMT",2026-08-21T16:12:29Z,Tennessee Volunteers,Furman Paladins,betrivers,,,-48.5,-113,48.5,-110,66.0,-110,-112
2026-08-21,CFB,3b70c72dad6ee188202de37cf3218811,2026-09-05T19:30:00Z,2026-08-21T16:13:41Z,,"Fri, 21 Aug 2026 16:13:41 GMT",2026-08-21T16:13:11Z,Penn State Nittany Lions,Marshall Thundering Herd,draftkings,-3600,1500,-24.5,-108,24.5,-112,54.5,-108,-112
2026-08-21,CFB,3b70c72dad6ee188202de37cf3218811,2026-09-05T19:30:00Z,2026-08-21T16:13:41Z,,"Fri, 21 Aug 2026 16:13:41 GMT",2026-08-21T16:13:40Z,Penn State Nittany Lions,Marshall Thundering Herd,fanduel,-4000,1400,-24.5,-110,24.5,-110,54.5,-110,-110
2026-08-21,CFB,3b70c72dad6ee188202de37cf3218811,2026-09-05T19:30:00Z,2026-08-21T16:13:41Z,,"Fri, 21 Aug 2026 16:13:41 GMT",2026-08-21T16:13:11Z,Penn State Nittany Lions,Marshall Thundering Herd,betmgm,-3000,1200,-24.5,-110,24.5,-110,54.5,-110,-110
2026-08-21,CFB,3b70c72dad6ee188202de37cf3218811,2026-09-05T19:30:00Z,2026-08-21T16:13:41Z,,"Fri, 21 Aug 2026 16:13:41 GMT",2026-08-21T16:12:29Z,Penn State Nittany Lions,Marshall Thundering Herd,betrivers,-3335,1200,-24.5,-112,24.5,-112,54.5,-112,-112
2026-08-21,CFB,fc7e0d9b83e3da0d637ba983b9eed9d5,2026-09-05T19:30:00Z,2026-08-21T16:13:41Z,,"Fri, 21 Aug 2026 16:13:41 GMT",2026-08-21T16:13:40Z,Navy Midshipmen,Towson Tigers,fanduel,-20000,3500,-31.5,-110,31.5,-110,53.5,-112,-108
2026-08-21,CFB,fc7e0d9b83e3da0d637ba983b9eed9d5,2026-09-05T19:30:00Z,2026-08-21T16:13:41Z,,"Fri, 21 Aug 2026 16:13:41 GMT",2026-08-21T16:13:11Z,Navy Midshipmen,Towson Tigers,draftkings,-50000,4000,-30.5,-110,30.5,-110,53.5,-112,-108
2026-08-21,CFB,fc7e0d9b83e3da0d637ba983b9eed9d5,2026-09-05T19:30:00Z,2026-08-21T16:13:41Z,,"Fri, 21 Aug 2026 16:13:41 GMT",2026-08-21T16:12:29Z,Navy Midshipmen,Towson Tigers,betrivers,,,-30.5,-114,30.5,-109,53.5,-110,-113
2026-08-21,CFB,932e0ced2b1a1ae5694574642bb186ae,2026-09-05T19:30:00Z,2026-08-21T16:13:41Z,,"Fri, 21 Aug 2026 16:13:41 GMT",2026-08-21T16:13:11Z,Texas Longhorns,Texas State Bobcats,draftkings,-10000,3000,-30.5,-105,30.5,-115,60.5,-112,-108
2026-08-21,CFB,932e0ced2b1a1ae5694574642bb186ae,2026-09-05T19:30:00Z,2026-08-21T16:13:41Z,,"Fri, 21 Aug 2026 16:13:41 GMT",2026-08-21T16:13:40Z,Texas Longhorns,Texas State Bobcats,fanduel,-8000,2200,-30.5,-105,30.5,-115,60.5,-110,-110
2026-08-21,CFB,932e0ced2b1a1ae5694574642bb186ae,2026-09-05T19:30:00Z,2026-08-21T16:13:41Z,,"Fri, 21 Aug 2026 16:13:41 GMT",2026-08-21T16:13:11Z,Texas Longhorns,Texas State Bobcats,betmgm,,,-30.5,-110,30.5,-110,60.5,-110,-110
2026-08-21,CFB,932e0ced2b1a1ae5694574642bb186ae,2026-09-05T19:30:00Z,2026-08-21T16:13:41Z,,"Fri, 21 Aug 2026 16:13:41 GMT",2026-08-21T16:12:29Z,Texas Longhorns,Texas State Bobcats,betrivers,-10000,2000,-30.5,-110,30.5,-113,60.0,-110,-112
2026-08-21,CFB,2f1711e252f72bdbcfbce991ce7fd442,2026-09-05T19:30:00Z,2026-08-21T16:13:41Z,,"Fri, 21 Aug 2026 16:13:41 GMT",2026-08-21T16:13:40Z,UTSA Roadrunners,UT Rio Grande Valley Vaqueros,fanduel,-8000,2200,-29.5,-115,29.5,-105,59.5,-115,-105
2026-08-21,CFB,2f1711e252f72bdbcfbce991ce7fd442,2026-09-05T19:30:00Z,2026-08-21T16:13:41Z,,"Fri, 21 Aug 2026 16:13:41 GMT",2026-08-21T16:13:11Z,UTSA Roadrunners,UT Rio Grande Valley Vaqueros,draftkings,-9000,2500,-28.5,-112,28.5,-108,59.5,-110,-110
2026-08-21,CFB,2da3627714934ad966d548980bb69658,2026-09-05T19:45:00Z,2026-08-21T16:13:41Z,,"Fri, 21 Aug 2026 16:13:41 GMT",2026-08-21T16:13:11Z,Tulsa Golden Hurricane,Oklahoma State Cowboys,draftkings,455,-625,14.5,-115,-14.5,-105,61.5,-108,-112
2026-08-21,CFB,2da3627714934ad966d548980bb69658,2026-09-05T19:45:00Z,2026-08-21T16:13:41Z,,"Fri, 21 Aug 2026 16:13:41 GMT",2026-08-21T16:13:40Z,Tulsa Golden Hurricane,Oklahoma State Cowboys,fanduel,460,-650,14.5,-118,-14.5,-104,61.5,-115,-105
2026-08-21,CFB,2da3627714934ad966d548980bb69658,2026-09-05T19:45:00Z,2026-08-21T16:13:41Z,,"Fri, 21 Aug 2026 16:13:41 GMT",2026-08-21T16:13:11Z,Tulsa Golden Hurricane,Oklahoma State Cowboys,betmgm,450,-625,14.5,-115,-14.5,-105,61.5,-110,-110
2026-08-21,CFB,2da3627714934ad966d548980bb69658,2026-09-05T19:45:00Z,2026-08-21T16:13:41Z,,"Fri, 21 Aug 2026 16:13:41 GMT",2026-08-21T16:12:29Z,Tulsa Golden Hurricane,Oklahoma State Cowboys,betrivers,460,-715,14.5,-113,-14.5,-110,61.5,-112,-112
2026-08-21,CFB,244ad71a1e9f6afa8001cc674aec1558,2026-09-05T20:15:00Z,2026-08-21T16:13:41Z,,"Fri, 21 Aug 2026 16:13:41 GMT",2026-08-21T16:13:40Z,Arkansas Razorbacks,North Alabama Lions,fanduel,,,-40.5,-110,40.5,-110,61.5,-115,-105
2026-08-21,CFB,244ad71a1e9f6afa8001cc674aec1558,2026-09-05T20:15:00Z,2026-08-21T16:13:41Z,,"Fri, 21 Aug 2026 16:13:41 GMT",2026-08-21T16:13:11Z,Arkansas Razorbacks,North Alabama Lions,draftkings,,,-40.5,-112,40.5,-108,63.5,-112,-108
2026-08-21,CFB,244ad71a1e9f6afa8001cc674aec1558,2026-09-05T20:15:00Z,2026-08-21T16:13:41Z,,"Fri, 21 Aug 2026 16:13:41 GMT",2026-08-21T16:12:29Z,Arkansas Razorbacks,North Alabama Lions,betrivers,,,-40.5,-112,40.5,-112,62.5,-109,-114
2026-08-21,CFB,261e6183f68405cd431bbdbd0c31eefa,2026-09-05T20:15:00Z,2026-08-21T16:13:41Z,,"Fri, 21 Aug 2026 16:13:41 GMT",2026-08-21T16:13:11Z,Iowa Hawkeyes,Northern Illinois Huskies,draftkings,-50000,4000,-31.5,100,31.5,-120,45.5,-108,-112
2026-08-21,CFB,261e6183f68405cd431bbdbd0c31eefa,2026-09-05T20:15:00Z,2026-08-21T16:13:41Z,,"Fri, 21 Aug 2026 16:13:41 GMT",2026-08-21T16:13:40Z,Iowa Hawkeyes,Northern Illinois Huskies,fanduel,-30000,4000,-31.5,-106,31.5,-114,45.5,-115,-105
2026-08-21,CFB,261e6183f68405cd431bbdbd0c31eefa,2026-09-05T20:15:00Z,2026-08-21T16:13:41Z,,"Fri, 21 Aug 2026 16:13:41 GMT",2026-08-21T16:13:11Z,Iowa Hawkeyes,Northern Illinois Huskies,betmgm,,,-31.5,100,31.5,-120,45.5,-110,-110
2026-08-21,CFB,261e6183f68405cd431bbdbd0c31eefa,2026-09-05T20:15:00Z,2026-08-21T16:13:41Z,,"Fri, 21 Aug 2026 16:13:41 GMT",2026-08-21T16:12:29Z,Iowa Hawkeyes,Northern Illinois Huskies,betrivers,,,-30.5,-113,30.5,-110,45.0,-114,-109
2026-08-21,CFB,3da928fcc2533b3638a7a05f8cce5d12,2026-09-05T21:00:00Z,2026-08-21T16:13:41Z,,"Fri, 21 Aug 2026 16:13:41 GMT",2026-08-21T16:13:40Z,Southern Mississippi Golden Eagles,Alcorn State Braves,fanduel,-3500,1280,-22.5,-110,22.5,-110,52.5,-112,-108
2026-08-21,CFB,3da928fcc2533b3638a7a05f8cce5d12,2026-09-05T21:00:00Z,2026-08-21T16:13:41Z,,"Fri, 21 Aug 2026 16:13:41 GMT",2026-08-21T16:13:11Z,Southern Mississippi Golden Eagles,Alcorn State Braves,draftkings,-2800,1300,-21.0,-108,21.0,-112,50.5,-108,-112
2026-08-21,CFB,3da928fcc2533b3638a7a05f8cce5d12,2026-09-05T21:00:00Z,2026-08-21T16:13:41Z,,"Fri, 21 Aug 2026 16:13:41 GMT",2026-08-21T16:12:29Z,Southern Mississippi Golden Eagles,Alcorn State Braves,betrivers,-5000,1400,-22.0,-110,22.0,-113,51.5,-113,-110
2026-08-21,CFB,ddf45575d5d07af2872a07618f9f7867,2026-09-05T22:00:00Z,2026-08-21T16:13:41Z,,"Fri, 21 Aug 2026 16:13:41 GMT",2026-08-21T16:13:11Z,Colorado State Rams,Wyoming Cowboys,draftkings,-175,145,-3.5,-105,3.5,-115,48.5,-105,-115
2026-08-21,CFB,ddf45575d5d07af2872a07618f9f7867,2026-09-05T22:00:00Z,2026-08-21T16:13:41Z,,"Fri, 21 Aug 2026 16:13:41 GMT",2026-08-21T16:13:40Z,Colorado State Rams,Wyoming Cowboys,fanduel,-154,128,-3.5,100,3.5,-122,47.5,-112,-108
2026-08-21,CFB,ddf45575d5d07af2872a07618f9f7867,2026-09-05T22:00:00Z,2026-08-21T16:13:41Z,,"Fri, 21 Aug 2026 16:13:41 GMT",2026-08-21T16:13:11Z,Colorado State Rams,Wyoming Cowboys,betmgm,-185,150,-3.5,-105,3.5,-115,48.5,-105,-115
2026-08-21,CFB,ddf45575d5d07af2872a07618f9f7867,2026-09-05T22:00:00Z,2026-08-21T16:13:41Z,,"Fri, 21 Aug 2026 16:13:41 GMT",2026-08-21T16:12:29Z,Colorado State Rams,Wyoming Cowboys,betrivers,-177,133,-3.5,-108,3.5,-115,48.0,-109,-114
2026-08-21,CFB,6dfe38a40bc077f3c10d6aa9333f512d,2026-09-05T22:00:00Z,2026-08-21T16:13:41Z,,"Fri, 21 Aug 2026 16:13:41 GMT",2026-08-21T16:13:40Z,Old Dominion Monarchs,Norfolk State Spartans,fanduel,,,-40.5,-110,40.5,-110,53.5,-110,-110
2026-08-21,CFB,6dfe38a40bc077f3c10d6aa9333f512d,2026-09-05T22:00:00Z,2026-08-21T16:13:41Z,,"Fri, 21 Aug 2026 16:13:41 GMT",2026-08-21T16:13:11Z,Old Dominion Monarchs,Norfolk State Spartans,draftkings,,,-41.5,-108,41.5,-112,55.5,-110,-110
2026-08-21,CFB,6dfe38a40bc077f3c10d6aa9333f512d,2026-09-05T22:00:00Z,2026-08-21T16:13:41Z,,"Fri, 21 Aug 2026 16:13:41 GMT",2026-08-21T16:12:29Z,Old Dominion Monarchs,Norfolk State Spartans,betrivers,,,-41.0,-112,41.0,-112,54.5,-115,-108
2026-08-21,CFB,0c4c84793ee16b40df982640f76a4d9b,2026-09-05T23:00:00Z,2026-08-21T16:13:41Z,,"Fri, 21 Aug 2026 16:13:41 GMT",2026-08-21T16:13:40Z,Texas Tech Red Raiders,Abilene Christian Wildcats,fanduel,,,-42.5,-108,42.5,-112,58.5,-115,-105
2026-08-21,CFB,0c4c84793ee16b40df982640f76a4d9b,2026-09-05T23:00:00Z,2026-08-21T16:13:41Z,,"Fri, 21 Aug 2026 16:13:41 GMT",2026-08-21T16:13:11Z,Texas Tech Red Raiders,Abilene Christian Wildcats,draftkings,,,-42.5,-112,42.5,-108,59.5,-112,-108
2026-08-21,CFB,0c4c84793ee16b40df982640f76a4d9b,2026-09-05T23:00:00Z,2026-08-21T16:13:41Z,,"Fri, 21 Aug 2026 16:13:41 GMT",2026-08-21T16:12:29Z,Texas Tech Red Raiders,Abilene Christian Wildcats,betrivers,,,-43.0,-113,43.0,-110,58.5,-110,-113
2026-08-21,CFB,57c73afe255c44ef3e19b52dc9557ea8,2026-09-05T23:00:00Z,2026-08-21T16:13:41Z,,"Fri, 21 Aug 2026 16:13:41 GMT",2026-08-21T16:13:11Z,Memphis Tigers,Arkansas State Red Wolves,draftkings,-375,295,-9.5,-115,9.5,-105,55.5,-108,-112
2026-08-21,CFB,57c73afe255c44ef3e19b52dc9557ea8,2026-09-05T23:00:00Z,2026-08-21T16:13:41Z,,"Fri, 21 Aug 2026 16:13:41 GMT",2026-08-21T16:13:40Z,Memphis Tigers,Arkansas State Red Wolves,fanduel,-375,290,-9.5,-114,9.5,-106,55.5,-110,-110
2026-08-21,CFB,57c73afe255c44ef3e19b52dc9557ea8,2026-09-05T23:00:00Z,2026-08-21T16:13:41Z,,"Fri, 21 Aug 2026 16:13:41 GMT",2026-08-21T16:12:29Z,Memphis Tigers,Arkansas State Red Wolves,betrivers,-375,280,-9.5,-114,9.5,-108,55.5,-112,-112
2026-08-21,CFB,57c73afe255c44ef3e19b52dc9557ea8,2026-09-05T23:00:00Z,2026-08-21T16:13:41Z,,"Fri, 21 Aug 2026 16:13:41 GMT",2026-08-21T16:13:11Z,Memphis Tigers,Arkansas State Red Wolves,betmgm,-375,290,-9.5,-115,9.5,-105,55.5,-110,-110
2026-08-21,CFB,d7c91dabe6e413cca1b7d0d6d8dc7a15,2026-09-05T23:00:00Z,2026-08-21T16:13:41Z,,"Fri, 21 Aug 2026 16:13:41 GMT",2026-08-21T16:13:40Z,Vanderbilt Commodores,Austin Peay Governors,fanduel,-10000,2400,-29.5,-110,29.5,-110,60.5,-105,-115
2026-08-21,CFB,d7c91dabe6e413cca1b7d0d6d8dc7a15,2026-09-05T23:00:00Z,2026-08-21T16:13:41Z,,"Fri, 21 Aug 2026 16:13:41 GMT",2026-08-21T16:13:11Z,Vanderbilt Commodores,Austin Peay Governors,draftkings,-50000,4000,-30.5,-110,30.5,-110,61.5,-112,-108
2026-08-21,CFB,d7c91dabe6e413cca1b7d0d6d8dc7a15,2026-09-05T23:00:00Z,2026-08-21T16:13:41Z,,"Fri, 21 Aug 2026 16:13:41 GMT",2026-08-21T16:12:29Z,Vanderbilt Commodores,Austin Peay Governors,betrivers,,,-31.5,-113,31.5,-110,61.5,-112,-112
2026-08-21,CFB,1107b27a3395b91cf33c3475755ed37f,2026-09-05T23:00:00Z,2026-08-21T16:13:41Z,,"Fri, 21 Aug 2026 16:13:41 GMT",2026-08-21T16:13:40Z,Georgia Southern Eagles,Charleston Southern Buccaneers,fanduel,-7000,2000,-27.5,-108,27.5,-112,51.5,-110,-110
2026-08-21,CFB,1107b27a3395b91cf33c3475755ed37f,2026-09-05T23:00:00Z,2026-08-21T16:13:41Z,,"Fri, 21 Aug 2026 16:13:41 GMT",2026-08-21T16:13:11Z,Georgia Southern Eagles,Charleston Southern Buccaneers,draftkings,-6500,2000,-25.5,-110,25.5,-110,51.5,-115,-105
2026-08-21,CFB,1107b27a3395b91cf33c3475755ed37f,2026-09-05T23:00:00Z,2026-08-21T16:13:41Z,,"Fri, 21 Aug 2026 16:13:41 GMT",2026-08-21T16:12:29Z,Georgia Southern Eagles,Charleston Southern Buccaneers,betrivers,-10000,1700,-26.0,-114,26.0,-109,51.5,-112,-112
2026-08-21,CFB,f918d3d3ebf6112ff1362c0f48465204,2026-09-05T23:00:00Z,2026-08-21T16:13:41Z,,"Fri, 21 Aug 2026 16:13:41 GMT",2026-08-21T16:13:40Z,Jacksonville State Gamecocks,Eastern Kentucky Colonels,fanduel,-1800,920,-20.5,-110,20.5,-110,54.5,-110,-110
2026-08-21,CFB,f918d3d3ebf6112ff1362c0f48465204,2026-09-05T23:00:00Z,2026-08-21T16:13:41Z,,"Fri, 21 Aug 2026 16:13:41 GMT",2026-08-21T16:13:11Z,Jacksonville State Gamecocks,Eastern Kentucky Colonels,draftkings,-1800,1000,-19.5,-110,19.5,-110,52.5,-112,-108
2026-08-21,CFB,f918d3d3ebf6112ff1362c0f48465204,2026-09-05T23:00:00Z,2026-08-21T16:13:41Z,,"Fri, 21 Aug 2026 16:13:41 GMT",2026-08-21T16:12:29Z,Jacksonville State Gamecocks,Eastern Kentucky Colonels,betrivers,-2000,950,-20.5,-110,20.5,-113,53.5,-114,-109
2026-08-21,CFB,85b9f3dfd3a9deeaaa046572f9b4fbeb,2026-09-05T23:00:00Z,2026-08-21T16:13:41Z,,"Fri, 21 Aug 2026 16:13:41 GMT",2026-08-21T16:13:11Z,South Florida Bulls,Florida International Panthers,draftkings,-520,390,-13.5,-105,13.5,-115,54.5,-118,-102
2026-08-21,CFB,85b9f3dfd3a9deeaaa046572f9b4fbeb,2026-09-05T23:00:00Z,2026-08-21T16:13:41Z,,"Fri, 21 Aug 2026 16:13:41 GMT",2026-08-21T16:13:40Z,South Florida Bulls,Florida International Panthers,fanduel,-550,400,-13.5,-110,13.5,-110,54.5,-115,-105
2026-08-21,CFB,85b9f3dfd3a9deeaaa046572f9b4fbeb,2026-09-05T23:00:00Z,2026-08-21T16:13:41Z,,"Fri, 21 Aug 2026 16:13:41 GMT",2026-08-21T16:13:11Z,South Florida Bulls,Florida International Panthers,betmgm,-550,400,-13.5,-105,13.5,-115,54.5,-110,-110
2026-08-21,CFB,85b9f3dfd3a9deeaaa046572f9b4fbeb,2026-09-05T23:00:00Z,2026-08-21T16:13:41Z,,"Fri, 21 Aug 2026 16:13:41 GMT",2026-08-21T16:12:29Z,South Florida Bulls,Florida International Panthers,betrivers,-670,440,-13.5,-112,13.5,-110,54.5,-113,-110
2026-08-21,CFB,34c23c88d29703e3b8a3b0b9d29a7c31,2026-09-05T23:00:00Z,2026-08-21T16:13:41Z,,"Fri, 21 Aug 2026 16:13:41 GMT",2026-08-21T16:13:40Z,Rice Owls,Houston Baptist Huskies,fanduel,-4500,1600,-24.5,-115,24.5,-105,47.5,-115,-105
2026-08-21,CFB,34c23c88d29703e3b8a3b0b9d29a7c31,2026-09-05T23:00:00Z,2026-08-21T16:13:41Z,,"Fri, 21 Aug 2026 16:13:41 GMT",2026-08-21T16:13:11Z,Rice Owls,Houston Baptist Huskies,draftkings,-1800,1000,-24.5,-102,24.5,-118,47.5,-115,-105
2026-08-21,CFB,34c23c88d29703e3b8a3b0b9d29a7c31,2026-09-05T23:00:00Z,2026-08-21T16:13:41Z,,"Fri, 21 Aug 2026 16:13:41 GMT",2026-08-21T16:12:29Z,Rice Owls,Houston Baptist Huskies,betrivers,-10000,1800,-24.0,-109,24.0,-114,47.5,-114,-109
2026-08-21,CFB,e6624a0cd664a38cde2f68f865e0536f,2026-09-05T23:00:00Z,2026-08-21T16:13:41Z,,"Fri, 21 Aug 2026 16:13:41 GMT",2026-08-21T16:13:40Z,Utah State Aggies,Idaho State Bengals,fanduel,-580,420,-13.5,-105,13.5,-115,61.5,-110,-110
2026-08-21,CFB,e6624a0cd664a38cde2f68f865e0536f,2026-09-05T23:00:00Z,2026-08-21T16:13:41Z,,"Fri, 21 Aug 2026 16:13:41 GMT",2026-08-21T16:13:11Z,Utah State Aggies,Idaho State Bengals,draftkings,-535,400,-11.5,-108,11.5,-112,64.5,-108,-112
2026-08-21,CFB,e6624a0cd664a38cde2f68f865e0536f,2026-09-05T23:00:00Z,2026-08-21T16:13:41Z,,"Fri, 21 Aug 2026 16:13:41 GMT",2026-08-21T16:12:29Z,Utah State Aggies,Idaho State Bengals,betrivers,-480,340,-12.5,-113,12.5,-110,63.5,-112,-112
2026-08-21,CFB,b4077e17d5393758cd18778ca067bd0a,2026-09-05T23:00:00Z,2026-08-21T16:13:41Z,,"Fri, 21 Aug 2026 16:13:41 GMT",2026-08-21T16:13:40Z,Kansas State Wildcats,Nicholls State Colonels,fanduel,,,-42.5,-110,42.5,-110,54.5,-110,-110
2026-08-21,CFB,b4077e17d5393758cd18778ca067bd0a,2026-09-05T23:00:00Z,2026-08-21T16:13:41Z,,"Fri, 21 Aug 2026 16:13:41 GMT",2026-08-21T16:12:29Z,Kansas State Wildcats,Nicholls State Colonels,betrivers,,,-41.5,-110,41.5,-113,55.5,-110,-113
2026-08-21,CFB,965fa47588c773e6753d409fc1020dec,2026-09-05T23:00:00Z,2026-08-21T16:13:41Z,,"Fri, 21 Aug 2026 16:13:41 GMT",2026-08-21T16:13:40Z,Michigan Wolverines,Western Michigan Broncos,fanduel,-7000,2000,-27.5,-110,27.5,-110,47.5,-120,-102
2026-08-21,CFB,965fa47588c773e6753d409fc1020dec,2026-09-05T23:00:00Z,2026-08-21T16:13:41Z,,"Fri, 21 Aug 2026 16:13:41 GMT",2026-08-21T16:13:11Z,Michigan Wolverines,Western Michigan Broncos,betmgm,-10000,1800,-27.5,-110,27.5,-110,48.5,-105,-115
2026-08-21,CFB,965fa47588c773e6753d409fc1020dec,2026-09-05T23:00:00Z,2026-08-21T16:13:41Z,,"Fri, 21 Aug 2026 16:13:41 GMT",2026-08-21T16:12:29Z,Michigan Wolverines,Western Michigan Broncos,betrivers,-5000,1400,-27.5,-108,27.5,-114,47.5,-115,-108
2026-08-21,CFB,ac175ca7938ed96d7f3831a9fa2e9270,2026-09-05T23:00:00Z,2026-08-21T16:13:41Z,,"Fri, 21 Aug 2026 16:13:41 GMT",2026-08-21T16:13:40Z,Middle Tennessee Blue Raiders,Murray State Racers,fanduel,-2100,1000,-21.5,-105,21.5,-115,60.5,-110,-110
2026-08-21,CFB,ac175ca7938ed96d7f3831a9fa2e9270,2026-09-05T23:00:00Z,2026-08-21T16:13:41Z,,"Fri, 21 Aug 2026 16:13:41 GMT",2026-08-21T16:13:11Z,Middle Tennessee Blue Raiders,Murray State Racers,draftkings,-1800,1000,-20.5,-110,20.5,-110,59.5,-112,-108
2026-08-21,CFB,ac175ca7938ed96d7f3831a9fa2e9270,2026-09-05T23:00:00Z,2026-08-21T16:13:41Z,,"Fri, 21 Aug 2026 16:13:41 GMT",2026-08-21T16:12:29Z,Middle Tennessee Blue Raiders,Murray State Racers,betrivers,-2000,950,-20.5,-115,20.5,-108,59.5,-112,-112
2026-08-21,CFB,19db717a66097e6d3fb887ae8cf3aaae,2026-09-05T23:00:00Z,2026-08-21T16:13:41Z,,"Fri, 21 Aug 2026 16:13:41 GMT",2026-08-21T16:13:11Z,Texas A&M Aggies,Missouri State Bears,draftkings,,,-40.5,-110,40.5,-110,52.5,-115,-105
2026-08-21,CFB,19db717a66097e6d3fb887ae8cf3aaae,2026-09-05T23:00:00Z,2026-08-21T16:13:41Z,,"Fri, 21 Aug 2026 16:13:41 GMT",2026-08-21T16:13:40Z,Texas A&M Aggies,Missouri State Bears,fanduel,,,-40.5,-106,40.5,-114,52.5,-115,-105
2026-08-21,CFB,19db717a66097e6d3fb887ae8cf3aaae,2026-09-05T23:00:00Z,2026-08-21T16:13:41Z,,"Fri, 21 Aug 2026 16:13:41 GMT",2026-08-21T16:13:11Z,Texas A&M Aggies,Missouri State Bears,betmgm,,,-40.5,-110,40.5,-110,52.5,-115,-105
2026-08-21,CFB,19db717a66097e6d3fb887ae8cf3aaae,2026-09-05T23:00:00Z,2026-08-21T16:13:41Z,,"Fri, 21 Aug 2026 16:13:41 GMT",2026-08-21T16:12:29Z,Texas A&M Aggies,Missouri State Bears,betrivers,,,-40.0,-112,40.0,-112,53.5,-109,-114
2026-08-21,CFB,fb6839df368dc6724c22bd58cbe64a5d,2026-09-05T23:00:00Z,2026-08-21T16:13:41Z,,"Fri, 21 Aug 2026 16:13:41 GMT",2026-08-21T16:13:11Z,Troy Trojans,Sam Houston State Bearkats,draftkings,-900,600,-16.5,-110,16.5,-110,51.5,-115,-105
2026-08-21,CFB,fb6839df368dc6724c22bd58cbe64a5d,2026-09-05T23:00:00Z,2026-08-21T16:13:41Z,,"Fri, 21 Aug 2026 16:13:41 GMT",2026-08-21T16:13:40Z,Troy Trojans,Sam Houston State Bearkats,fanduel,-880,580,-16.5,-110,16.5,-110,52.5,-105,-115
2026-08-21,CFB,fb6839df368dc6724c22bd58cbe64a5d,2026-09-05T23:00:00Z,2026-08-21T16:13:41Z,,"Fri, 21 Aug 2026 16:13:41 GMT",2026-08-21T16:13:11Z,Troy Trojans,Sam Houston State Bearkats,betmgm,-800,550,-16.5,-110,16.5,-110,51.5,-110,-110
2026-08-21,CFB,fb6839df368dc6724c22bd58cbe64a5d,2026-09-05T23:00:00Z,2026-08-21T16:13:41Z,,"Fri, 21 Aug 2026 16:13:41 GMT",2026-08-21T16:12:29Z,Troy Trojans,Sam Houston State Bearkats,betrivers,-910,575,-16.5,-113,16.5,-110,51.5,-114,-109
2026-08-21,CFB,92e9ba19aef9e422898288605879f16a,2026-09-05T23:00:00Z,2026-08-21T16:13:41Z,,"Fri, 21 Aug 2026 16:13:41 GMT",2026-08-21T16:13:40Z,South Alabama Jaguars,Southeastern Louisiana Lions,fanduel,-490,365,-11.5,-110,11.5,-110,51.5,-115,-105
2026-08-21,CFB,92e9ba19aef9e422898288605879f16a,2026-09-05T23:00:00Z,2026-08-21T16:13:41Z,,"Fri, 21 Aug 2026 16:13:41 GMT",2026-08-21T16:13:11Z,South Alabama Jaguars,Southeastern Louisiana Lions,draftkings,-500,380,-12.5,-112,12.5,-108,52.5,-115,-105
2026-08-21,CFB,92e9ba19aef9e422898288605879f16a,2026-09-05T23:00:00Z,2026-08-21T16:13:41Z,,"Fri, 21 Aug 2026 16:13:41 GMT",2026-08-21T16:12:29Z,South Alabama Jaguars,Southeastern Louisiana Lions,betrivers,-590,410,-12.5,-110,12.5,-113,52.5,-110,-113
2026-08-21,CFB,073bba47dc105fcd66913e74f281ae96,2026-09-05T23:30:00Z,2026-08-21T16:13:41Z,,"Fri, 21 Aug 2026 16:13:41 GMT",2026-08-21T16:13:40Z,LSU Tigers,Clemson Tigers,fanduel,-430,330,-10.5,-110,10.5,-110,50.5,-120,-102
2026-08-21,CFB,073bba47dc105fcd66913e74f281ae96,2026-09-05T23:30:00Z,2026-08-21T16:13:41Z,,"Fri, 21 Aug 2026 16:13:41 GMT",2026-08-21T16:13:11Z,LSU Tigers,Clemson Tigers,betmgm,-375,290,-10.5,-105,10.5,-115,51.5,-110,-110
2026-08-21,CFB,073bba47dc105fcd66913e74f281ae96,2026-09-05T23:30:00Z,2026-08-21T16:13:41Z,,"Fri, 21 Aug 2026 16:13:41 GMT",2026-08-21T16:12:29Z,LSU Tigers,Clemson Tigers,betrivers,-400,295,-10.0,-108,10.0,-115,51.5,-109,-114
2026-08-21,CFB,6def2370b6493e65be537864869f5f20,2026-09-05T23:30:00Z,2026-08-21T16:13:41Z,,"Fri, 21 Aug 2026 16:13:41 GMT",2026-08-21T16:13:40Z,Louisiana Tech Bulldogs,Northwestern State Demons,fanduel,,,-42.5,-110,42.5,-110,53.5,-115,-105
2026-08-21,CFB,6def2370b6493e65be537864869f5f20,2026-09-05T23:30:00Z,2026-08-21T16:13:41Z,,"Fri, 21 Aug 2026 16:13:41 GMT",2026-08-21T16:12:29Z,Louisiana Tech Bulldogs,Northwestern State Demons,betrivers,,,-42.5,-109,42.5,-114,53.5,-112,-110
2026-08-21,CFB,61a35dab6017f6f7de74fab10707197c,2026-09-05T23:30:00Z,2026-08-21T16:13:41Z,,"Fri, 21 Aug 2026 16:13:41 GMT",2026-08-21T16:13:40Z,Mississippi State Bulldogs,UL Monroe Warhawks,fanduel,-10000,2400,-29.5,-115,29.5,-105,55.5,-115,-105
2026-08-21,CFB,61a35dab6017f6f7de74fab10707197c,2026-09-05T23:30:00Z,2026-08-21T16:13:41Z,,"Fri, 21 Aug 2026 16:13:41 GMT",2026-08-21T16:13:11Z,Mississippi State Bulldogs,UL Monroe Warhawks,betmgm,,,-28.5,-110,28.5,-110,55.5,-110,-110
2026-08-21,CFB,61a35dab6017f6f7de74fab10707197c,2026-09-05T23:30:00Z,2026-08-21T16:13:41Z,,"Fri, 21 Aug 2026 16:13:41 GMT",2026-08-21T16:12:29Z,Mississippi State Bulldogs,UL Monroe Warhawks,betrivers,-10000,1900,-28.5,-109,28.5,-114,55.5,-110,-112
2026-08-21,CFB,516f500b559017bc6c6f127259da99f1,2026-09-05T23:30:00Z,2026-08-21T16:13:41Z,,"Fri, 21 Aug 2026 16:13:41 GMT",2026-08-21T16:13:40Z,Virginia Tech Hokies,VMI Keydets,fanduel,,,-51.5,-115,51.5,-105,58.5,-110,-110
2026-08-21,CFB,516f500b559017bc6c6f127259da99f1,2026-09-05T23:30:00Z,2026-08-21T16:13:41Z,,"Fri, 21 Aug 2026 16:13:41 GMT",2026-08-21T16:12:29Z,Virginia Tech Hokies,VMI Keydets,betrivers,,,-50.5,-112,50.5,-110,58.5,-112,-112
2026-08-21,CFB,247137e181f9ff51165c0283d6d56987,2026-09-05T23:45:00Z,2026-08-21T16:13:41Z,,"Fri, 21 Aug 2026 16:13:41 GMT",2026-08-21T16:13:40Z,Florida Gators,Florida Atlantic Owls,fanduel,-4500,1600,-26.5,-115,26.5,-105,58.5,-112,-108
2026-08-21,CFB,247137e181f9ff51165c0283d6d56987,2026-09-05T23:45:00Z,2026-08-21T16:13:41Z,,"Fri, 21 Aug 2026 16:13:41 GMT",2026-08-21T16:13:11Z,Florida Gators,Florida Atlantic Owls,betmgm,-3000,1200,-26.5,-115,26.5,-105,58.5,-110,-110
2026-08-21,CFB,247137e181f9ff51165c0283d6d56987,2026-09-05T23:45:00Z,2026-08-21T16:13:41Z,,"Fri, 21 Aug 2026 16:13:41 GMT",2026-08-21T16:12:29Z,Florida Gators,Florida Atlantic Owls,betrivers,-5000,1500,-26.5,-113,26.5,-110,58.5,-109,-114
2026-08-21,CFB,6fda1c04dbc63f6c24f795f05e32d11b,2026-09-06T00:00:00Z,2026-08-21T16:13:41Z,,"Fri, 21 Aug 2026 16:13:41 GMT",2026-08-21T16:13:40Z,BYU Cougars,Utah Tech Trailblazers,fanduel,,,-48.5,-110,48.5,-110,55.5,-110,-110
2026-08-21,CFB,6fda1c04dbc63f6c24f795f05e32d11b,2026-09-06T00:00:00Z,2026-08-21T16:13:41Z,,"Fri, 21 Aug 2026 16:13:41 GMT",2026-08-21T16:12:29Z,BYU Cougars,Utah Tech Trailblazers,betrivers,,,-47.5,-110,47.5,-113,55.5,-113,-110
2026-08-21,CFB,993d8ce79314ba23c226f4588a015d05,2026-09-06T00:00:00Z,2026-08-21T16:13:41Z,,"Fri, 21 Aug 2026 16:13:41 GMT",2026-08-21T16:13:40Z,Louisiana Ragin Cajuns,Lamar Cardinals,fanduel,-2300,1060,-20.5,-115,20.5,-105,49.5,-108,-112
2026-08-21,CFB,993d8ce79314ba23c226f4588a015d05,2026-09-06T00:00:00Z,2026-08-21T16:13:41Z,,"Fri, 21 Aug 2026 16:13:41 GMT",2026-08-21T16:12:29Z,Louisiana Ragin Cajuns,Lamar Cardinals,betrivers,-2500,1050,-19.0,-114,19.0,-109,48.5,-113,-110
2026-08-21,CFB,7062c81b2c402a10362f42c8c30f72f4,2026-09-06T00:00:00Z,2026-08-21T16:13:41Z,,"Fri, 21 Aug 2026 16:13:41 GMT",2026-08-21T16:13:40Z,Northwestern Wildcats,South Dakota State Jackrabbits,fanduel,-580,420,-13.5,-110,13.5,-110,46.5,-115,-105
2026-08-21,CFB,7062c81b2c402a10362f42c8c30f72f4,2026-09-06T00:00:00Z,2026-08-21T16:13:41Z,,"Fri, 21 Aug 2026 16:13:41 GMT",2026-08-21T16:12:29Z,Northwestern Wildcats,South Dakota State Jackrabbits,betrivers,-715,460,-12.5,-113,12.5,-110,46.5,-113,-110
2026-08-21,CFB,5df98ab50cf92b2a49fd7ad6f5d98b67,2026-09-06T01:00:00Z,2026-08-21T16:13:41Z,,"Fri, 21 Aug 2026 16:13:41 GMT",2026-08-21T16:13:40Z,New Mexico State Aggies,Mercyhurst Lakers,fanduel,-4500,1600,-26.5,-110,26.5,-110,48.5,-110,-110
2026-08-21,CFB,020f07f6edd4f49bb1db1eab439f57dd,2026-09-06T01:30:00Z,2026-08-21T16:13:41Z,,"Fri, 21 Aug 2026 16:13:41 GMT",2026-08-21T16:13:40Z,Arizona Wildcats,Northern Arizona Lumberjacks,fanduel,-10000,3000,-33.5,-105,33.5,-115,57.5,-110,-110
2026-08-21,CFB,020f07f6edd4f49bb1db1eab439f57dd,2026-09-06T01:30:00Z,2026-08-21T16:13:41Z,,"Fri, 21 Aug 2026 16:13:41 GMT",2026-08-21T16:12:29Z,Arizona Wildcats,Northern Arizona Lumberjacks,betrivers,-10000,2000,-33.5,-112,33.5,-112,57.5,-113,-110
2026-08-21,CFB,2d361438c10dddccfd25146090dae71a,2026-09-06T01:30:00Z,2026-08-21T16:13:41Z,,"Fri, 21 Aug 2026 16:13:41 GMT",2026-08-21T16:13:40Z,San Diego State Aztecs,Portland State Vikings,fanduel,,,-41.5,-115,41.5,-105,58.5,-110,-110
2026-08-21,CFB,2d361438c10dddccfd25146090dae71a,2026-09-06T01:30:00Z,2026-08-21T16:13:41Z,,"Fri, 21 Aug 2026 16:13:41 GMT",2026-08-21T16:12:29Z,San Diego State Aztecs,Portland State Vikings,betrivers,,,-41.0,-115,41.0,-108,57.5,-109,-114
2026-08-21,CFB,4239b7c310247c5b1c1a5e975fc6d53f,2026-09-06T02:00:00Z,2026-08-21T16:13:41Z,,"Fri, 21 Aug 2026 16:13:41 GMT",2026-08-21T16:13:40Z,Arizona State Sun Devils,Morgan State Bears,fanduel,,,-42.5,-106,42.5,-114,52.5,-115,-105
2026-08-21,CFB,4239b7c310247c5b1c1a5e975fc6d53f,2026-09-06T02:00:00Z,2026-08-21T16:13:41Z,,"Fri, 21 Aug 2026 16:13:41 GMT",2026-08-21T16:12:29Z,Arizona State Sun Devils,Morgan State Bears,betrivers,,,-42.5,-113,42.5,-110,53.0,-109,-114
2026-08-21,CFB,0434161af1b45c8a61dac5ba00210af1,2026-09-06T02:00:00Z,2026-08-21T16:13:41Z,,"Fri, 21 Aug 2026 16:13:41 GMT",2026-08-21T16:13:40Z,New Mexico Lobos,Central Michigan Chippewas,fanduel,-450,340,-10.5,-110,10.5,-110,47.5,-105,-115
2026-08-21,CFB,0434161af1b45c8a61dac5ba00210af1,2026-09-06T02:00:00Z,2026-08-21T16:13:41Z,,"Fri, 21 Aug 2026 16:13:41 GMT",2026-08-21T16:12:29Z,New Mexico Lobos,Central Michigan Chippewas,betrivers,-560,390,-12.5,-112,12.5,-112,48.0,-113,-110
2026-08-21,CFB,0434161af1b45c8a61dac5ba00210af1,2026-09-06T02:00:00Z,2026-08-21T16:13:41Z,,"Fri, 21 Aug 2026 16:13:41 GMT",2026-08-21T16:13:11Z,New Mexico Lobos,Central Michigan Chippewas,betmgm,-550,400,-12.5,-110,12.5,-110,47.5,-115,-105
2026-08-21,CFB,df569f05eeee15a5fdf95bd5ce086d6d,2026-09-06T02:00:00Z,2026-08-21T16:13:41Z,,"Fri, 21 Aug 2026 16:13:41 GMT",2026-08-21T16:13:40Z,Hawaii Rainbow Warriors,UNLV Rebels,fanduel,126,-152,2.5,102,-2.5,-124,58.5,-115,-105
2026-08-21,CFB,df569f05eeee15a5fdf95bd5ce086d6d,2026-09-06T02:00:00Z,2026-08-21T16:13:41Z,,"Fri, 21 Aug 2026 16:13:41 GMT",2026-08-21T16:12:29Z,Hawaii Rainbow Warriors,UNLV Rebels,betrivers,108,-136,2.5,-109,-2.5,-113,58.5,-109,-114
2026-08-21,CFB,df569f05eeee15a5fdf95bd5ce086d6d,2026-09-06T02:00:00Z,2026-08-21T16:13:41Z,,"Fri, 21 Aug 2026 16:13:41 GMT",2026-08-21T16:13:11Z,Hawaii Rainbow Warriors,UNLV Rebels,betmgm,125,-150,3.5,-120,-3.5,100,58.5,-115,-105
2026-08-21,CFB,29cb5ab7b872568cd54873777ff226ff,2026-09-06T02:00:00Z,2026-08-21T16:13:41Z,,"Fri, 21 Aug 2026 16:13:41 GMT",2026-08-21T16:13:40Z,Sacramento State Hornets,Mississippi Valley State Delta Devils,fanduel,,,-35.5,-110,35.5,-110,55.5,-115,-105
2026-08-21,CFB,29cb5ab7b872568cd54873777ff226ff,2026-09-06T02:00:00Z,2026-08-21T16:13:41Z,,"Fri, 21 Aug 2026 16:13:41 GMT",2026-08-21T16:12:29Z,Sacramento State Hornets,Mississippi Valley State Delta Devils,betrivers,,,-35.5,-112,35.5,-112,56.5,-114,-109
2026-08-21,CFB,1bb9e45b6e7ed1200104ed018eff9093,2026-09-06T02:30:00Z,2026-08-21T16:13:41Z,,"Fri, 21 Aug 2026 16:13:41 GMT",2026-08-21T16:13:40Z,California Golden Bears,UCLA Bruins,fanduel,-104,-115,1.5,-114,-1.5,-106,54.5,-115,-105
2026-08-21,CFB,1bb9e45b6e7ed1200104ed018eff9093,2026-09-06T02:30:00Z,2026-08-21T16:13:41Z,,"Fri, 21 Aug 2026 16:13:41 GMT",2026-08-21T16:12:29Z,California Golden Bears,UCLA Bruins,betrivers,-113,-110,-1.0,-106,1.0,-118,55.0,-108,-115
2026-08-21,CFB,1bb9e45b6e7ed1200104ed018eff9093,2026-09-06T02:30:00Z,2026-08-21T16:13:41Z,,"Fri, 21 Aug 2026 16:13:41 GMT",2026-08-21T16:13:11Z,California Golden Bears,UCLA Bruins,betmgm,-115,-105,1.5,-115,-1.5,-105,54.5,-115,-105
2026-08-21,CFB,63efb66a308ba1892fb100b7341a76d8,2026-09-06T02:30:00Z,2026-08-21T16:13:41Z,,"Fri, 21 Aug 2026 16:13:41 GMT",2026-08-21T16:13:40Z,Nevada Wolf Pack,Western Kentucky Hilltoppers,fanduel,115,-138,2.5,-105,-2.5,-115,52.5,-115,-105
2026-08-21,CFB,63efb66a308ba1892fb100b7341a76d8,2026-09-06T02:30:00Z,2026-08-21T16:13:41Z,,"Fri, 21 Aug 2026 16:13:41 GMT",2026-08-21T16:12:29Z,Nevada Wolf Pack,Western Kentucky Hilltoppers,betrivers,110,-137,2.5,-113,-2.5,-110,52.5,-110,-113
2026-08-21,CFB,63efb66a308ba1892fb100b7341a76d8,2026-09-06T02:30:00Z,2026-08-21T16:13:41Z,,"Fri, 21 Aug 2026 16:13:41 GMT",2026-08-21T16:13:11Z,Nevada Wolf Pack,Western Kentucky Hilltoppers,betmgm,120,-145,2.5,-105,-2.5,-115,53.5,-105,-115
2026-08-21,CFB,36c2a063d7a55e85488fbe0e89015686,2026-09-06T20:00:00Z,2026-08-21T16:13:41Z,,"Fri, 21 Aug 2026 16:13:41 GMT",2026-08-21T16:13:40Z,Washington Huskies,Washington State Cougars,fanduel,-3000,1200,-22.5,-110,22.5,-110,50.5,-115,-105
2026-08-21,CFB,36c2a063d7a55e85488fbe0e89015686,2026-09-06T20:00:00Z,2026-08-21T16:13:41Z,,"Fri, 21 Aug 2026 16:13:41 GMT",2026-08-21T16:13:11Z,Washington Huskies,Washington State Cougars,betmgm,-2000,1000,-22.5,-115,22.5,-105,50.5,-110,-110
2026-08-21,CFB,36c2a063d7a55e85488fbe0e89015686,2026-09-06T20:00:00Z,2026-08-21T16:13:41Z,,"Fri, 21 Aug 2026 16:13:41 GMT",2026-08-21T16:12:29Z,Washington Huskies,Washington State Cougars,betrivers,,,-22.5,-112,22.5,-112,50.5,-115,-108
2026-08-21,CFB,4f0e1900bdc8d12bf0cc91ae291c104e,2026-09-06T23:30:00Z,2026-08-21T16:13:41Z,,"Fri, 21 Aug 2026 16:13:41 GMT",2026-08-21T16:12:29Z,Ole Miss Rebels,Louisville Cardinals,betrivers,-265,195,-6.5,-114,6.5,-109,55.5,-112,-112
2026-08-21,CFB,4f0e1900bdc8d12bf0cc91ae291c104e,2026-09-06T23:30:00Z,2026-08-21T16:13:41Z,,"Fri, 21 Aug 2026 16:13:41 GMT",2026-08-21T16:13:40Z,Ole Miss Rebels,Louisville Cardinals,fanduel,-250,202,-6.5,-115,6.5,-105,55.5,-115,-105
2026-08-21,CFB,4f0e1900bdc8d12bf0cc91ae291c104e,2026-09-06T23:30:00Z,2026-08-21T16:13:41Z,,"Fri, 21 Aug 2026 16:13:41 GMT",2026-08-21T16:13:11Z,Ole Miss Rebels,Louisville Cardinals,betmgm,-250,200,-6.5,-115,6.5,-105,55.5,-110,-110
2026-08-21,CFB,b460f3aa4235ec2485f25182755304d6,2026-09-06T23:30:00Z,2026-08-21T16:13:41Z,,"Fri, 21 Aug 2026 16:13:41 GMT",2026-08-21T16:13:40Z,Notre Dame Fighting Irish,Wisconsin Badgers,fanduel,-2500,1100,-20.5,-120,20.5,-102,47.5,-115,-105
2026-08-21,CFB,b460f3aa4235ec2485f25182755304d6,2026-09-06T23:30:00Z,2026-08-21T16:13:41Z,,"Fri, 21 Aug 2026 16:13:41 GMT",2026-08-21T16:13:11Z,Notre Dame Fighting Irish,Wisconsin Badgers,betmgm,-2000,1000,-20.5,-120,20.5,100,47.5,-115,-105
2026-08-21,CFB,b460f3aa4235ec2485f25182755304d6,2026-09-06T23:30:00Z,2026-08-21T16:13:41Z,,"Fri, 21 Aug 2026 16:13:41 GMT",2026-08-21T16:12:29Z,Notre Dame Fighting Irish,Wisconsin Badgers,betrivers,-2000,900,-21.0,-108,21.0,-115,47.5,-112,-112
2026-08-21,CFB,a570687d47661da4982cfd885cdb4a44,2026-09-07T23:30:00Z,2026-08-21T16:13:41Z,,"Fri, 21 Aug 2026 16:13:41 GMT",2026-08-21T16:13:40Z,Florida State Seminoles,SMU Mustangs,fanduel,114,-137,2.5,-110,-2.5,-110,53.5,-110,-110
2026-08-21,CFB,a570687d47661da4982cfd885cdb4a44,2026-09-07T23:30:00Z,2026-08-21T16:13:41Z,,"Fri, 21 Aug 2026 16:13:41 GMT",2026-08-21T16:12:29Z,Florida State Seminoles,SMU Mustangs,betrivers,112,-139,2.5,-110,-2.5,-113,52.5,-109,-114
2026-08-21,CFB,912c15dcb8dd09eacabdcb80673d9d72,2026-09-12T00:00:00Z,2026-08-21T16:13:41Z,,"Fri, 21 Aug 2026 16:13:41 GMT",2026-08-21T16:13:40Z,Kansas Jayhawks,Missouri Tigers,fanduel,190,-235,6.5,-108,-6.5,-112,51.5,-110,-110
2026-08-21,CFB,912c15dcb8dd09eacabdcb80673d9d72,2026-09-12T00:00:00Z,2026-08-21T16:13:41Z,,"Fri, 21 Aug 2026 16:13:41 GMT",2026-08-21T16:12:29Z,Kansas Jayhawks,Missouri Tigers,betrivers,195,-250,6.5,-110,-6.5,-113,52.5,-112,-112
2026-08-21,CFB,c12cd73c4077a0265acec205a572c2ec,2026-09-12T16:00:00Z,2026-08-21T16:13:41Z,,"Fri, 21 Aug 2026 16:13:41 GMT",2026-08-21T16:13:40Z,Utah Utes,Arkansas Razorbacks,fanduel,-320,255,-7.5,-115,7.5,-105,55.5,-110,-110
2026-08-21,CFB,c12cd73c4077a0265acec205a572c2ec,2026-09-12T16:00:00Z,2026-08-21T16:13:41Z,,"Fri, 21 Aug 2026 16:13:41 GMT",2026-08-21T16:12:29Z,Utah Utes,Arkansas Razorbacks,betrivers,-315,235,-7.5,-112,7.5,-112,55.5,-113,-110
2026-08-21,CFB,b38f4f63351c15767e64a76a73589574,2026-09-12T16:00:00Z,2026-08-21T16:13:41Z,,"Fri, 21 Aug 2026 16:13:41 GMT",2026-08-21T16:13:40Z,Michigan Wolverines,Oklahoma Sooners,fanduel,-113,-106,-1.5,-106,1.5,-114,45.5,-114,-106
2026-08-21,CFB,b38f4f63351c15767e64a76a73589574,2026-09-12T16:00:00Z,2026-08-21T16:13:41Z,,"Fri, 21 Aug 2026 16:13:41 GMT",2026-08-21T16:12:29Z,Michigan Wolverines,Oklahoma Sooners,betrivers,-124,-103,-1.5,-110,1.5,-112,45.5,-110,-113
2026-08-21,CFB,d652c7bc0594f13ef0a2a04e31ef5666,2026-09-12T16:00:00Z,2026-08-21T16:13:41Z,,"Fri, 21 Aug 2026 16:13:41 GMT",2026-08-21T16:13:40Z,Oklahoma State Cowboys,Oregon Ducks,fanduel,640,-1000,17.5,-110,-17.5,-110,60.5,-110,-110
2026-08-21,CFB,d652c7bc0594f13ef0a2a04e31ef5666,2026-09-12T16:00:00Z,2026-08-21T16:13:41Z,,"Fri, 21 Aug 2026 16:13:41 GMT",2026-08-21T16:12:29Z,Oklahoma State Cowboys,Oregon Ducks,betrivers,,,17.5,-113,-17.5,-110,,,
2026-08-21,CFB,0633819fa9e60ac71609cd40e1596b1b,2026-09-12T23:30:00Z,2026-08-21T16:13:41Z,,"Fri, 21 Aug 2026 16:13:41 GMT",2026-08-21T16:13:40Z,Iowa Hawkeyes,Iowa State Cyclones,fanduel,-650,460,-12.5,-124,12.5,102,42.5,-106,-114
2026-08-21,CFB,0633819fa9e60ac71609cd40e1596b1b,2026-09-12T23:30:00Z,2026-08-21T16:13:41Z,,"Fri, 21 Aug 2026 16:13:41 GMT",2026-08-21T16:12:29Z,Iowa Hawkeyes,Iowa State Cyclones,betrivers,-910,500,-13.0,-110,13.0,-113,40.5,-114,-109
2026-08-21,CFB,08c34029ecc85b4a6d519f90f9082e56,2026-09-12T23:30:00Z,2026-08-21T16:13:41Z,,"Fri, 21 Aug 2026 16:13:41 GMT",2026-08-21T16:13:40Z,Texas Longhorns,Ohio State Buckeyes,fanduel,-115,-104,-1.5,-106,1.5,-114,47.5,-115,-105
2026-08-21,CFB,08c34029ecc85b4a6d519f90f9082e56,2026-09-12T23:30:00Z,2026-08-21T16:13:41Z,,"Fri, 21 Aug 2026 16:13:41 GMT",2026-08-21T16:12:29Z,Texas Longhorns,Ohio State Buckeyes,betrivers,-125,100,-1.5,-112,1.5,-110,47.5,-112,-110
2026-08-21,CFB,01e9c4d460a55375a75d025e2b1ddbf5,2026-09-19T16:00:00Z,2026-08-21T16:13:41Z,,"Fri, 21 Aug 2026 16:13:41 GMT",2026-08-21T16:13:40Z,Arkansas Razorbacks,Georgia Bulldogs,fanduel,580,-880,16.5,-110,-16.5,-110,55.5,-110,-110
2026-08-21,CFB,65571f1cab1a260aae4a220e38dbbc1d,2026-09-19T23:30:00Z,2026-08-21T16:13:41Z,,"Fri, 21 Aug 2026 16:13:41 GMT",2026-08-21T16:13:40Z,Ole Miss Rebels,LSU Tigers,fanduel,-130,108,-2.5,-110,2.5,-110,57.5,-110,-110
2026-08-21,CFB,65571f1cab1a260aae4a220e38dbbc1d,2026-09-19T23:30:00Z,2026-08-21T16:13:41Z,,"Fri, 21 Aug 2026 16:13:41 GMT",2026-08-21T16:12:29Z,Ole Miss Rebels,LSU Tigers,betrivers,,,-2.5,-110,2.5,-113,57.5,-110,-113
2026-08-21,CFB,82b83ec87fc2be5faa2e9f26ac50edef,2026-10-10T16:00:00Z,2026-08-21T16:13:41Z,,"Fri, 21 Aug 2026 16:13:41 GMT",2026-08-21T16:13:40Z,Oklahoma Sooners,Texas Longhorns,fanduel,188,-230,6.5,-110,-6.5,-110,47.5,-115,-105
2026-08-21,CFB,82b83ec87fc2be5faa2e9f26ac50edef,2026-10-10T16:00:00Z,2026-08-21T16:13:41Z,,"Fri, 21 Aug 2026 16:13:41 GMT",2026-08-21T16:12:29Z,Oklahoma Sooners,Texas Longhorns,betrivers,188,-240,6.5,-113,-6.5,-109,48.5,-112,-112
2026-08-21,CFB,59f8c98dee8ce77cc17c5b4958e4f325,2026-10-11T00:00:00Z,2026-08-21T16:13:41Z,,"Fri, 21 Aug 2026 16:13:41 GMT",2026-08-21T16:13:40Z,Alabama Crimson Tide,Georgia Bulldogs,fanduel,122,-146,2.5,100,-2.5,-122,49.5,-108,-112
2026-08-21,CFB,59f8c98dee8ce77cc17c5b4958e4f325,2026-10-11T00:00:00Z,2026-08-21T16:13:41Z,,"Fri, 21 Aug 2026 16:13:41 GMT",2026-08-21T16:12:29Z,Alabama Crimson Tide,Georgia Bulldogs,betrivers,116,-148,2.5,-108,-2.5,-115,49.0,-110,-113
2026-08-21,CFB,685a8722f297502fa85e4cd8c7e54b1c,2026-10-17T16:00:00Z,2026-08-21T16:13:41Z,,"Fri, 21 Aug 2026 16:13:41 GMT",2026-08-21T16:13:40Z,Indiana Hoosiers,Ohio State Buckeyes,fanduel,-102,-118,1.5,-110,-1.5,-110,48.5,-115,-105
2026-08-21,CFB,685a8722f297502fa85e4cd8c7e54b1c,2026-10-17T16:00:00Z,2026-08-21T16:13:41Z,,"Fri, 21 Aug 2026 16:13:41 GMT",2026-08-21T16:12:29Z,Indiana Hoosiers,Ohio State Buckeyes,betrivers,-103,-124,1.5,-113,-1.5,-110,48.5,-112,-112
2026-08-21,CFB,4aac00e6cc06b8905659f911419540d2,2026-11-08T00:30:00Z,2026-08-21T16:13:41Z,,"Fri, 21 Aug 2026 16:13:41 GMT",2026-08-21T16:13:40Z,Notre Dame Fighting Irish,Miami Hurricanes,fanduel,-230,188,-6.5,-106,6.5,-114,55.5,-115,-105
2026-08-21,CFB,4aac00e6cc06b8905659f911419540d2,2026-11-08T00:30:00Z,2026-08-21T16:13:41Z,,"Fri, 21 Aug 2026 16:13:41 GMT",2026-08-21T16:12:29Z,Notre Dame Fighting Irish,Miami Hurricanes,betrivers,-250,185,-6.5,-115,6.5,-108,54.5,-114,-109
2026-08-21,CFB,426658869d8f93e891cad97029725975,2026-11-28T17:00:00Z,2026-08-21T16:13:41Z,,"Fri, 21 Aug 2026 16:13:41 GMT",2026-08-21T16:13:40Z,Ohio State Buckeyes,Michigan Wolverines,fanduel,-530,390,-11.5,-120,11.5,-102,45.5,-110,-110
2026-08-21,CFB,426658869d8f93e891cad97029725975,2026-11-28T17:00:00Z,2026-08-21T16:13:41Z,,"Fri, 21 Aug 2026 16:13:41 GMT",2026-08-21T16:12:29Z,Ohio State Buckeyes,Michigan Wolverines,betrivers,-670,450,-13.5,-113,13.5,-110,45.5,-113,-110
