date,sport,game_id,commence_time,snapshot_taken_at_utc,api_snapshot_timestamp_utc,response_received_at_utc,bookmaker_last_update_utc,home_team,away_team,bookmaker,ml_home,ml_away,spread_home,spread_home_odds,spread_away,spread_away_odds,total_line,total_over_odds,total_under_odds
2026-09-07,NFL,8c94552d022acec4a0458d70c19d3da9,2026-09-10T00:20:00Z,2026-09-07T19:24:25Z,,"Mon, 07 Sep 2026 19:24:25 GMT",2026-09-07T19:24:02Z,Seattle Seahawks,New England Patriots,draftkings,-180,150,-3.5,-102,3.5,-118,44.5,-105,-115
2026-09-07,NFL,8c94552d022acec4a0458d70c19d3da9,2026-09-10T00:20:00Z,2026-09-07T19:24:25Z,,"Mon, 07 Sep 2026 19:24:25 GMT",2026-09-07T19:24:01Z,Seattle Seahawks,New England Patriots,fanduel,-188,158,-3.5,-108,3.5,-112,44.5,-110,-110
2026-09-07,NFL,8c94552d022acec4a0458d70c19d3da9,2026-09-10T00:20:00Z,2026-09-07T19:24:25Z,,"Mon, 07 Sep 2026 19:24:25 GMT",2026-09-07T19:23:24Z,Seattle Seahawks,New England Patriots,betrivers,-200,160,-3.5,-108,3.5,-113,44.5,-110,-110
2026-09-07,NFL,8c94552d022acec4a0458d70c19d3da9,2026-09-10T00:20:00Z,2026-09-07T19:24:25Z,,"Mon, 07 Sep 2026 19:24:25 GMT",2026-09-07T19:22:16Z,Seattle Seahawks,New England Patriots,betmgm,-190,155,-3.5,-105,3.5,-112,44.5,-105,-112
2026-09-07,NFL,acc580d74344ea3b31bbcdd057fe6a9c,2026-09-11T00:35:00Z,2026-09-07T19:24:25Z,,"Mon, 07 Sep 2026 19:24:25 GMT",2026-09-07T19:24:02Z,Los Angeles Rams,San Francisco 49ers,draftkings,-185,154,-3.5,-108,3.5,-112,48.5,-105,-115
2026-09-07,NFL,acc580d74344ea3b31bbcdd057fe6a9c,2026-09-11T00:35:00Z,2026-09-07T19:24:25Z,,"Mon, 07 Sep 2026 19:24:25 GMT",2026-09-07T19:22:16Z,Los Angeles Rams,San Francisco 49ers,betmgm,-190,160,-3.5,-110,3.5,-108,48.5,-108,-110
2026-09-07,NFL,acc580d74344ea3b31bbcdd057fe6a9c,2026-09-11T00:35:00Z,2026-09-07T19:24:25Z,,"Mon, 07 Sep 2026 19:24:25 GMT",2026-09-07T19:24:01Z,Los Angeles Rams,San Francisco 49ers,fanduel,-196,164,-3.5,-114,3.5,-106,48.5,-105,-115
2026-09-07,NFL,acc580d74344ea3b31bbcdd057fe6a9c,2026-09-11T00:35:00Z,2026-09-07T19:24:25Z,,"Mon, 07 Sep 2026 19:24:25 GMT",2026-09-07T19:23:24Z,Los Angeles Rams,San Francisco 49ers,betrivers,-205,160,-3.5,-113,3.5,-108,48.5,-110,-110
2026-09-07,NFL,95c01d1bb797d6df14824b106c5a9130,2026-09-13T17:00:00Z,2026-09-07T19:24:25Z,,"Mon, 07 Sep 2026 19:24:25 GMT",2026-09-07T19:24:02Z,Pittsburgh Steelers,Atlanta Falcons,draftkings,-180,150,-3.5,-102,3.5,-118,42.5,-105,-115
2026-09-07,NFL,95c01d1bb797d6df14824b106c5a9130,2026-09-13T17:00:00Z,2026-09-07T19:24:25Z,,"Mon, 07 Sep 2026 19:24:25 GMT",2026-09-07T19:23:24Z,Pittsburgh Steelers,Atlanta Falcons,betrivers,-177,140,-3.5,-105,3.5,-117,42.0,-110,-110
2026-09-07,NFL,95c01d1bb797d6df14824b106c5a9130,2026-09-13T17:00:00Z,2026-09-07T19:24:25Z,,"Mon, 07 Sep 2026 19:24:25 GMT",2026-09-07T19:24:01Z,Pittsburgh Steelers,Atlanta Falcons,fanduel,-178,150,-3.5,-104,3.5,-118,41.5,-115,-105
2026-09-07,NFL,95c01d1bb797d6df14824b106c5a9130,2026-09-13T17:00:00Z,2026-09-07T19:24:25Z,,"Mon, 07 Sep 2026 19:24:25 GMT",2026-09-07T19:22:16Z,Pittsburgh Steelers,Atlanta Falcons,betmgm,-190,155,-3.5,-105,3.5,-112,42.0,-108,-110
2026-09-07,NFL,b6cfdcbafa61ce220ba87dc2d9b80c77,2026-09-13T17:00:00Z,2026-09-07T19:24:25Z,,"Mon, 07 Sep 2026 19:24:25 GMT",2026-09-07T19:24:02Z,Indianapolis Colts,Baltimore Ravens,draftkings,145,-175,3.5,-115,-3.5,-105,47.5,-115,-105
2026-09-07,NFL,b6cfdcbafa61ce220ba87dc2d9b80c77,2026-09-13T17:00:00Z,2026-09-07T19:24:25Z,,"Mon, 07 Sep 2026 19:24:25 GMT",2026-09-07T19:23:24Z,Indianapolis Colts,Baltimore Ravens,betrivers,140,-177,3.5,-118,-3.5,-104,48.0,-109,-112
2026-09-07,NFL,b6cfdcbafa61ce220ba87dc2d9b80c77,2026-09-13T17:00:00Z,2026-09-07T19:24:25Z,,"Mon, 07 Sep 2026 19:24:25 GMT",2026-09-07T19:24:01Z,Indianapolis Colts,Baltimore Ravens,fanduel,150,-178,3.5,-118,-3.5,-104,47.5,-112,-108
2026-09-07,NFL,b6cfdcbafa61ce220ba87dc2d9b80c77,2026-09-13T17:00:00Z,2026-09-07T19:24:25Z,,"Mon, 07 Sep 2026 19:24:25 GMT",2026-09-07T19:22:16Z,Indianapolis Colts,Baltimore Ravens,betmgm,145,-175,3.5,-115,-3.5,-102,47.5,-110,-108
2026-09-07,NFL,7e09efed7e12c659b82740b67ce2f9a1,2026-09-13T17:00:00Z,2026-09-07T19:24:25Z,,"Mon, 07 Sep 2026 19:24:25 GMT",2026-09-07T19:24:02Z,Houston Texans,Buffalo Bills,draftkings,-110,-110,-1.5,102,1.5,-122,44.5,-110,-110
2026-09-07,NFL,7e09efed7e12c659b82740b67ce2f9a1,2026-09-13T17:00:00Z,2026-09-07T19:24:25Z,,"Mon, 07 Sep 2026 19:24:25 GMT",2026-09-07T19:23:24Z,Houston Texans,Buffalo Bills,betrivers,-106,-117,1.0,-112,-1.0,-109,44.5,-108,-113
2026-09-07,NFL,7e09efed7e12c659b82740b67ce2f9a1,2026-09-13T17:00:00Z,2026-09-07T19:24:25Z,,"Mon, 07 Sep 2026 19:24:25 GMT",2026-09-07T19:24:01Z,Houston Texans,Buffalo Bills,fanduel,-106,-110,1.5,-120,-1.5,-102,44.5,-110,-110
2026-09-07,NFL,7e09efed7e12c659b82740b67ce2f9a1,2026-09-13T17:00:00Z,2026-09-07T19:24:25Z,,"Mon, 07 Sep 2026 19:24:25 GMT",2026-09-07T19:22:16Z,Houston Texans,Buffalo Bills,betmgm,-110,-108,-1.0,-102,1.0,-118,44.5,-108,-110
2026-09-07,NFL,fc362aff0d889ec52d358307a70c32ed,2026-09-13T17:00:00Z,2026-09-07T19:24:25Z,,"Mon, 07 Sep 2026 19:24:25 GMT",2026-09-07T19:24:02Z,Carolina Panthers,Chicago Bears,draftkings,124,-148,3.0,-118,-3.0,-102,46.5,-118,-102
2026-09-07,NFL,fc362aff0d889ec52d358307a70c32ed,2026-09-13T17:00:00Z,2026-09-07T19:24:25Z,,"Mon, 07 Sep 2026 19:24:25 GMT",2026-09-07T19:24:01Z,Carolina Panthers,Chicago Bears,fanduel,134,-158,2.5,100,-2.5,-122,47.5,-102,-120
2026-09-07,NFL,fc362aff0d889ec52d358307a70c32ed,2026-09-13T17:00:00Z,2026-09-07T19:24:25Z,,"Mon, 07 Sep 2026 19:24:25 GMT",2026-09-07T19:23:24Z,Carolina Panthers,Chicago Bears,betrivers,128,-157,2.5,-104,-2.5,-118,47.5,-112,-109
2026-09-07,NFL,fc362aff0d889ec52d358307a70c32ed,2026-09-13T17:00:00Z,2026-09-07T19:24:25Z,,"Mon, 07 Sep 2026 19:24:25 GMT",2026-09-07T19:22:16Z,Carolina Panthers,Chicago Bears,betmgm,130,-155,3.0,-118,-3.0,-102,47.0,-110,-108
2026-09-07,NFL,ed6d24ff979f9c71979fead577b0b3f7,2026-09-13T17:00:00Z,2026-09-07T19:24:25Z,,"Mon, 07 Sep 2026 19:24:25 GMT",2026-09-07T19:24:02Z,Cincinnati Bengals,Tampa Bay Buccaneers,draftkings,-205,170,-3.5,-115,3.5,-105,50.5,-108,-112
2026-09-07,NFL,ed6d24ff979f9c71979fead577b0b3f7,2026-09-13T17:00:00Z,2026-09-07T19:24:25Z,,"Mon, 07 Sep 2026 19:24:25 GMT",2026-09-07T19:24:01Z,Cincinnati Bengals,Tampa Bay Buccaneers,fanduel,-200,168,-3.5,-115,3.5,-105,50.5,-112,-108
2026-09-07,NFL,ed6d24ff979f9c71979fead577b0b3f7,2026-09-13T17:00:00Z,2026-09-07T19:24:25Z,,"Mon, 07 Sep 2026 19:24:25 GMT",2026-09-07T19:23:24Z,Cincinnati Bengals,Tampa Bay Buccaneers,betrivers,-215,170,-4.0,-112,4.0,-109,50.5,-113,-108
2026-09-07,NFL,ed6d24ff979f9c71979fead577b0b3f7,2026-09-13T17:00:00Z,2026-09-07T19:24:25Z,,"Mon, 07 Sep 2026 19:24:25 GMT",2026-09-07T19:22:16Z,Cincinnati Bengals,Tampa Bay Buccaneers,betmgm,-200,165,-3.5,-110,3.5,-108,50.5,-110,-108
2026-09-07,NFL,e55c6fe19fce094ce214c8b0e5b504e9,2026-09-13T17:00:00Z,2026-09-07T19:24:25Z,,"Mon, 07 Sep 2026 19:24:25 GMT",2026-09-07T19:24:02Z,Jacksonville Jaguars,Cleveland Browns,draftkings,-440,340,-8.5,-108,8.5,-112,40.5,-110,-110
2026-09-07,NFL,e55c6fe19fce094ce214c8b0e5b504e9,2026-09-13T17:00:00Z,2026-09-07T19:24:25Z,,"Mon, 07 Sep 2026 19:24:25 GMT",2026-09-07T19:24:01Z,Jacksonville Jaguars,Cleveland Browns,fanduel,-420,330,-8.5,-105,8.5,-115,40.5,-108,-112
2026-09-07,NFL,e55c6fe19fce094ce214c8b0e5b504e9,2026-09-13T17:00:00Z,2026-09-07T19:24:25Z,,"Mon, 07 Sep 2026 19:24:25 GMT",2026-09-07T19:23:24Z,Jacksonville Jaguars,Cleveland Browns,betrivers,-435,320,-9.0,-112,9.0,-109,40.5,-110,-110
2026-09-07,NFL,e55c6fe19fce094ce214c8b0e5b504e9,2026-09-13T17:00:00Z,2026-09-07T19:24:25Z,,"Mon, 07 Sep 2026 19:24:25 GMT",2026-09-07T19:22:16Z,Jacksonville Jaguars,Cleveland Browns,betmgm,-400,320,-8.5,-108,8.5,-110,40.5,-108,-110
2026-09-07,NFL,c1d3fcec25aaeb06ebd2244d33d338e0,2026-09-13T17:00:00Z,2026-09-07T19:24:25Z,,"Mon, 07 Sep 2026 19:24:25 GMT",2026-09-07T19:24:02Z,Detroit Lions,New Orleans Saints,draftkings,-305,245,-7.0,-105,7.0,-115,49.5,-118,-102
2026-09-07,NFL,c1d3fcec25aaeb06ebd2244d33d338e0,2026-09-13T17:00:00Z,2026-09-07T19:24:25Z,,"Mon, 07 Sep 2026 19:24:25 GMT",2026-09-07T19:24:01Z,Detroit Lions,New Orleans Saints,fanduel,-340,275,-6.5,-122,6.5,100,49.5,-115,-105
2026-09-07,NFL,c1d3fcec25aaeb06ebd2244d33d338e0,2026-09-13T17:00:00Z,2026-09-07T19:24:25Z,,"Mon, 07 Sep 2026 19:24:25 GMT",2026-09-07T19:23:24Z,Detroit Lions,New Orleans Saints,betrivers,-345,265,-7.0,-109,7.0,-112,50.0,-110,-110
2026-09-07,NFL,c1d3fcec25aaeb06ebd2244d33d338e0,2026-09-13T17:00:00Z,2026-09-07T19:24:25Z,,"Mon, 07 Sep 2026 19:24:25 GMT",2026-09-07T19:22:16Z,Detroit Lions,New Orleans Saints,betmgm,-325,260,-7.0,-105,7.0,-112,50.0,-108,-110
2026-09-07,NFL,7dddb296a42e7a41a774b24bd1709ce1,2026-09-13T17:00:00Z,2026-09-07T19:24:25Z,,"Mon, 07 Sep 2026 19:24:25 GMT",2026-09-07T19:24:02Z,Tennessee Titans,New York Jets,draftkings,-125,105,-1.5,-110,1.5,-110,39.5,-110,-110
2026-09-07,NFL,7dddb296a42e7a41a774b24bd1709ce1,2026-09-13T17:00:00Z,2026-09-07T19:24:25Z,,"Mon, 07 Sep 2026 19:24:25 GMT",2026-09-07T19:24:01Z,Tennessee Titans,New York Jets,fanduel,-124,106,-1.5,-110,1.5,-110,39.5,-110,-110
2026-09-07,NFL,7dddb296a42e7a41a774b24bd1709ce1,2026-09-13T17:00:00Z,2026-09-07T19:24:25Z,,"Mon, 07 Sep 2026 19:24:25 GMT",2026-09-07T19:23:24Z,Tennessee Titans,New York Jets,betrivers,-130,106,-1.5,-112,1.5,-109,39.5,-108,-113
2026-09-07,NFL,7dddb296a42e7a41a774b24bd1709ce1,2026-09-13T17:00:00Z,2026-09-07T19:24:25Z,,"Mon, 07 Sep 2026 19:24:25 GMT",2026-09-07T19:22:16Z,Tennessee Titans,New York Jets,betmgm,-125,105,-1.5,-110,1.5,-110,39.5,-108,-110
2026-09-07,NFL,1edfa5ceaa1ad2cb57df1c1b908731f6,2026-09-13T20:25:00Z,2026-09-07T19:24:25Z,,"Mon, 07 Sep 2026 19:24:25 GMT",2026-09-07T19:24:02Z,Los Angeles Chargers,Arizona Cardinals,draftkings,-500,380,-10.0,-105,10.0,-115,47.5,-108,-112
2026-09-07,NFL,1edfa5ceaa1ad2cb57df1c1b908731f6,2026-09-13T20:25:00Z,2026-09-07T19:24:25Z,,"Mon, 07 Sep 2026 19:24:25 GMT",2026-09-07T19:23:24Z,Los Angeles Chargers,Arizona Cardinals,betrivers,-560,390,-10.0,-110,10.0,-110,47.0,-112,-109
2026-09-07,NFL,1edfa5ceaa1ad2cb57df1c1b908731f6,2026-09-13T20:25:00Z,2026-09-07T19:24:25Z,,"Mon, 07 Sep 2026 19:24:25 GMT",2026-09-07T19:24:01Z,Los Angeles Chargers,Arizona Cardinals,fanduel,-520,400,-9.5,-115,9.5,-105,47.5,-102,-120
2026-09-07,NFL,1edfa5ceaa1ad2cb57df1c1b908731f6,2026-09-13T20:25:00Z,2026-09-07T19:24:25Z,,"Mon, 07 Sep 2026 19:24:25 GMT",2026-09-07T19:22:16Z,Los Angeles Chargers,Arizona Cardinals,betmgm,-525,400,-9.5,-110,9.5,-108,47.5,-105,-112
2026-09-07,NFL,cb77efed7e711d25a72c1a2a0a1af119,2026-09-13T20:25:00Z,2026-09-07T19:24:25Z,,"Mon, 07 Sep 2026 19:24:25 GMT",2026-09-07T19:24:02Z,Minnesota Vikings,Green Bay Packers,draftkings,-122,102,-1.5,-108,1.5,-112,46.5,-108,-112
2026-09-07,NFL,cb77efed7e711d25a72c1a2a0a1af119,2026-09-13T20:25:00Z,2026-09-07T19:24:25Z,,"Mon, 07 Sep 2026 19:24:25 GMT",2026-09-07T19:23:24Z,Minnesota Vikings,Green Bay Packers,betrivers,-117,-107,-1.0,-108,1.0,-113,46.0,-110,-110
2026-09-07,NFL,cb77efed7e711d25a72c1a2a0a1af119,2026-09-13T20:25:00Z,2026-09-07T19:24:25Z,,"Mon, 07 Sep 2026 19:24:25 GMT",2026-09-07T19:24:01Z,Minnesota Vikings,Green Bay Packers,fanduel,-116,-104,-1.5,-105,1.5,-115,46.5,-110,-110
2026-09-07,NFL,cb77efed7e711d25a72c1a2a0a1af119,2026-09-13T20:25:00Z,2026-09-07T19:24:25Z,,"Mon, 07 Sep 2026 19:24:25 GMT",2026-09-07T19:22:16Z,Minnesota Vikings,Green Bay Packers,betmgm,-120,100,-1.5,-108,1.5,-110,46.0,-110,-108
2026-09-07,NFL,c5d95f48a16849ab6bebc68fbbfcb74a,2026-09-13T20:25:00Z,2026-09-07T19:24:25Z,,"Mon, 07 Sep 2026 19:24:25 GMT",2026-09-07T19:24:02Z,Las Vegas Raiders,Miami Dolphins,draftkings,-185,154,-3.5,-105,3.5,-115,40.5,-115,-105
2026-09-07,NFL,c5d95f48a16849ab6bebc68fbbfcb74a,2026-09-13T20:25:00Z,2026-09-07T19:24:25Z,,"Mon, 07 Sep 2026 19:24:25 GMT",2026-09-07T19:23:24Z,Las Vegas Raiders,Miami Dolphins,betrivers,-195,155,-3.5,-110,3.5,-110,40.0,-110,-110
2026-09-07,NFL,c5d95f48a16849ab6bebc68fbbfcb74a,2026-09-13T20:25:00Z,2026-09-07T19:24:25Z,,"Mon, 07 Sep 2026 19:24:25 GMT",2026-09-07T19:24:01Z,Las Vegas Raiders,Miami Dolphins,fanduel,-176,148,-3.5,-105,3.5,-115,40.5,-105,-115
2026-09-07,NFL,c5d95f48a16849ab6bebc68fbbfcb74a,2026-09-13T20:25:00Z,2026-09-07T19:24:25Z,,"Mon, 07 Sep 2026 19:24:25 GMT",2026-09-07T19:22:16Z,Las Vegas Raiders,Miami Dolphins,betmgm,-185,150,-3.5,-105,3.5,-112,40.5,-110,-108
2026-09-07,NFL,17885cb8dcade8f6c3bce14b2de805e8,2026-09-13T20:25:00Z,2026-09-07T19:24:25Z,,"Mon, 07 Sep 2026 19:24:25 GMT",2026-09-07T19:24:02Z,Philadelphia Eagles,Washington Commanders,draftkings,-205,170,-4.5,-112,4.5,-108,44.5,-110,-110
2026-09-07,NFL,17885cb8dcade8f6c3bce14b2de805e8,2026-09-13T20:25:00Z,2026-09-07T19:24:25Z,,"Mon, 07 Sep 2026 19:24:25 GMT",2026-09-07T19:24:01Z,Philadelphia Eagles,Washington Commanders,fanduel,-240,198,-5.5,-105,5.5,-115,44.5,-112,-108
2026-09-07,NFL,17885cb8dcade8f6c3bce14b2de805e8,2026-09-13T20:25:00Z,2026-09-07T19:24:25Z,,"Mon, 07 Sep 2026 19:24:25 GMT",2026-09-07T19:23:24Z,Philadelphia Eagles,Washington Commanders,betrivers,-215,165,-4.5,-113,4.5,-108,44.5,-113,-108
2026-09-07,NFL,17885cb8dcade8f6c3bce14b2de805e8,2026-09-13T20:25:00Z,2026-09-07T19:24:25Z,,"Mon, 07 Sep 2026 19:24:25 GMT",2026-09-07T19:22:16Z,Philadelphia Eagles,Washington Commanders,betmgm,-235,195,-4.5,-110,4.5,-108,44.5,-108,-110
2026-09-07,NFL,3e646c7479c57f5d9752d8c7dfe7059b,2026-09-14T00:20:00Z,2026-09-07T19:24:25Z,,"Mon, 07 Sep 2026 19:24:25 GMT",2026-09-07T19:24:02Z,New York Giants,Dallas Cowboys,draftkings,136,-162,3.0,-112,-3.0,-108,48.5,-105,-115
2026-09-07,NFL,3e646c7479c57f5d9752d8c7dfe7059b,2026-09-14T00:20:00Z,2026-09-07T19:24:25Z,,"Mon, 07 Sep 2026 19:24:25 GMT",2026-09-07T19:24:01Z,New York Giants,Dallas Cowboys,fanduel,132,-154,2.5,-102,-2.5,-120,48.5,-112,-108
2026-09-07,NFL,3e646c7479c57f5d9752d8c7dfe7059b,2026-09-14T00:20:00Z,2026-09-07T19:24:25Z,,"Mon, 07 Sep 2026 19:24:25 GMT",2026-09-07T19:22:16Z,New York Giants,Dallas Cowboys,betmgm,130,-155,3.0,-110,-3.0,-108,48.0,-110,-108
2026-09-07,NFL,3e646c7479c57f5d9752d8c7dfe7059b,2026-09-14T00:20:00Z,2026-09-07T19:24:25Z,,"Mon, 07 Sep 2026 19:24:25 GMT",2026-09-07T19:23:24Z,New York Giants,Dallas Cowboys,betrivers,130,-159,3.0,-117,-3.0,-105,48.5,-112,-109
2026-09-07,NFL,5ad8135dc2b5f27de0b777acd317855a,2026-09-15T00:15:00Z,2026-09-07T19:24:25Z,,"Mon, 07 Sep 2026 19:24:25 GMT",2026-09-07T19:24:02Z,Kansas City Chiefs,Denver Broncos,draftkings,-148,124,-3.0,100,3.0,-120,43.5,-105,-115
2026-09-07,NFL,5ad8135dc2b5f27de0b777acd317855a,2026-09-15T00:15:00Z,2026-09-07T19:24:25Z,,"Mon, 07 Sep 2026 19:24:25 GMT",2026-09-07T19:24:01Z,Kansas City Chiefs,Denver Broncos,fanduel,-144,122,-2.5,-115,2.5,-105,43.5,-110,-110
2026-09-07,NFL,5ad8135dc2b5f27de0b777acd317855a,2026-09-15T00:15:00Z,2026-09-07T19:24:25Z,,"Mon, 07 Sep 2026 19:24:25 GMT",2026-09-07T19:22:16Z,Kansas City Chiefs,Denver Broncos,betmgm,-145,120,-2.5,-118,2.5,-102,43.5,-105,-112
2026-09-07,NFL,5ad8135dc2b5f27de0b777acd317855a,2026-09-15T00:15:00Z,2026-09-07T19:24:25Z,,"Mon, 07 Sep 2026 19:24:25 GMT",2026-09-07T19:23:24Z,Kansas City Chiefs,Denver Broncos,betrivers,-148,120,-3.0,-105,3.0,-117,43.0,-110,-110
2026-09-07,NFL,56e8897681915f7ec92baeee952bb1ae,2026-09-18T00:15:00Z,2026-09-07T19:24:25Z,,"Mon, 07 Sep 2026 19:24:25 GMT",2026-09-07T19:24:02Z,Buffalo Bills,Detroit Lions,draftkings,-155,130,-3.0,-110,3.0,-110,52.5,-110,-110
2026-09-07,NFL,56e8897681915f7ec92baeee952bb1ae,2026-09-18T00:15:00Z,2026-09-07T19:24:25Z,,"Mon, 07 Sep 2026 19:24:25 GMT",2026-09-07T19:23:24Z,Buffalo Bills,Detroit Lions,betrivers,-165,133,-3.0,-105,3.0,-117,52.5,-110,-110
2026-09-07,NFL,aee7eae1849ebb103b9bf233e9741392,2026-09-20T17:00:00Z,2026-09-07T19:24:25Z,,"Mon, 07 Sep 2026 19:24:25 GMT",2026-09-07T19:24:02Z,Atlanta Falcons,Carolina Panthers,draftkings,-125,105,-1.5,-110,1.5,-110,44.5,-102,-118
2026-09-07,NFL,2143ade9684fd876b68a4e8cbf451f05,2026-09-20T17:00:00Z,2026-09-07T19:24:25Z,,"Mon, 07 Sep 2026 19:24:25 GMT",2026-09-07T19:24:02Z,Baltimore Ravens,New Orleans Saints,draftkings,-360,285,-7.5,-110,7.5,-110,46.5,-110,-110
2026-09-07,NFL,0283a29e1b38ef78b29b904fd56a16dd,2026-09-20T17:00:00Z,2026-09-07T19:24:25Z,,"Mon, 07 Sep 2026 19:24:25 GMT",2026-09-07T19:24:02Z,Chicago Bears,Minnesota Vikings,draftkings,-192,160,-3.5,-105,3.5,-115,45.5,-110,-110
2026-09-07,NFL,36ad2fa722f4915ef23d2c81351261de,2026-09-20T17:00:00Z,2026-09-07T19:24:25Z,,"Mon, 07 Sep 2026 19:24:25 GMT",2026-09-07T19:24:02Z,Houston Texans,Cincinnati Bengals,draftkings,-135,114,-2.5,-110,2.5,-110,46.5,-110,-110
2026-09-07,NFL,0636ebff776d43f8c829a36713c80b22,2026-09-20T17:00:00Z,2026-09-07T19:24:25Z,,"Mon, 07 Sep 2026 19:24:25 GMT",2026-09-07T19:24:02Z,Tampa Bay Buccaneers,Cleveland Browns,draftkings,-285,230,-6.5,-110,6.5,-110,42.5,-110,-110
2026-09-07,NFL,4aeee070bb6ec60bdfae4dede61b9014,2026-09-20T17:00:00Z,2026-09-07T19:24:25Z,,"Mon, 07 Sep 2026 19:24:25 GMT",2026-09-07T19:24:02Z,New York Jets,Green Bay Packers,draftkings,200,-245,5.5,-110,-5.5,-110,42.5,-110,-110
2026-09-07,NFL,9d14f87600f6edc74dbcb5c74edf6246,2026-09-20T17:00:00Z,2026-09-07T19:24:25Z,,"Mon, 07 Sep 2026 19:24:25 GMT",2026-09-07T19:24:02Z,New England Patriots,Pittsburgh Steelers,draftkings,-218,180,-4.5,-110,4.5,-110,43.5,-110,-110
2026-09-07,NFL,fafc649c455e32a0f2ba1bd06e2039bc,2026-09-20T17:00:00Z,2026-09-07T19:24:25Z,,"Mon, 07 Sep 2026 19:24:25 GMT",2026-09-07T19:24:02Z,Tennessee Titans,Philadelphia Eagles,draftkings,180,-218,4.5,-110,-4.5,-110,42.5,-110,-110
2026-09-07,NFL,1fd6628c781f556a7a19638e97d7107f,2026-09-20T20:05:00Z,2026-09-07T19:24:25Z,,"Mon, 07 Sep 2026 19:24:25 GMT",2026-09-07T19:24:02Z,Denver Broncos,Jacksonville Jaguars,draftkings,-155,130,-3.0,-110,3.0,-110,43.5,-110,-110
2026-09-07,NFL,71b3b83747589efdc5baef2c5cf811bf,2026-09-20T20:05:00Z,2026-09-07T19:24:25Z,,"Mon, 07 Sep 2026 19:24:25 GMT",2026-09-07T19:24:02Z,Los Angeles Chargers,Las Vegas Raiders,draftkings,-360,285,-8.5,-110,8.5,-110,42.5,-110,-110
2026-09-07,NFL,4dd8020192a544385db42374e5555303,2026-09-20T20:25:00Z,2026-09-07T19:24:25Z,,"Mon, 07 Sep 2026 19:24:25 GMT",2026-09-07T19:24:02Z,Arizona Cardinals,Seattle Seahawks,draftkings,400,-535,10.0,-110,-10.0,-110,44.5,-110,-110
2026-09-07,NFL,85ef85098ddd22fe4ecf45e7e3c0a9c0,2026-09-20T20:25:00Z,2026-09-07T19:24:25Z,,"Mon, 07 Sep 2026 19:24:25 GMT",2026-09-07T19:24:02Z,Dallas Cowboys,Washington Commanders,draftkings,-205,170,-4.5,-105,4.5,-115,51.5,-110,-110
2026-09-07,NFL,68bc55903f50af4af4766adcc89fcc61,2026-09-20T20:25:00Z,2026-09-07T19:24:25Z,,"Mon, 07 Sep 2026 19:24:25 GMT",2026-09-07T19:24:02Z,San Francisco 49ers,Miami Dolphins,draftkings,-675,490,-10.5,-110,10.5,-110,46.5,-110,-110
2026-09-07,NFL,50bc247030707d823b9c3581d7eb5760,2026-09-21T00:20:00Z,2026-09-07T19:24:25Z,,"Mon, 07 Sep 2026 19:24:25 GMT",2026-09-07T19:24:02Z,Kansas City Chiefs,Indianapolis Colts,draftkings,-325,260,-6.5,-110,6.5,-110,47.5,-110,-110
2026-09-07,NFL,32367f882fac1a0c20a6335619922025,2026-09-22T00:15:00Z,2026-09-07T19:24:25Z,,"Mon, 07 Sep 2026 19:24:25 GMT",2026-09-07T19:24:02Z,Los Angeles Rams,New York Giants,draftkings,-395,310,-8.5,-110,8.5,-110,48.5,-110,-110
2026-09-07,NFL,e5fbd3b3953b896b1bf897ddadb3cc4b,2026-09-25T00:15:00Z,2026-09-07T19:24:25Z,,"Mon, 07 Sep 2026 19:24:25 GMT",2026-09-07T19:24:02Z,Green Bay Packers,Atlanta Falcons,draftkings,-380,300,-7.5,-110,7.5,-110,46.5,-110,-110
2026-09-07,NFL,b225458a282e140c44c45651255f2f6c,2026-09-27T17:00:00Z,2026-09-07T19:24:25Z,,"Mon, 07 Sep 2026 19:24:25 GMT",2026-09-07T19:24:02Z,Buffalo Bills,Los Angeles Chargers,draftkings,-162,136,-3.0,-110,3.0,-110,48.5,-110,-110
2026-09-07,NFL,613b8cd3a5fab58f7be4e3fd6f76223e,2026-09-27T17:00:00Z,2026-09-07T19:24:25Z,,"Mon, 07 Sep 2026 19:24:25 GMT",2026-09-07T19:24:02Z,Cleveland Browns,Carolina Panthers,draftkings,102,-122,1.5,-110,-1.5,-110,39.5,-110,-110
2026-09-07,NFL,71123be049587b6facce3a20c53e5d09,2026-09-27T17:00:00Z,2026-09-07T19:24:25Z,,"Mon, 07 Sep 2026 19:24:25 GMT",2026-09-07T19:24:02Z,Pittsburgh Steelers,Cincinnati Bengals,draftkings,105,-125,1.5,-110,-1.5,-110,46.5,-118,-102
2026-09-07,NFL,07f552badfa8a565d1be22123713e4da,2026-09-27T17:00:00Z,2026-09-07T19:24:25Z,,"Mon, 07 Sep 2026 19:24:25 GMT",2026-09-07T19:24:02Z,Detroit Lions,New York Jets,draftkings,-410,320,-9.5,-110,9.5,-110,45.5,-110,-110
2026-09-07,NFL,17a730b7d399feeab6a78c30767c29d2,2026-09-27T17:00:00Z,2026-09-07T19:24:25Z,,"Mon, 07 Sep 2026 19:24:25 GMT",2026-09-07T19:24:02Z,Indianapolis Colts,Houston Texans,draftkings,102,-122,1.5,-110,-1.5,-110,45.5,-110,-110
2026-09-07,NFL,1f3cfd315a24d1a7dd5859a8e6b88e18,2026-09-27T17:00:00Z,2026-09-07T19:24:25Z,,"Mon, 07 Sep 2026 19:24:25 GMT",2026-09-07T19:24:02Z,Jacksonville Jaguars,New England Patriots,draftkings,-118,-102,-1.5,-105,1.5,-115,45.5,-110,-110
2026-09-07,NFL,0339a0e41bcee12820eb3e64bb5fadb4,2026-09-27T17:00:00Z,2026-09-07T19:24:25Z,,"Mon, 07 Sep 2026 19:24:25 GMT",2026-09-07T19:24:02Z,Miami Dolphins,Kansas City Chiefs,draftkings,340,-440,7.5,-110,-7.5,-110,44.5,-110,-110
2026-09-07,NFL,555afd4a27aaa392662881cffa8f2eef,2026-09-27T17:00:00Z,2026-09-07T19:24:25Z,,"Mon, 07 Sep 2026 19:24:25 GMT",2026-09-07T19:24:02Z,New York Giants,Tennessee Titans,draftkings,-166,140,-3.0,-115,3.0,-105,44.5,-110,-110
2026-09-07,NFL,2a529c108305ffa049d8b6cfdbaa4d36,2026-09-27T17:00:00Z,2026-09-07T19:24:25Z,,"Mon, 07 Sep 2026 19:24:25 GMT",2026-09-07T19:24:02Z,Washington Commanders,Seattle Seahawks,draftkings,160,-192,3.5,-110,-3.5,-110,46.5,-110,-110
2026-09-07,NFL,9d2b09e0f9b6dd5ce0d985894f4f98fa,2026-09-27T20:05:00Z,2026-09-07T19:24:25Z,,"Mon, 07 Sep 2026 19:24:25 GMT",2026-09-07T19:24:02Z,San Francisco 49ers,Arizona Cardinals,draftkings,-650,470,-11.5,-110,11.5,-110,46.5,-110,-110
2026-09-07,NFL,f1724dead3eab61546033032fc782375,2026-09-27T20:05:00Z,2026-09-07T19:24:25Z,,"Mon, 07 Sep 2026 19:24:25 GMT",2026-09-07T19:24:02Z,Tampa Bay Buccaneers,Minnesota Vikings,draftkings,-125,105,-1.5,-110,1.5,-110,44.5,-110,-110
2026-09-07,NFL,84cfca14efc21363fd605508404cf1ff,2026-09-27T20:25:00Z,2026-09-07T19:24:25Z,,"Mon, 07 Sep 2026 19:24:25 GMT",2026-09-07T19:24:02Z,Dallas Cowboys,Baltimore Ravens,draftkings,114,-135,2.5,-110,-2.5,-110,51.5,-110,-110
2026-09-07,NFL,2e523fcb0497aa689473e290eb2b97de,2026-09-27T20:25:00Z,2026-09-07T19:24:25Z,,"Mon, 07 Sep 2026 19:24:25 GMT",2026-09-07T19:24:02Z,New Orleans Saints,Las Vegas Raiders,draftkings,-192,160,-3.5,-110,3.5,-110,42.5,-110,-110
2026-09-07,NFL,3bfd8bfb4b8e9a365a0877879b73b16b,2026-09-28T00:20:00Z,2026-09-07T19:24:25Z,,"Mon, 07 Sep 2026 19:24:25 GMT",2026-09-07T19:24:02Z,Denver Broncos,Los Angeles Rams,draftkings,130,-155,3.0,-110,-3.0,-110,45.5,-110,-110
2026-09-07,NFL,47dc7baa254659f3beb2ed2b38c207b6,2026-09-29T00:15:00Z,2026-09-07T19:24:25Z,,"Mon, 07 Sep 2026 19:24:25 GMT",2026-09-07T19:24:02Z,Chicago Bears,Philadelphia Eagles,draftkings,-118,-102,-1.5,-105,1.5,-115,46.5,-110,-110
2026-09-07,NFL,d55cb69fed50a09170560b5b75d8de86,2026-10-02T00:15:00Z,2026-09-07T19:24:25Z,,"Mon, 07 Sep 2026 19:24:25 GMT",2026-09-07T19:24:02Z,Cleveland Browns,Pittsburgh Steelers,draftkings,114,-135,2.5,-110,-2.5,-110,40.5,-110,-110
2026-09-07,NFL,c9d8ed8aa4889486eaf10a630138ede0,2026-10-04T13:30:00Z,2026-09-07T19:24:25Z,,"Mon, 07 Sep 2026 19:24:25 GMT",2026-09-07T19:24:02Z,Washington Commanders,Indianapolis Colts,draftkings,-118,-102,-1.5,-105,1.5,-115,50.5,-110,-110
2026-09-07,NFL,c9d8ed8aa4889486eaf10a630138ede0,2026-10-04T13:30:00Z,2026-09-07T19:24:25Z,,"Mon, 07 Sep 2026 19:24:25 GMT",2026-09-07T19:24:01Z,Washington Commanders,Indianapolis Colts,fanduel,-102,-116,1.5,-115,-1.5,-105,49.5,-110,-110
2026-09-07,NFL,664e6bda5721dc63be16bcf7d962a436,2026-10-04T17:00:00Z,2026-09-07T19:24:25Z,,"Mon, 07 Sep 2026 19:24:25 GMT",2026-09-07T19:24:02Z,New York Giants,Arizona Cardinals,draftkings,-325,260,-7.0,-110,7.0,-110,45.5,-110,-110
2026-09-07,NFL,f01589b0e7e6dd4f4ac1220a1db81f53,2026-10-04T17:00:00Z,2026-09-07T19:24:25Z,,"Mon, 07 Sep 2026 19:24:25 GMT",2026-09-07T19:24:02Z,Baltimore Ravens,Tennessee Titans,draftkings,-395,310,-8.5,-110,8.5,-110,47.5,-110,-110
2026-09-07,NFL,573cc0ef39631a4f6673ec843a8bedd4,2026-10-04T17:00:00Z,2026-09-07T19:24:25Z,,"Mon, 07 Sep 2026 19:24:25 GMT",2026-09-07T19:24:02Z,Buffalo Bills,New England Patriots,draftkings,-166,140,-3.0,-110,3.0,-110,49.5,-110,-110
2026-09-07,NFL,164e6eb68f31bac190381903c3cccd31,2026-10-04T17:00:00Z,2026-09-07T19:24:25Z,,"Mon, 07 Sep 2026 19:24:25 GMT",2026-09-07T19:24:02Z,Chicago Bears,New York Jets,draftkings,-425,330,-8.5,-110,8.5,-110,45.5,-110,-110
2026-09-07,NFL,2ea94ddf20f66432b9024fe2e2eaba5f,2026-10-04T17:00:00Z,2026-09-07T19:24:25Z,,"Mon, 07 Sep 2026 19:24:25 GMT",2026-09-07T19:24:02Z,Cincinnati Bengals,Jacksonville Jaguars,draftkings,-135,114,-2.5,-110,2.5,-110,51.5,-110,-110
2026-09-07,NFL,daf55e2df5341c007fee5a0fc5bbc2d4,2026-10-04T17:00:00Z,2026-09-07T19:24:25Z,,"Mon, 07 Sep 2026 19:24:25 GMT",2026-09-07T19:24:02Z,Houston Texans,Dallas Cowboys,draftkings,-135,114,-2.5,-110,2.5,-110,47.5,-110,-110
2026-09-07,NFL,99a9bae4dc0dc2590496bd3102b211f2,2026-10-04T17:00:00Z,2026-09-07T19:24:25Z,,"Mon, 07 Sep 2026 19:24:25 GMT",2026-09-07T19:24:02Z,Tampa Bay Buccaneers,Green Bay Packers,draftkings,105,-125,1.5,-110,-1.5,-110,47.5,-110,-110
2026-09-07,NFL,1b4f2e60ce83fa1d63a5dff83769d27c,2026-10-04T17:00:00Z,2026-09-07T19:24:25Z,,"Mon, 07 Sep 2026 19:24:25 GMT",2026-09-07T19:24:02Z,Philadelphia Eagles,Los Angeles Rams,draftkings,105,-125,1.5,-110,-1.5,-110,47.5,-110,-110
2026-09-07,NFL,c327223d76a3b7b0db8c6c104442f44b,2026-10-04T20:05:00Z,2026-09-07T19:24:25Z,,"Mon, 07 Sep 2026 19:24:25 GMT",2026-09-07T19:24:02Z,Minnesota Vikings,Miami Dolphins,draftkings,-410,320,-7.5,-110,7.5,-110,43.5,-110,-110
2026-09-07,NFL,a7e7efb75a9792ac63480ae6328dca18,2026-10-04T20:25:00Z,2026-09-07T19:24:25Z,,"Mon, 07 Sep 2026 19:24:25 GMT",2026-09-07T19:24:02Z,San Francisco 49ers,Denver Broncos,draftkings,-135,114,-2.5,-110,2.5,-110,46.5,-110,-110
2026-09-07,NFL,e0cbd266dcf997089203a1b33ba0333d,2026-10-04T20:25:00Z,2026-09-07T19:24:25Z,,"Mon, 07 Sep 2026 19:24:25 GMT",2026-09-07T19:24:02Z,Las Vegas Raiders,Kansas City Chiefs,draftkings,205,-250,5.5,-110,-5.5,-110,43.5,-110,-110
2026-09-07,NFL,96d2373cda647873b971f268482bced0,2026-10-04T20:25:00Z,2026-09-07T19:24:25Z,,"Mon, 07 Sep 2026 19:24:25 GMT",2026-09-07T19:24:02Z,Seattle Seahawks,Los Angeles Chargers,draftkings,-175,145,-3.0,-115,3.0,-105,45.5,-110,-110
2026-09-07,NFL,a73a76599a4f3422803e57bd8f61b626,2026-10-05T00:20:00Z,2026-09-07T19:24:25Z,,"Mon, 07 Sep 2026 19:24:25 GMT",2026-09-07T19:24:02Z,Carolina Panthers,Detroit Lions,draftkings,136,-162,3.0,-110,-3.0,-110,47.5,-110,-110
2026-09-07,NFL,8bd90781e17e6d97df3941063cedae1e,2026-10-06T00:15:00Z,2026-09-07T19:24:25Z,,"Mon, 07 Sep 2026 19:24:25 GMT",2026-09-07T19:24:02Z,New Orleans Saints,Atlanta Falcons,draftkings,-135,114,-2.5,-110,2.5,-110,45.5,-115,-105
2026-09-07,NFL,259b5df9aa0d10257f56de78523495e0,2026-10-09T00:15:00Z,2026-09-07T19:24:25Z,,"Mon, 07 Sep 2026 19:24:25 GMT",2026-09-07T19:24:02Z,Dallas Cowboys,Tampa Bay Buccaneers,draftkings,-205,170,-3.5,-110,3.5,-110,52.5,-110,-110
2026-09-07,NFL,21b26266f3d78af02eb672e606275d95,2026-10-11T13:30:00Z,2026-09-07T19:24:25Z,,"Mon, 07 Sep 2026 19:24:25 GMT",2026-09-07T19:24:02Z,Jacksonville Jaguars,Philadelphia Eagles,draftkings,105,-125,1.5,-110,-1.5,-110,45.5,-110,-110
2026-09-07,NFL,21b26266f3d78af02eb672e606275d95,2026-10-11T13:30:00Z,2026-09-07T19:24:25Z,,"Mon, 07 Sep 2026 19:24:25 GMT",2026-09-07T19:24:01Z,Jacksonville Jaguars,Philadelphia Eagles,fanduel,102,-120,1.5,-112,-1.5,-108,44.5,-104,-118
2026-09-07,NFL,c4647ca1201e6768501877267ca8251b,2026-10-11T17:00:00Z,2026-09-07T19:24:25Z,,"Mon, 07 Sep 2026 19:24:25 GMT",2026-09-07T19:24:02Z,Miami Dolphins,Cincinnati Bengals,draftkings,220,-270,6.0,-110,-6.0,-110,49.5,-110,-110
2026-09-07,NFL,9db4ed15fe34fca1fb62f040cd244591,2026-10-11T17:00:00Z,2026-09-07T19:24:25Z,,"Mon, 07 Sep 2026 19:24:25 GMT",2026-09-07T19:24:02Z,New York Jets,Cleveland Browns,draftkings,-130,110,-1.5,-115,1.5,-105,39.5,-110,-110
2026-09-07,NFL,cc52bba56e74f5cddbe9011046181c3d,2026-10-11T17:00:00Z,2026-09-07T19:24:25Z,,"Mon, 07 Sep 2026 19:24:25 GMT",2026-09-07T19:24:02Z,Tennessee Titans,Houston Texans,draftkings,160,-192,3.5,-110,-3.5,-110,43.5,-110,-110
2026-09-07,NFL,448d7cf18c6db4c811ed82ded1b72867,2026-10-11T17:00:00Z,2026-09-07T19:24:25Z,,"Mon, 07 Sep 2026 19:24:25 GMT",2026-09-07T19:24:02Z,Pittsburgh Steelers,Indianapolis Colts,draftkings,-142,120,-2.5,-110,2.5,-110,47.5,-110,-110
2026-09-07,NFL,6b024bad1abb54f597225e4ab9b39d89,2026-10-11T17:00:00Z,2026-09-07T19:24:25Z,,"Mon, 07 Sep 2026 19:24:25 GMT",2026-09-07T19:24:02Z,New England Patriots,Las Vegas Raiders,draftkings,-395,310,-8.5,-110,8.5,-110,44.5,-110,-110
2026-09-07,NFL,2cda9bf0fbe35a2735f0dd8aaafe9eff,2026-10-11T17:00:00Z,2026-09-07T19:24:25Z,,"Mon, 07 Sep 2026 19:24:25 GMT",2026-09-07T19:24:02Z,New Orleans Saints,Minnesota Vikings,draftkings,105,-125,1.5,-110,-1.5,-110,44.5,-110,-110
2026-09-07,NFL,fbffd0b7722fd81d68d5d62472dc80e8,2026-10-11T17:00:00Z,2026-09-07T19:24:25Z,,"Mon, 07 Sep 2026 19:24:25 GMT",2026-09-07T19:24:02Z,Washington Commanders,New York Giants,draftkings,-130,110,-2.5,-105,2.5,-115,48.5,-110,-110
2026-09-07,NFL,d1d408fdfd272046fb517fe992a1c5a0,2026-10-11T20:05:00Z,2026-09-07T19:24:25Z,,"Mon, 07 Sep 2026 19:24:25 GMT",2026-09-07T19:24:02Z,Los Angeles Chargers,Denver Broncos,draftkings,-135,114,-2.5,-110,2.5,-110,44.5,-110,-110
2026-09-07,NFL,f8e7f43f73aa983c5c99c189587f0118,2026-10-11T20:25:00Z,2026-09-07T19:24:25Z,,"Mon, 07 Sep 2026 19:24:25 GMT",2026-09-07T19:24:02Z,Arizona Cardinals,Detroit Lions,draftkings,300,-380,8.5,-110,-8.5,-110,48.5,-110,-110
2026-09-07,NFL,2caea57b1e5cfbba1334cfbfd46f6771,2026-10-11T20:25:00Z,2026-09-07T19:24:25Z,,"Mon, 07 Sep 2026 19:24:25 GMT",2026-09-07T19:24:02Z,Green Bay Packers,Chicago Bears,draftkings,-166,140,-3.0,-110,3.0,-110,49.5,-110,-110
2026-09-07,NFL,8e5d515b10d8a5ffb324640ed60bcc55,2026-10-11T20:25:00Z,2026-09-07T19:24:25Z,,"Mon, 07 Sep 2026 19:24:25 GMT",2026-09-07T19:24:02Z,Seattle Seahawks,San Francisco 49ers,draftkings,-205,170,-3.5,-110,3.5,-110,48.5,-110,-110
2026-09-07,NFL,86457f91112732f21ad4bb7d37bd291c,2026-10-12T00:20:00Z,2026-09-07T19:24:25Z,,"Mon, 07 Sep 2026 19:24:25 GMT",2026-09-07T19:24:02Z,Atlanta Falcons,Baltimore Ravens,draftkings,170,-205,4.5,-110,-4.5,-110,48.5,-110,-110
2026-09-07,NFL,e6d00eedd87d367e510314bd8cab8f6f,2026-10-13T00:15:00Z,2026-09-07T19:24:25Z,,"Mon, 07 Sep 2026 19:24:25 GMT",2026-09-07T19:24:02Z,Los Angeles Rams,Buffalo Bills,draftkings,-166,140,-3.0,-110,3.0,-110,53.5,-110,-110
2026-09-07,NFL,855f58fad5f0f14b239f4f63df27998b,2026-10-16T00:15:00Z,2026-09-07T19:24:25Z,,"Mon, 07 Sep 2026 19:24:25 GMT",2026-09-07T19:24:02Z,Denver Broncos,Seattle Seahawks,draftkings,110,-130,1.5,-105,-1.5,-115,43.5,-110,-110
2026-09-07,NFL,57418b2cf5aca558b3c98eafac1e264a,2026-10-18T13:30:00Z,2026-09-07T19:24:25Z,,"Mon, 07 Sep 2026 19:24:25 GMT",2026-09-07T19:24:02Z,Jacksonville Jaguars,Houston Texans,draftkings,-112,-108,-1.5,102,1.5,-122,42.5,-110,-110
2026-09-07,NFL,57418b2cf5aca558b3c98eafac1e264a,2026-10-18T13:30:00Z,2026-09-07T19:24:25Z,,"Mon, 07 Sep 2026 19:24:25 GMT",2026-09-07T19:24:01Z,Jacksonville Jaguars,Houston Texans,fanduel,-104,-112,1.5,-118,-1.5,-104,40.5,-115,-105
2026-09-07,NFL,7c312fdf24fb35f58b0e07c2932cc997,2026-10-18T17:00:00Z,2026-09-07T19:24:25Z,,"Mon, 07 Sep 2026 19:24:25 GMT",2026-09-07T19:24:02Z,Atlanta Falcons,Chicago Bears,draftkings,136,-162,3.0,-110,-3.0,-110,47.5,-110,-110
2026-09-07,NFL,e86227938fd3cf008fc5648fb5128344,2026-10-18T17:00:00Z,2026-09-07T19:24:25Z,,"Mon, 07 Sep 2026 19:24:25 GMT",2026-09-07T19:24:02Z,Cleveland Browns,Baltimore Ravens,draftkings,205,-250,6.5,-110,-6.5,-110,44.5,-110,-110
2026-09-07,NFL,caca2d752fe1a1779029082e95332fcc,2026-10-18T17:00:00Z,2026-09-07T19:24:25Z,,"Mon, 07 Sep 2026 19:24:25 GMT",2026-09-07T19:24:02Z,Philadelphia Eagles,Carolina Panthers,draftkings,-278,225,-6.5,-110,6.5,-110,43.5,-110,-110
2026-09-07,NFL,84aa9e190e625d7e9cd67e1f157a45b4,2026-10-18T17:00:00Z,2026-09-07T19:24:25Z,,"Mon, 07 Sep 2026 19:24:25 GMT",2026-09-07T19:24:02Z,Indianapolis Colts,Tennessee Titans,draftkings,-198,164,-3.5,-110,3.5,-110,47.5,-110,-110
2026-09-07,NFL,0b0b582b32b09ab6ff6664ffae0c9653,2026-10-18T17:00:00Z,2026-09-07T19:24:25Z,,"Mon, 07 Sep 2026 19:24:25 GMT",2026-09-07T19:24:02Z,New England Patriots,New York Jets,draftkings,-440,340,-9.5,-110,9.5,-110,42.5,-110,-110
2026-09-07,NFL,1cf74afd313e9fd300e1462012b174cb,2026-10-18T17:00:00Z,2026-09-07T19:24:25Z,,"Mon, 07 Sep 2026 19:24:25 GMT",2026-09-07T19:24:02Z,New York Giants,New Orleans Saints,draftkings,-135,114,-2.5,-110,2.5,-110,44.5,-110,-110
2026-09-07,NFL,27f3994841ce8081c0b7349cf3d1e3d7,2026-10-18T17:00:00Z,2026-09-07T19:24:25Z,,"Mon, 07 Sep 2026 19:24:25 GMT",2026-09-07T19:24:02Z,Tampa Bay Buccaneers,Pittsburgh Steelers,draftkings,-125,105,-1.5,-110,1.5,-110,45.5,-110,-110
2026-09-07,NFL,3729ac6d2a66b642850caf2044cdc658,2026-10-18T20:05:00Z,2026-09-07T19:24:25Z,,"Mon, 07 Sep 2026 19:24:25 GMT",2026-09-07T19:24:02Z,Los Angeles Rams,Arizona Cardinals,draftkings,-800,550,-13.5,-112,13.5,-108,47.5,-110,-110
2026-09-07,NFL,45b2690b350ed45145c7a716b18e8e66,2026-10-18T20:25:00Z,2026-09-07T19:24:25Z,,"Mon, 07 Sep 2026 19:24:25 GMT",2026-09-07T19:24:02Z,Las Vegas Raiders,Buffalo Bills,draftkings,215,-265,6.5,-110,-6.5,-110,47.5,-110,-110
2026-09-07,NFL,20fefae8c296247460ba5773caa42218,2026-10-18T20:25:00Z,2026-09-07T19:24:25Z,,"Mon, 07 Sep 2026 19:24:25 GMT",2026-09-07T19:24:02Z,Kansas City Chiefs,Los Angeles Chargers,draftkings,-142,120,-2.5,-110,2.5,-110,46.5,-110,-110
2026-09-07,NFL,82fd5a159fa130e67abab93a9537f70b,2026-10-19T00:20:00Z,2026-09-07T19:24:25Z,,"Mon, 07 Sep 2026 19:24:25 GMT",2026-09-07T19:24:02Z,Green Bay Packers,Dallas Cowboys,draftkings,-170,142,-3.0,-110,3.0,-110,51.5,-110,-110
2026-09-07,NFL,f122527f003276d3bca19efa48c902c1,2026-10-20T00:15:00Z,2026-09-07T19:24:25Z,,"Mon, 07 Sep 2026 19:24:25 GMT",2026-09-07T19:24:02Z,San Francisco 49ers,Washington Commanders,draftkings,-245,200,-5.5,-110,5.5,-110,50.5,-110,-110
2026-09-07,NFL,ffebea881c1d7b2dfb85b3e590c35985,2026-10-23T00:15:00Z,2026-09-07T19:24:25Z,,"Mon, 07 Sep 2026 19:24:25 GMT",2026-09-07T19:24:02Z,Chicago Bears,New England Patriots,draftkings,-125,105,-1.5,-110,1.5,-110,47.5,-110,-110
2026-09-07,NFL,2e710ea5a306b614f0f966e3d78732f8,2026-10-25T13:30:00Z,2026-09-07T19:24:25Z,,"Mon, 07 Sep 2026 19:24:25 GMT",2026-09-07T19:24:02Z,New Orleans Saints,Pittsburgh Steelers,draftkings,120,-142,2.5,-110,-2.5,-110,42.5,-110,-110
2026-09-07,NFL,2e710ea5a306b614f0f966e3d78732f8,2026-10-25T13:30:00Z,2026-09-07T19:24:25Z,,"Mon, 07 Sep 2026 19:24:25 GMT",2026-09-07T19:24:01Z,New Orleans Saints,Pittsburgh Steelers,fanduel,110,-130,1.5,-105,-1.5,-115,40.5,-118,-104
2026-09-07,NFL,b1be064fb52a198a62109c279e7ab24c,2026-10-25T17:00:00Z,2026-09-07T19:24:25Z,,"Mon, 07 Sep 2026 19:24:25 GMT",2026-09-07T19:24:02Z,Atlanta Falcons,San Francisco 49ers,draftkings,185,-225,4.5,-110,-4.5,-110,47.5,-110,-110
2026-09-07,NFL,550ec5290f935d311995affbcb0b5c79,2026-10-25T17:00:00Z,2026-09-07T19:24:25Z,,"Mon, 07 Sep 2026 19:24:25 GMT",2026-09-07T19:24:02Z,Baltimore Ravens,Cincinnati Bengals,draftkings,-185,154,-3.5,-110,3.5,-110,51.5,-110,-110
2026-09-07,NFL,2823e986597c449ab94126cd5ed3fae9,2026-10-25T17:00:00Z,2026-09-07T19:24:25Z,,"Mon, 07 Sep 2026 19:24:25 GMT",2026-09-07T19:24:02Z,Carolina Panthers,Tampa Bay Buccaneers,draftkings,105,-125,1.5,-110,-1.5,-110,45.5,-110,-110
2026-09-07,NFL,5dce18baccec5d3ad5fb3a3ce52f7619,2026-10-25T17:00:00Z,2026-09-07T19:24:25Z,,"Mon, 07 Sep 2026 19:24:25 GMT",2026-09-07T19:24:02Z,Tennessee Titans,Cleveland Browns,draftkings,-135,114,-2.5,-110,2.5,-110,40.5,-110,-110
2026-09-07,NFL,2bba7fde6f97d0e54403d53676e4ab63,2026-10-25T17:00:00Z,2026-09-07T19:24:25Z,,"Mon, 07 Sep 2026 19:24:25 GMT",2026-09-07T19:24:02Z,Houston Texans,New York Giants,draftkings,-238,195,-5.5,-110,5.5,-110,43.5,-110,-110
2026-09-07,NFL,f3992ad4496724baf7dcd1ef58245d6b,2026-10-25T17:00:00Z,2026-09-07T19:24:25Z,,"Mon, 07 Sep 2026 19:24:25 GMT",2026-09-07T19:24:02Z,Minnesota Vikings,Indianapolis Colts,draftkings,-142,120,-2.5,-110,2.5,-110,46.5,-110,-110
2026-09-07,NFL,be5dd120ca08b43d647b6caa8953500a,2026-10-25T17:00:00Z,2026-09-07T19:24:25Z,,"Mon, 07 Sep 2026 19:24:25 GMT",2026-09-07T19:24:02Z,New York Jets,Miami Dolphins,draftkings,-142,120,-2.5,-110,2.5,-110,41.5,-110,-110
2026-09-07,NFL,436119bb3ccdaa6ed7808aa3ebd82b76,2026-10-25T20:05:00Z,2026-09-07T19:24:25Z,,"Mon, 07 Sep 2026 19:24:25 GMT",2026-09-07T19:24:02Z,Arizona Cardinals,Denver Broncos,draftkings,285,-360,7.5,-110,-7.5,-110,43.5,-110,-110
2026-09-07,NFL,e8e5715eefb6a9ce64765e9ddf49c0cc,2026-10-25T20:25:00Z,2026-09-07T19:24:25Z,,"Mon, 07 Sep 2026 19:24:25 GMT",2026-09-07T19:24:02Z,Detroit Lions,Green Bay Packers,draftkings,-142,120,-2.5,-110,2.5,-110,50.5,-110,-110
2026-09-07,NFL,f7679cf18454e4d88a8f2b990c3f08ac,2026-10-25T20:25:00Z,2026-09-07T19:24:25Z,,"Mon, 07 Sep 2026 19:24:25 GMT",2026-09-07T19:24:02Z,Las Vegas Raiders,Los Angeles Rams,draftkings,275,-345,7.5,-110,-7.5,-110,46.5,-110,-110
2026-09-07,NFL,176d474ed8b2bbf1eb4d7e9c56b4bf22,2026-10-26T00:20:00Z,2026-09-07T19:24:25Z,,"Mon, 07 Sep 2026 19:24:25 GMT",2026-09-07T19:24:02Z,Seattle Seahawks,Kansas City Chiefs,draftkings,-175,145,-3.0,-110,3.0,-110,45.5,-110,-110
2026-09-07,NFL,4853610e63c246f2027a6a248e642c9a,2026-10-27T00:15:00Z,2026-09-07T19:24:25Z,,"Mon, 07 Sep 2026 19:24:25 GMT",2026-09-07T19:24:02Z,Philadelphia Eagles,Dallas Cowboys,draftkings,-162,136,-3.0,-110,3.0,-110,48.5,-110,-110
2026-09-07,NFL,ab2865e9f2d4b012de8bc6fb6de11a7c,2026-10-30T00:15:00Z,2026-09-07T19:24:25Z,,"Mon, 07 Sep 2026 19:24:25 GMT",2026-09-07T19:24:02Z,Green Bay Packers,Carolina Panthers,draftkings,-345,275,-7.0,-110,7.0,-110,45.5,-110,-110
2026-09-07,NFL,9255ca8f32aea590d00aa57de79f6bb6,2026-11-01T18:00:00Z,2026-09-07T19:24:25Z,,"Mon, 07 Sep 2026 19:24:25 GMT",2026-09-07T19:24:02Z,Dallas Cowboys,Arizona Cardinals,draftkings,-500,380,-10.5,-110,10.5,-110,47.5,-110,-110
2026-09-07,NFL,921859689f5f8b3b8b1caf4248bdb1ec,2026-11-01T18:00:00Z,2026-09-07T19:24:25Z,,"Mon, 07 Sep 2026 19:24:25 GMT",2026-09-07T19:24:02Z,Tampa Bay Buccaneers,Atlanta Falcons,draftkings,-225,185,-4.5,-110,4.5,-110,46.5,-110,-110
2026-09-07,NFL,c93c421e5fa46031a43162d111d981d0,2026-11-01T18:00:00Z,2026-09-07T19:24:25Z,,"Mon, 07 Sep 2026 19:24:25 GMT",2026-09-07T19:24:02Z,Buffalo Bills,Baltimore Ravens,draftkings,-135,114,-2.5,-110,2.5,-110,51.5,-110,-110
2026-09-07,NFL,9c5d8f57e0ba0fbd9ef436c1f0898f99,2026-11-01T18:00:00Z,2026-09-07T19:24:25Z,,"Mon, 07 Sep 2026 19:24:25 GMT",2026-09-07T19:24:02Z,Cincinnati Bengals,Tennessee Titans,draftkings,-290,235,-6.5,-110,6.5,-110,49.5,-110,-110
2026-09-07,NFL,ab5ab731ab655bd6308bc7a922275518,2026-11-01T18:00:00Z,2026-09-07T19:24:25Z,,"Mon, 07 Sep 2026 19:24:25 GMT",2026-09-07T19:24:02Z,Pittsburgh Steelers,Cleveland Browns,draftkings,-265,215,-6.0,-110,6.0,-110,39.5,-110,-110
2026-09-07,NFL,52e7ee9c42525e6deec02da32dc2fad8,2026-11-01T18:00:00Z,2026-09-07T19:24:25Z,,"Mon, 07 Sep 2026 19:24:25 GMT",2026-09-07T19:24:02Z,Detroit Lions,Minnesota Vikings,draftkings,-225,185,-4.5,-110,4.5,-110,47.5,-110,-110
2026-09-07,NFL,159dbf0253dd2038eda2212f84387f0c,2026-11-01T18:00:00Z,2026-09-07T19:24:25Z,,"Mon, 07 Sep 2026 19:24:25 GMT",2026-09-07T19:24:02Z,Jacksonville Jaguars,Indianapolis Colts,draftkings,-225,185,-4.5,-110,4.5,-110,49.5,-110,-110
2026-09-07,NFL,98f1b121b793977434c046e76c707145,2026-11-01T18:00:00Z,2026-09-07T19:24:25Z,,"Mon, 07 Sep 2026 19:24:25 GMT",2026-09-07T19:24:02Z,New York Jets,Las Vegas Raiders,draftkings,-125,105,-1.5,-110,1.5,-110,40.5,-110,-110
2026-09-07,NFL,2ff84d3f6053d083c8c0a5bebf7cdd4c,2026-11-01T21:05:00Z,2026-09-07T19:24:25Z,,"Mon, 07 Sep 2026 19:24:25 GMT",2026-09-07T19:24:02Z,Los Angeles Rams,Los Angeles Chargers,draftkings,-192,160,-3.5,-118,3.5,-102,48.5,-110,-110
2026-09-07,NFL,f2a036d5edf483a277880014861e78ad,2026-11-01T21:25:00Z,2026-09-07T19:24:25Z,,"Mon, 07 Sep 2026 19:24:25 GMT",2026-09-07T19:24:02Z,Denver Broncos,Kansas City Chiefs,draftkings,-125,105,-1.5,-110,1.5,-110,43.5,-110,-110
2026-09-07,NFL,05405af79752f5e742cdf50b61f6745e,2026-11-01T21:25:00Z,2026-09-07T19:24:25Z,,"Mon, 07 Sep 2026 19:24:25 GMT",2026-09-07T19:24:02Z,Miami Dolphins,New England Patriots,draftkings,280,-355,7.0,-110,-7.0,-110,45.5,-110,-110
2026-09-07,NFL,b9c60db63b1a19ad319f24b33c0defe8,2026-11-02T01:20:00Z,2026-09-07T19:24:25Z,,"Mon, 07 Sep 2026 19:24:25 GMT",2026-09-07T19:24:02Z,Washington Commanders,Philadelphia Eagles,draftkings,105,-125,1.5,-110,-1.5,-110,46.5,-110,-110
2026-09-07,NFL,7d664fbcd39350e559d83c0068ba7169,2026-11-03T01:20:00Z,2026-09-07T19:24:25Z,,"Mon, 07 Sep 2026 19:24:25 GMT",2026-09-07T19:24:02Z,Seattle Seahawks,Chicago Bears,draftkings,-218,180,-4.5,-110,4.5,-110,47.5,-110,-110
2026-09-07,NFL,c75744790b7acf6260c78ba5e739c0e5,2026-11-06T01:15:00Z,2026-09-07T19:24:25Z,,"Mon, 07 Sep 2026 19:24:25 GMT",2026-09-07T19:24:02Z,Baltimore Ravens,Jacksonville Jaguars,draftkings,-205,170,-4.5,-110,4.5,-110,49.5,-110,-110
2026-09-07,NFL,dc56d980f527ffeef89940133b211b13,2026-11-08T14:30:00Z,2026-09-07T19:24:25Z,,"Mon, 07 Sep 2026 19:24:25 GMT",2026-09-07T19:24:02Z,Atlanta Falcons,Cincinnati Bengals,draftkings,190,-230,5.5,-110,-5.5,-110,49.5,-110,-110
2026-09-07,NFL,dc56d980f527ffeef89940133b211b13,2026-11-08T14:30:00Z,2026-09-07T19:24:25Z,,"Mon, 07 Sep 2026 19:24:25 GMT",2026-09-07T19:24:01Z,Atlanta Falcons,Cincinnati Bengals,fanduel,180,-215,4.5,-118,-4.5,-104,49.5,-105,-115
2026-09-07,NFL,014282b888c741b7d70c857c09f40aa7,2026-11-08T18:00:00Z,2026-09-07T19:24:25Z,,"Mon, 07 Sep 2026 19:24:25 GMT",2026-09-07T19:24:02Z,Carolina Panthers,Denver Broncos,draftkings,136,-162,3.0,-110,-3.0,-110,42.5,-110,-110
2026-09-07,NFL,e571bab6736f9338130a78a4f75c3231,2026-11-08T18:00:00Z,2026-09-07T19:24:25Z,,"Mon, 07 Sep 2026 19:24:25 GMT",2026-09-07T19:24:02Z,New Orleans Saints,Cleveland Browns,draftkings,-192,160,-3.5,-115,3.5,-105,41.5,-110,-110
2026-09-07,NFL,415fc42e72888c63e82f7bce24c65391,2026-11-08T18:00:00Z,2026-09-07T19:24:25Z,,"Mon, 07 Sep 2026 19:24:25 GMT",2026-09-07T19:24:02Z,Indianapolis Colts,Dallas Cowboys,draftkings,105,-125,1.5,-110,-1.5,-110,52.5,-110,-110
2026-09-07,NFL,44d8c37868b700e90f816db7c5df5cdd,2026-11-08T18:00:00Z,2026-09-07T19:24:25Z,,"Mon, 07 Sep 2026 19:24:25 GMT",2026-09-07T19:24:02Z,Miami Dolphins,Detroit Lions,draftkings,225,-278,6.5,-110,-6.5,-110,47.5,-110,-110
2026-09-07,NFL,e354e6a04b1cb9c96e549b863debb92e,2026-11-08T18:00:00Z,2026-09-07T19:24:25Z,,"Mon, 07 Sep 2026 19:24:25 GMT",2026-09-07T19:24:02Z,Kansas City Chiefs,New York Jets,draftkings,-470,360,-9.5,-110,9.5,-110,41.5,-110,-110
2026-09-07,NFL,89de07377e0aa8ffaa2ae6a7dc0855cc,2026-11-08T18:00:00Z,2026-09-07T19:24:25Z,,"Mon, 07 Sep 2026 19:24:25 GMT",2026-09-07T19:24:02Z,Washington Commanders,Los Angeles Rams,draftkings,185,-225,4.5,-105,-4.5,-115,50.5,-110,-110
2026-09-07,NFL,fe93e6ab1e553c0169936a0a983c324f,2026-11-08T18:00:00Z,2026-09-07T19:24:25Z,,"Mon, 07 Sep 2026 19:24:25 GMT",2026-09-07T19:24:02Z,Philadelphia Eagles,New York Giants,draftkings,-238,195,-5.5,-110,5.5,-110,44.5,-110,-110
2026-09-07,NFL,39aeac43cea7b12558b91cdab1255a10,2026-11-08T21:05:00Z,2026-09-07T19:24:25Z,,"Mon, 07 Sep 2026 19:24:25 GMT",2026-09-07T19:24:02Z,Los Angeles Chargers,Houston Texans,draftkings,-142,120,-2.5,-110,2.5,-110,43.5,-110,-110
2026-09-07,NFL,ac9d38a18d5c92814233a31aa9a48d78,2026-11-08T21:05:00Z,2026-09-07T19:24:25Z,,"Mon, 07 Sep 2026 19:24:25 GMT",2026-09-07T19:24:02Z,San Francisco 49ers,Las Vegas Raiders,draftkings,-440,340,-8.5,-110,8.5,-110,46.5,-110,-110
2026-09-07,NFL,240e23b02b1e3fef655d04a286b5a623,2026-11-08T21:25:00Z,2026-09-07T19:24:25Z,,"Mon, 07 Sep 2026 19:24:25 GMT",2026-09-07T19:24:02Z,Seattle Seahawks,Arizona Cardinals,draftkings,-850,575,-13.5,-110,13.5,-110,45.5,-110,-110
2026-09-07,NFL,2922c573ec3df8466c4a34975e446898,2026-11-08T21:25:00Z,2026-09-07T19:24:25Z,,"Mon, 07 Sep 2026 19:24:25 GMT",2026-09-07T19:24:02Z,New England Patriots,Green Bay Packers,draftkings,-125,105,-1.5,-110,1.5,-110,46.5,-110,-110
2026-09-07,NFL,9760d8f19f84bfee300a74ceb656c95d,2026-11-09T01:20:00Z,2026-09-07T19:24:25Z,,"Mon, 07 Sep 2026 19:24:25 GMT",2026-09-07T19:24:02Z,Chicago Bears,Tampa Bay Buccaneers,draftkings,-192,160,-3.5,-110,3.5,-110,48.5,-110,-110
2026-09-07,NFL,17ad7eff2f7875e20a8109abe40470e3,2026-11-10T01:15:00Z,2026-09-07T19:24:25Z,,"Mon, 07 Sep 2026 19:24:25 GMT",2026-09-07T19:24:02Z,Minnesota Vikings,Buffalo Bills,draftkings,142,-170,3.0,-110,-3.0,-110,48.5,-110,-110
2026-09-07,NFL,74d39e19225caf211ad2c8eb4110179f,2026-11-13T01:15:00Z,2026-09-07T19:24:25Z,,"Mon, 07 Sep 2026 19:24:25 GMT",2026-09-07T19:24:02Z,New York Giants,Washington Commanders,draftkings,-122,102,-1.5,-110,1.5,-110,47.5,-110,-110
2026-09-07,NFL,b8c10fdf1e0ac4e13deee7f7c0af0b0b,2026-11-15T14:30:00Z,2026-09-07T19:24:25Z,,"Mon, 07 Sep 2026 19:24:25 GMT",2026-09-07T19:24:02Z,Detroit Lions,New England Patriots,draftkings,-125,105,-1.5,-112,1.5,-108,48.5,-112,-108
2026-09-07,NFL,b8c10fdf1e0ac4e13deee7f7c0af0b0b,2026-11-15T14:30:00Z,2026-09-07T19:24:25Z,,"Mon, 07 Sep 2026 19:24:25 GMT",2026-09-07T19:24:01Z,Detroit Lions,New England Patriots,fanduel,100,-118,1.5,-115,-1.5,-105,49.5,-115,-105
2026-09-07,NFL,3c71d515b726f1096aabb435badb83fd,2026-11-15T18:00:00Z,2026-09-07T19:24:25Z,,"Mon, 07 Sep 2026 19:24:25 GMT",2026-09-07T19:24:02Z,Atlanta Falcons,Kansas City Chiefs,draftkings,185,-225,4.5,-110,-4.5,-110,45.5,-110,-110
2026-09-07,NFL,1057d50949844ddf483da9c8c20354be,2026-11-15T18:00:00Z,2026-09-07T19:24:25Z,,"Mon, 07 Sep 2026 19:24:25 GMT",2026-09-07T19:24:02Z,New York Jets,Buffalo Bills,draftkings,270,-340,7.0,-105,-7.0,-115,46.5,-110,-110
2026-09-07,NFL,e5aa20e1364dd639f042af1c2281bbe2,2026-11-15T18:00:00Z,2026-09-07T19:24:25Z,,"Mon, 07 Sep 2026 19:24:25 GMT",2026-09-07T19:24:02Z,New Orleans Saints,Carolina Panthers,draftkings,-118,-102,-1.5,-105,1.5,-115,43.5,-110,-110
2026-09-07,NFL,be0e03cc42fbc9b6962467b22c7bf9dd,2026-11-15T18:00:00Z,2026-09-07T19:24:25Z,,"Mon, 07 Sep 2026 19:24:25 GMT",2026-09-07T19:24:02Z,Cleveland Browns,Houston Texans,draftkings,170,-205,4.5,-110,-4.5,-110,38.5,-110,-110
2026-09-07,NFL,5d8d85473b87f772a979ecf294acab94,2026-11-15T18:00:00Z,2026-09-07T19:24:25Z,,"Mon, 07 Sep 2026 19:24:25 GMT",2026-09-07T19:24:02Z,Green Bay Packers,Minnesota Vikings,draftkings,-245,200,-4.5,-110,4.5,-110,45.5,-110,-110
2026-09-07,NFL,b5700b4d938fd94429f60d4622cc9c0a,2026-11-15T18:00:00Z,2026-09-07T19:24:25Z,,"Mon, 07 Sep 2026 19:24:25 GMT",2026-09-07T19:24:02Z,Indianapolis Colts,Miami Dolphins,draftkings,-310,250,-6.5,-110,6.5,-110,47.5,-110,-110
2026-09-07,NFL,28800df7e768ecec14f116454d560f9b,2026-11-15T18:00:00Z,2026-09-07T19:24:25Z,,"Mon, 07 Sep 2026 19:24:25 GMT",2026-09-07T19:24:02Z,Tennessee Titans,Jacksonville Jaguars,draftkings,114,-135,2.5,-110,-2.5,-110,45.5,-110,-110
2026-09-07,NFL,6c932a965110f3f89ec4a5f1a6ac256e,2026-11-15T21:05:00Z,2026-09-07T19:24:25Z,,"Mon, 07 Sep 2026 19:24:25 GMT",2026-09-07T19:24:02Z,Arizona Cardinals,Los Angeles Rams,draftkings,360,-470,10.5,-110,-10.5,-110,47.5,-110,-110
2026-09-07,NFL,6079a5cbabf99b265a17edfc92a1da60,2026-11-15T21:05:00Z,2026-09-07T19:24:25Z,,"Mon, 07 Sep 2026 19:24:25 GMT",2026-09-07T19:24:02Z,Las Vegas Raiders,Seattle Seahawks,draftkings,250,-310,7.0,-110,-7.0,-110,43.5,-110,-110
2026-09-07,NFL,7627192fd89b05120ab6c712aa23fd81,2026-11-15T21:25:00Z,2026-09-07T19:24:25Z,,"Mon, 07 Sep 2026 19:24:25 GMT",2026-09-07T19:24:02Z,Dallas Cowboys,San Francisco 49ers,draftkings,-118,-102,-1.5,-105,1.5,-115,52.5,-110,-110
2026-09-07,NFL,48e497c230e6c9afcb3b600091d28e17,2026-11-16T01:20:00Z,2026-09-07T19:24:25Z,,"Mon, 07 Sep 2026 19:24:25 GMT",2026-09-07T19:24:02Z,Cincinnati Bengals,Pittsburgh Steelers,draftkings,-192,160,-3.5,-110,3.5,-110,47.5,-110,-110
2026-09-07,NFL,35e3bdff558b5d1506251e814986f164,2026-11-17T01:15:00Z,2026-09-07T19:24:25Z,,"Mon, 07 Sep 2026 19:24:25 GMT",2026-09-07T19:24:02Z,Baltimore Ravens,Los Angeles Chargers,draftkings,-180,150,-3.5,-110,3.5,-110,47.5,-110,-110
2026-09-07,NFL,66f9e83cf025d58acee12bce18661fb3,2026-11-20T01:15:00Z,2026-09-07T19:24:25Z,,"Mon, 07 Sep 2026 19:24:25 GMT",2026-09-07T19:24:02Z,Houston Texans,Indianapolis Colts,draftkings,-245,200,-5.5,-110,5.5,-110,45.5,-110,-110
2026-09-07,NFL,403a88701352da05b0710a9e883b803e,2026-11-22T18:00:00Z,2026-09-07T19:24:25Z,,"Mon, 07 Sep 2026 19:24:25 GMT",2026-09-07T19:24:02Z,Kansas City Chiefs,Arizona Cardinals,draftkings,-600,440,-11.5,-110,11.5,-110,44.5,-110,-110
2026-09-07,NFL,4527f57f5bc32742d8194af1ccf7da7e,2026-11-22T18:00:00Z,2026-09-07T19:24:25Z,,"Mon, 07 Sep 2026 19:24:25 GMT",2026-09-07T19:24:02Z,Carolina Panthers,Baltimore Ravens,draftkings,170,-205,4.5,-110,-4.5,-110,46.5,-110,-110
2026-09-07,NFL,4c5b1c0843a260278e95eb93e7787576,2026-11-22T18:00:00Z,2026-09-07T19:24:25Z,,"Mon, 07 Sep 2026 19:24:25 GMT",2026-09-07T19:24:02Z,Buffalo Bills,Miami Dolphins,draftkings,-650,470,-11.5,-110,11.5,-110,47.5,-110,-110
2026-09-07,NFL,3ea90704fb576633bd1e2fa5aafd9ea3,2026-11-22T18:00:00Z,2026-09-07T19:24:25Z,,"Mon, 07 Sep 2026 19:24:25 GMT",2026-09-07T19:24:02Z,Chicago Bears,New Orleans Saints,draftkings,-278,225,-6.5,-110,6.5,-110,46.5,-110,-110
2026-09-07,NFL,5e63079b678f8c13419adc169fff02d3,2026-11-22T18:00:00Z,2026-09-07T19:24:25Z,,"Mon, 07 Sep 2026 19:24:25 GMT",2026-09-07T19:24:02Z,Dallas Cowboys,Tennessee Titans,draftkings,-285,230,-6.5,-110,6.5,-110,48.5,-110,-110
2026-09-07,NFL,41e2dd69bddd65d7e823d9ed61cc2afc,2026-11-22T18:00:00Z,2026-09-07T19:24:25Z,,"Mon, 07 Sep 2026 19:24:25 GMT",2026-09-07T19:24:02Z,Detroit Lions,Tampa Bay Buccaneers,draftkings,-225,185,-4.5,-110,4.5,-110,49.5,-110,-110
2026-09-07,NFL,8ba112fabf4e87639338a5f437c5abfe,2026-11-22T18:00:00Z,2026-09-07T19:24:25Z,,"Mon, 07 Sep 2026 19:24:25 GMT",2026-09-07T19:24:02Z,New York Giants,Jacksonville Jaguars,draftkings,105,-125,1.5,-110,-1.5,-110,46.5,-110,-110
2026-09-07,NFL,4b20b742b6168aaca4f25d87f11b1526,2026-11-22T21:05:00Z,2026-09-07T19:24:25Z,,"Mon, 07 Sep 2026 19:24:25 GMT",2026-09-07T19:24:02Z,Los Angeles Chargers,New York Jets,draftkings,-425,330,-9.5,-110,9.5,-110,41.5,-110,-110
2026-09-07,NFL,1940706a79cbcbafacdcbf231069716b,2026-11-22T21:25:00Z,2026-09-07T19:24:25Z,,"Mon, 07 Sep 2026 19:24:25 GMT",2026-09-07T19:24:02Z,Denver Broncos,Las Vegas Raiders,draftkings,-340,270,-7.5,-110,7.5,-110,41.5,-110,-110
2026-09-07,NFL,cbe45bafcc2615fc1d96cbc12840377a,2026-11-22T21:25:00Z,2026-09-07T19:24:25Z,,"Mon, 07 Sep 2026 19:24:25 GMT",2026-09-07T19:24:02Z,Philadelphia Eagles,Pittsburgh Steelers,draftkings,-238,195,-5.5,-110,5.5,-110,42.5,-110,-110
2026-09-07,NFL,60e1d27b083a335b722c2c852ea85612,2026-11-23T01:20:00Z,2026-09-07T19:24:25Z,,"Mon, 07 Sep 2026 19:24:25 GMT",2026-09-07T19:24:02Z,San Francisco 49ers,Minnesota Vikings,draftkings,-192,160,-3.5,-110,3.5,-110,46.5,-110,-110
2026-09-07,NFL,60e1d27b083a335b722c2c852ea85612,2026-11-23T01:20:00Z,2026-09-07T19:24:25Z,,"Mon, 07 Sep 2026 19:24:25 GMT",2026-09-07T19:24:01Z,San Francisco 49ers,Minnesota Vikings,fanduel,-210,176,-4.5,-105,4.5,-115,47.5,-105,-115
2026-09-07,NFL,3a60ed1d20004aa4d4772b2c1a2272e7,2026-11-24T01:15:00Z,2026-09-07T19:24:25Z,,"Mon, 07 Sep 2026 19:24:25 GMT",2026-09-07T19:24:02Z,Washington Commanders,Cincinnati Bengals,draftkings,105,-125,1.5,-110,-1.5,-110,52.5,-110,-110
2026-09-07,NFL,5b612899d6dcdf998107f2c6c6e49a58,2026-11-26T01:00:00Z,2026-09-07T19:24:25Z,,"Mon, 07 Sep 2026 19:24:25 GMT",2026-09-07T19:24:02Z,Los Angeles Rams,Green Bay Packers,draftkings,-225,185,-4.5,-115,4.5,-105,48.5,-110,-110
2026-09-07,NFL,5b612899d6dcdf998107f2c6c6e49a58,2026-11-26T01:00:00Z,2026-09-07T19:24:25Z,,"Mon, 07 Sep 2026 19:24:25 GMT",2026-09-07T19:24:01Z,Los Angeles Rams,Green Bay Packers,fanduel,-240,198,-5.5,-105,5.5,-115,48.5,-105,-115
2026-09-07,NFL,9b825e6518156008da499be041975fdd,2026-11-26T18:00:00Z,2026-09-07T19:24:25Z,,"Mon, 07 Sep 2026 19:24:25 GMT",2026-09-07T19:24:02Z,Detroit Lions,Chicago Bears,draftkings,-142,120,-2.5,-115,2.5,-105,52.5,-110,-110
2026-09-07,NFL,9b825e6518156008da499be041975fdd,2026-11-26T18:00:00Z,2026-09-07T19:24:25Z,,"Mon, 07 Sep 2026 19:24:25 GMT",2026-09-07T19:24:01Z,Detroit Lions,Chicago Bears,fanduel,-130,110,-2.5,-110,2.5,-110,53.5,-115,-105
2026-09-07,NFL,ffaa06af56a7137d4b078c5c46c0b730,2026-11-26T20:30:00Z,2026-09-07T19:24:25Z,,"Mon, 07 Sep 2026 19:24:25 GMT",2026-09-07T19:24:02Z,Dallas Cowboys,Philadelphia Eagles,draftkings,-125,105,-1.5,-110,1.5,-110,49.5,-110,-110
2026-09-07,NFL,ffaa06af56a7137d4b078c5c46c0b730,2026-11-26T20:30:00Z,2026-09-07T19:24:25Z,,"Mon, 07 Sep 2026 19:24:25 GMT",2026-09-07T19:24:01Z,Dallas Cowboys,Philadelphia Eagles,fanduel,-126,108,-1.5,-110,1.5,-110,49.5,-115,-105
2026-09-07,NFL,f36f518585aec40e8cb40e071c0844aa,2026-11-27T01:20:00Z,2026-09-07T19:24:25Z,,"Mon, 07 Sep 2026 19:24:25 GMT",2026-09-07T19:24:02Z,Buffalo Bills,Kansas City Chiefs,draftkings,-148,124,-2.5,-115,2.5,-105,50.5,-110,-110
2026-09-07,NFL,f36f518585aec40e8cb40e071c0844aa,2026-11-27T01:20:00Z,2026-09-07T19:24:25Z,,"Mon, 07 Sep 2026 19:24:25 GMT",2026-09-07T19:24:01Z,Buffalo Bills,Kansas City Chiefs,fanduel,-154,130,-2.5,-118,2.5,-104,50.5,-104,-118
2026-09-07,NFL,44a3bcf5bd002583ddef2207a92dd977,2026-11-27T20:00:00Z,2026-09-07T19:24:25Z,,"Mon, 07 Sep 2026 19:24:25 GMT",2026-09-07T19:24:02Z,Pittsburgh Steelers,Denver Broncos,draftkings,102,-122,1.5,-110,-1.5,-110,39.5,-110,-110
2026-09-07,NFL,44a3bcf5bd002583ddef2207a92dd977,2026-11-27T20:00:00Z,2026-09-07T19:24:25Z,,"Mon, 07 Sep 2026 19:24:25 GMT",2026-09-07T19:24:01Z,Pittsburgh Steelers,Denver Broncos,fanduel,112,-132,1.5,-104,-1.5,-118,39.5,-110,-110
2026-09-07,NFL,6a05021bdb6bab24b9bb381ffff10f0c,2026-11-29T18:00:00Z,2026-09-07T19:24:25Z,,"Mon, 07 Sep 2026 19:24:25 GMT",2026-09-07T19:24:02Z,Minnesota Vikings,Atlanta Falcons,draftkings,-218,180,-4.5,-110,4.5,-110,43.5,-110,-110
2026-09-07,NFL,60d0c074801985c1062795362a24200e,2026-11-29T18:00:00Z,2026-09-07T19:24:25Z,,"Mon, 07 Sep 2026 19:24:25 GMT",2026-09-07T19:24:02Z,Houston Texans,Baltimore Ravens,draftkings,-122,102,-1.5,-110,1.5,-110,45.5,-110,-110
2026-09-07,NFL,f7d3ae7a8fe2438cef7d7d7bc67e31db,2026-11-29T18:00:00Z,2026-09-07T19:24:25Z,,"Mon, 07 Sep 2026 19:24:25 GMT",2026-09-07T19:24:02Z,Cincinnati Bengals,New Orleans Saints,draftkings,-290,235,-6.5,-110,6.5,-110,48.5,-110,-110
2026-09-07,NFL,eaa993c3d62d6b5aeb6142cdd7862fd5,2026-11-29T18:00:00Z,2026-09-07T19:24:25Z,,"Mon, 07 Sep 2026 19:24:25 GMT",2026-09-07T19:24:02Z,Cleveland Browns,Las Vegas Raiders,draftkings,-122,102,-1.5,-110,1.5,-110,39.5,-110,-110
2026-09-07,NFL,e9da808e36e1b7475698a57465ad4519,2026-11-29T18:00:00Z,2026-09-07T19:24:25Z,,"Mon, 07 Sep 2026 19:24:25 GMT",2026-09-07T19:24:02Z,Indianapolis Colts,New York Giants,draftkings,-135,114,-2.5,-110,2.5,-110,47.5,-110,-110
2026-09-07,NFL,81a8fee5b649a3ad5ad59e9528f2f376,2026-11-29T18:00:00Z,2026-09-07T19:24:25Z,,"Mon, 07 Sep 2026 19:24:25 GMT",2026-09-07T19:24:02Z,Jacksonville Jaguars,Tennessee Titans,draftkings,-238,195,-5.5,-110,5.5,-110,45.5,-110,-110
2026-09-07,NFL,5ea0e3ea5944b0ad5169f21c0787b331,2026-11-29T18:00:00Z,2026-09-07T19:24:25Z,,"Mon, 07 Sep 2026 19:24:25 GMT",2026-09-07T19:24:02Z,Miami Dolphins,New York Jets,draftkings,-125,105,-1.5,-110,1.5,-110,40.5,-110,-110
2026-09-07,NFL,69a1dbe9de3d3212c3a7a55be5d204ab,2026-11-29T21:25:00Z,2026-09-07T19:24:25Z,,"Mon, 07 Sep 2026 19:24:25 GMT",2026-09-07T19:24:02Z,Arizona Cardinals,Washington Commanders,draftkings,180,-218,4.5,-110,-4.5,-110,47.5,-110,-110
2026-09-07,NFL,d68dced0b26726890b9c79bd19a5ffe5,2026-11-29T21:25:00Z,2026-09-07T19:24:25Z,,"Mon, 07 Sep 2026 19:24:25 GMT",2026-09-07T19:24:02Z,San Francisco 49ers,Seattle Seahawks,draftkings,-110,-110,-1.5,105,1.5,-125,46.5,-110,-110
2026-09-07,NFL,c64ceba13ede564e8658693e3171e7f9,2026-11-30T01:20:00Z,2026-09-07T19:24:25Z,,"Mon, 07 Sep 2026 19:24:25 GMT",2026-09-07T19:24:02Z,Los Angeles Chargers,New England Patriots,draftkings,-125,105,-1.5,-110,1.5,-110,45.5,-110,-110
2026-09-07,NFL,2cdaecba7c0bff9b58a48a82e6ee17a7,2026-12-01T01:15:00Z,2026-09-07T19:24:25Z,,"Mon, 07 Sep 2026 19:24:25 GMT",2026-09-07T19:24:02Z,Tampa Bay Buccaneers,Carolina Panthers,draftkings,-192,160,-3.5,-110,3.5,-110,44.5,-110,-110
2026-09-07,NFL,06e52a676b516186989e3b181a37c8a7,2026-12-04T01:15:00Z,2026-09-07T19:24:25Z,,"Mon, 07 Sep 2026 19:24:25 GMT",2026-09-07T19:24:02Z,Los Angeles Rams,Kansas City Chiefs,draftkings,-205,170,-4.5,-102,4.5,-118,47.5,-110,-110
2026-09-07,NFL,c94419ba8fb818fc36a5b21b526aab75,2026-12-06T18:00:00Z,2026-09-07T19:24:25Z,,"Mon, 07 Sep 2026 19:24:25 GMT",2026-09-07T19:24:02Z,Atlanta Falcons,Detroit Lions,draftkings,154,-185,3.5,-110,-3.5,-110,48.5,-110,-110
2026-09-07,NFL,0236f9aa68d65ea03bd1ca025b749c20,2026-12-06T18:00:00Z,2026-09-07T19:24:25Z,,"Mon, 07 Sep 2026 19:24:25 GMT",2026-09-07T19:24:02Z,Chicago Bears,Jacksonville Jaguars,draftkings,-155,130,-3.0,-105,3.0,-115,47.5,-110,-110
2026-09-07,NFL,b447fab53534af892f98a74eae26c1c6,2026-12-06T18:00:00Z,2026-09-07T19:24:25Z,,"Mon, 07 Sep 2026 19:24:25 GMT",2026-09-07T19:24:02Z,Cleveland Browns,Cincinnati Bengals,draftkings,180,-218,4.5,-110,-4.5,-110,45.5,-110,-110
2026-09-07,NFL,9a55467e1cd6310ae2af20d8154612e1,2026-12-06T18:00:00Z,2026-09-07T19:24:25Z,,"Mon, 07 Sep 2026 19:24:25 GMT",2026-09-07T19:24:02Z,Denver Broncos,Miami Dolphins,draftkings,-455,350,-9.5,-110,9.5,-110,42.5,-110,-110
2026-09-07,NFL,1ccb61b811b7aae4270df22a67e6459f,2026-12-06T18:00:00Z,2026-09-07T19:24:25Z,,"Mon, 07 Sep 2026 19:24:25 GMT",2026-09-07T19:24:02Z,New Orleans Saints,Green Bay Packers,draftkings,185,-225,4.5,-110,-4.5,-110,45.5,-110,-110
2026-09-07,NFL,f8a92363386bd337975650879086cca6,2026-12-06T18:00:00Z,2026-09-07T19:24:25Z,,"Mon, 07 Sep 2026 19:24:25 GMT",2026-09-07T19:24:02Z,Tampa Bay Buccaneers,Los Angeles Chargers,draftkings,120,-142,2.5,-110,-2.5,-110,46.5,-110,-110
2026-09-07,NFL,a5495c3360b3bb13da76ba23a675c9ef,2026-12-06T18:00:00Z,2026-09-07T19:24:25Z,,"Mon, 07 Sep 2026 19:24:25 GMT",2026-09-07T19:24:02Z,New York Giants,San Francisco 49ers,draftkings,140,-166,3.0,-110,-3.0,-110,47.5,-110,-110
2026-09-07,NFL,ae3429e95ee704c7fd001cade20072d0,2026-12-06T18:00:00Z,2026-09-07T19:24:25Z,,"Mon, 07 Sep 2026 19:24:25 GMT",2026-09-07T19:24:02Z,Tennessee Titans,Washington Commanders,draftkings,105,-125,1.5,-110,-1.5,-110,46.5,-110,-110
2026-09-07,NFL,f4897f48a5351881280f7598bd826408,2026-12-06T21:05:00Z,2026-09-07T19:24:25Z,,"Mon, 07 Sep 2026 19:24:25 GMT",2026-09-07T19:24:02Z,Arizona Cardinals,Philadelphia Eagles,draftkings,310,-395,8.5,-110,-8.5,-110,43.5,-110,-110
2026-09-07,NFL,4116dbff75ab7957b69c2152f204b74d,2026-12-06T21:25:00Z,2026-09-07T19:24:25Z,,"Mon, 07 Sep 2026 19:24:25 GMT",2026-09-07T19:24:02Z,New England Patriots,Buffalo Bills,draftkings,-122,102,-1.5,-108,1.5,-112,48.5,-110,-110
2026-09-07,NFL,c186c605febd6370b292469c9151cfb3,2026-12-06T21:25:00Z,2026-09-07T19:24:25Z,,"Mon, 07 Sep 2026 19:24:25 GMT",2026-09-07T19:24:02Z,Minnesota Vikings,Carolina Panthers,draftkings,-192,160,-3.5,-110,3.5,-110,42.5,-110,-110
2026-09-07,NFL,26bf8e165d2d273ed0772a355f07ab16,2026-12-07T01:20:00Z,2026-09-07T19:24:25Z,,"Mon, 07 Sep 2026 19:24:25 GMT",2026-09-07T19:24:02Z,Pittsburgh Steelers,Houston Texans,draftkings,102,-122,1.5,-110,-1.5,-110,41.5,-110,-110
2026-09-07,NFL,0db4646c964ecdff19957373fe707546,2026-12-08T01:15:00Z,2026-09-07T19:24:25Z,,"Mon, 07 Sep 2026 19:24:25 GMT",2026-09-07T19:24:02Z,Seattle Seahawks,Dallas Cowboys,draftkings,-225,185,-4.5,-110,4.5,-110,48.5,-110,-110
2026-09-07,NFL,01548e41e7ba5318bb25c9bc2a32f73d,2026-12-11T01:15:00Z,2026-09-07T19:24:25Z,,"Mon, 07 Sep 2026 19:24:25 GMT",2026-09-07T19:24:02Z,New England Patriots,Minnesota Vikings,draftkings,-218,180,-4.5,-110,4.5,-110,43.5,-110,-110
2026-09-07,NFL,f7fba6b1804e02292ee0ce4738484258,2026-12-13T18:00:00Z,2026-09-07T19:24:25Z,,"Mon, 07 Sep 2026 19:24:25 GMT",2026-09-07T19:24:02Z,Cleveland Browns,Atlanta Falcons,draftkings,-125,105,-1.5,-110,1.5,-110,40.5,-110,-110
2026-09-07,NFL,bec99e2f2b4c80e345731d69ee38d831,2026-12-13T18:00:00Z,2026-09-07T19:24:25Z,,"Mon, 07 Sep 2026 19:24:25 GMT",2026-09-07T19:24:02Z,Baltimore Ravens,Tampa Bay Buccaneers,draftkings,-265,215,-6.0,-110,6.0,-110,48.5,-110,-110
2026-09-07,NFL,dcc7b377d3b3ec990304612bbef47d3d,2026-12-13T18:00:00Z,2026-09-07T19:24:25Z,,"Mon, 07 Sep 2026 19:24:25 GMT",2026-09-07T19:24:02Z,Carolina Panthers,New Orleans Saints,draftkings,-135,114,-2.5,-110,2.5,-110,43.5,-110,-110
2026-09-07,NFL,2c6added7199a59f1e9dae8492c29da4,2026-12-13T18:00:00Z,2026-09-07T19:24:25Z,,"Mon, 07 Sep 2026 19:24:25 GMT",2026-09-07T19:24:02Z,Miami Dolphins,Chicago Bears,draftkings,200,-245,5.5,-110,-5.5,-110,46.5,-110,-110
2026-09-07,NFL,5185ace33aebc87d39074147940f2fa5,2026-12-13T18:00:00Z,2026-09-07T19:24:25Z,,"Mon, 07 Sep 2026 19:24:25 GMT",2026-09-07T19:24:02Z,New York Jets,Denver Broncos,draftkings,190,-230,5.5,-110,-5.5,-110,39.5,-110,-110
2026-09-07,NFL,a31f461ccd92e1072f23ccfae281ae9a,2026-12-13T18:00:00Z,2026-09-07T19:24:25Z,,"Mon, 07 Sep 2026 19:24:25 GMT",2026-09-07T19:24:02Z,Detroit Lions,Tennessee Titans,draftkings,-345,275,-7.5,-110,7.5,-110,47.5,-110,-110
2026-09-07,NFL,5dc9cb8fba610d682dc670ae4e7d59f3,2026-12-13T18:00:00Z,2026-09-07T19:24:25Z,,"Mon, 07 Sep 2026 19:24:25 GMT",2026-09-07T19:24:02Z,Washington Commanders,Houston Texans,draftkings,102,-122,1.5,-110,-1.5,-110,44.5,-110,-110
2026-09-07,NFL,45203f985f8d1567ad19b0617dd267f8,2026-12-13T18:00:00Z,2026-09-07T19:24:25Z,,"Mon, 07 Sep 2026 19:24:25 GMT",2026-09-07T19:24:02Z,Philadelphia Eagles,Indianapolis Colts,draftkings,-245,200,-5.5,-110,5.5,-110,46.5,-110,-110
2026-09-07,NFL,484c491dc1dee090d740ba077b7d9709,2026-12-13T21:05:00Z,2026-09-07T19:24:25Z,,"Mon, 07 Sep 2026 19:24:25 GMT",2026-09-07T19:24:02Z,Las Vegas Raiders,Los Angeles Chargers,draftkings,190,-230,5.5,-110,-5.5,-110,43.5,-110,-110
2026-09-07,NFL,180b5fa7ea6bd0d2d9ddb9ba5ee38cc0,2026-12-13T21:25:00Z,2026-09-07T19:24:25Z,,"Mon, 07 Sep 2026 19:24:25 GMT",2026-09-07T19:24:02Z,Cincinnati Bengals,Kansas City Chiefs,draftkings,-125,105,-1.5,-110,1.5,-110,48.5,-110,-110
2026-09-07,NFL,6174916c7e2df8d1b80a88cfbd259d44,2026-12-13T21:25:00Z,2026-09-07T19:24:25Z,,"Mon, 07 Sep 2026 19:24:25 GMT",2026-09-07T19:24:02Z,San Francisco 49ers,Los Angeles Rams,draftkings,110,-130,2.5,-115,-2.5,-105,49.5,-110,-110
2026-09-07,NFL,f5ab9d8455daf9e2a6c4c443fe0cd19f,2026-12-13T21:25:00Z,2026-09-07T19:24:25Z,,"Mon, 07 Sep 2026 19:24:25 GMT",2026-09-07T19:24:02Z,Seattle Seahawks,New York Giants,draftkings,-375,295,-7.5,-110,7.5,-110,45.5,-110,-110
2026-09-07,NFL,c4877c048defcb80e0ab37c0688f37f6,2026-12-14T01:20:00Z,2026-09-07T19:24:25Z,,"Mon, 07 Sep 2026 19:24:25 GMT",2026-09-07T19:24:02Z,Green Bay Packers,Buffalo Bills,draftkings,-125,105,-1.5,-110,1.5,-110,49.5,-110,-110
2026-09-07,NFL,690e2ee2ed5f0875f7cbaecdc51373f5,2026-12-15T01:15:00Z,2026-09-07T19:24:25Z,,"Mon, 07 Sep 2026 19:24:25 GMT",2026-09-07T19:24:02Z,Jacksonville Jaguars,Pittsburgh Steelers,draftkings,-162,136,-3.0,-110,3.0,-110,44.5,-110,-110
2026-09-07,NFL,790af233087803c297861901ffa271d7,2026-12-18T01:15:00Z,2026-09-07T19:24:25Z,,"Mon, 07 Sep 2026 19:24:25 GMT",2026-09-07T19:24:02Z,Los Angeles Chargers,San Francisco 49ers,draftkings,-142,120,-2.5,-110,2.5,-110,47.5,-110,-110
2026-09-07,NFL,171aba127aaad3dcbe32a02fc194eb32,2026-12-19T22:00:00Z,2026-09-07T19:24:25Z,,"Mon, 07 Sep 2026 19:24:25 GMT",2026-09-07T19:24:02Z,Philadelphia Eagles,Seattle Seahawks,draftkings,-125,105,-1.5,-110,1.5,-110,43.5,-110,-110
2026-09-07,NFL,784568b1df055bf7eb8780c110d5e910,2026-12-20T01:20:00Z,2026-09-07T19:24:25Z,,"Mon, 07 Sep 2026 19:24:25 GMT",2026-09-07T19:24:02Z,Buffalo Bills,Chicago Bears,draftkings,-185,154,-3.5,-110,3.5,-110,51.5,-110,-110
2026-09-07,NFL,5931eee49f5f2656a5344e1388a68816,2026-12-20T18:00:00Z,2026-09-07T19:24:25Z,,"Mon, 07 Sep 2026 19:24:25 GMT",2026-09-07T19:24:02Z,Washington Commanders,Atlanta Falcons,draftkings,-185,154,-3.5,-110,3.5,-110,46.5,-110,-110
2026-09-07,NFL,2f4b1899c1c278947920e0254b682d90,2026-12-20T18:00:00Z,2026-09-07T19:24:25Z,,"Mon, 07 Sep 2026 19:24:25 GMT",2026-09-07T19:24:02Z,Pittsburgh Steelers,Baltimore Ravens,draftkings,124,-148,2.5,100,-2.5,-120,46.5,-110,-110
2026-09-07,NFL,000fc688beb4fc004ecdad115d9adb1c,2026-12-20T18:00:00Z,2026-09-07T19:24:25Z,,"Mon, 07 Sep 2026 19:24:25 GMT",2026-09-07T19:24:02Z,Carolina Panthers,Cincinnati Bengals,draftkings,124,-148,2.5,100,-2.5,-120,47.5,-110,-110
2026-09-07,NFL,1cb23c83ae4af84cffcdae6b31d06e83,2026-12-20T18:00:00Z,2026-09-07T19:24:25Z,,"Mon, 07 Sep 2026 19:24:25 GMT",2026-09-07T19:24:02Z,New York Giants,Cleveland Browns,draftkings,-218,180,-4.5,-110,4.5,-110,40.5,-110,-110
2026-09-07,NFL,99719df35bc2efdcc72096f865ed8841,2026-12-20T18:00:00Z,2026-09-07T19:24:25Z,,"Mon, 07 Sep 2026 19:24:25 GMT",2026-09-07T19:24:02Z,Green Bay Packers,Miami Dolphins,draftkings,-650,470,-10.5,-110,10.5,-110,45.5,-110,-110
2026-09-07,NFL,29211b6e78461220a2833184233f70e5,2026-12-20T18:00:00Z,2026-09-07T19:24:25Z,,"Mon, 07 Sep 2026 19:24:25 GMT",2026-09-07T19:24:02Z,Houston Texans,Jacksonville Jaguars,draftkings,-155,130,-3.0,-110,3.0,-110,43.5,-110,-110
2026-09-07,NFL,3b696c07ff6a1ef461d023a73db17584,2026-12-20T18:00:00Z,2026-09-07T19:24:25Z,,"Mon, 07 Sep 2026 19:24:25 GMT",2026-09-07T19:24:02Z,Tennessee Titans,Indianapolis Colts,draftkings,105,-125,1.5,-110,-1.5,-110,47.5,-110,-110
2026-09-07,NFL,e15a91cebf3480ff0b93b4fbacb09797,2026-12-20T18:00:00Z,2026-09-07T19:24:25Z,,"Mon, 07 Sep 2026 19:24:25 GMT",2026-09-07T19:24:02Z,Tampa Bay Buccaneers,New Orleans Saints,draftkings,-198,164,-3.5,-110,3.5,-110,45.5,-110,-110
2026-09-07,NFL,d8cd12e7684fa2aa39f5b188ef6e62e0,2026-12-20T21:05:00Z,2026-09-07T19:24:25Z,,"Mon, 07 Sep 2026 19:24:25 GMT",2026-09-07T19:24:02Z,Arizona Cardinals,New York Jets,draftkings,-110,-110,1.5,-122,-1.5,102,41.5,-110,-110
2026-09-07,NFL,77396e9d565860fbfd05779028223a8a,2026-12-20T21:25:00Z,2026-09-07T19:24:25Z,,"Mon, 07 Sep 2026 19:24:25 GMT",2026-09-07T19:24:02Z,Los Angeles Rams,Dallas Cowboys,draftkings,-245,200,-6.0,-110,6.0,-110,52.5,-110,-110
2026-09-07,NFL,9f507007b9c0a7082c1471a5fa841336,2026-12-20T21:25:00Z,2026-09-07T19:24:25Z,,"Mon, 07 Sep 2026 19:24:25 GMT",2026-09-07T19:24:02Z,Las Vegas Raiders,Denver Broncos,draftkings,170,-205,4.5,-110,-4.5,-110,41.5,-110,-110
2026-09-07,NFL,b34897a0368d570291d44e176c0c2331,2026-12-21T01:20:00Z,2026-09-07T19:24:25Z,,"Mon, 07 Sep 2026 19:24:25 GMT",2026-09-07T19:24:02Z,Minnesota Vikings,Detroit Lions,draftkings,105,-125,1.5,-110,-1.5,-110,46.5,-110,-110
2026-09-07,NFL,b2759105c27a25289ea1938f290c50fd,2026-12-22T01:15:00Z,2026-09-07T19:24:25Z,,"Mon, 07 Sep 2026 19:24:25 GMT",2026-09-07T19:24:02Z,Kansas City Chiefs,New England Patriots,draftkings,-142,120,-2.5,-110,2.5,-110,45.5,-110,-110
2026-09-07,NFL,3f226ec5402c6ec4d84a59be80c2fa67,2026-12-25T01:15:00Z,2026-09-07T19:24:25Z,,"Mon, 07 Sep 2026 19:24:25 GMT",2026-09-07T19:24:02Z,Philadelphia Eagles,Houston Texans,draftkings,-135,114,-2.5,-108,2.5,-112,37.5,-110,-110
2026-09-07,NFL,3f226ec5402c6ec4d84a59be80c2fa67,2026-12-25T01:15:00Z,2026-09-07T19:24:25Z,,"Mon, 07 Sep 2026 19:24:25 GMT",2026-09-07T19:24:01Z,Philadelphia Eagles,Houston Texans,fanduel,-132,112,-2.5,-105,2.5,-115,38.5,-104,-118
2026-09-07,NFL,2828c07018dfafbe96aba205809cc7ac,2026-12-25T18:00:00Z,2026-09-07T19:24:25Z,,"Mon, 07 Sep 2026 19:24:25 GMT",2026-09-07T19:24:02Z,Chicago Bears,Green Bay Packers,draftkings,-118,-102,-1.5,-105,1.5,-115,47.5,-110,-110
2026-09-07,NFL,2828c07018dfafbe96aba205809cc7ac,2026-12-25T18:00:00Z,2026-09-07T19:24:25Z,,"Mon, 07 Sep 2026 19:24:25 GMT",2026-09-07T19:24:01Z,Chicago Bears,Green Bay Packers,fanduel,-118,100,-1.5,-105,1.5,-115,47.5,-115,-105
2026-09-07,NFL,126f27c71e8130ef87de0d137e833d9b,2026-12-25T21:30:00Z,2026-09-07T19:24:25Z,,"Mon, 07 Sep 2026 19:24:25 GMT",2026-09-07T19:24:02Z,Denver Broncos,Buffalo Bills,draftkings,110,-130,1.5,-105,-1.5,-115,46.5,-110,-110
2026-09-07,NFL,126f27c71e8130ef87de0d137e833d9b,2026-12-25T21:30:00Z,2026-09-07T19:24:25Z,,"Mon, 07 Sep 2026 19:24:25 GMT",2026-09-07T19:24:01Z,Denver Broncos,Buffalo Bills,fanduel,112,-132,1.5,-105,-1.5,-115,46.5,-115,-105
2026-09-07,NFL,f1af9705dbd2bbe4f1555f080ad06ba2,2026-12-26T01:15:00Z,2026-09-07T19:24:25Z,,"Mon, 07 Sep 2026 19:24:25 GMT",2026-09-07T19:24:02Z,Seattle Seahawks,Los Angeles Rams,draftkings,-130,110,-1.5,-115,1.5,-105,47.5,-110,-110
2026-09-07,NFL,f1af9705dbd2bbe4f1555f080ad06ba2,2026-12-26T01:15:00Z,2026-09-07T19:24:25Z,,"Mon, 07 Sep 2026 19:24:25 GMT",2026-09-07T19:24:01Z,Seattle Seahawks,Los Angeles Rams,fanduel,100,-118,1.5,-115,-1.5,-105,45.5,-110,-110
2026-09-07,NFL,8fd00347b6d77ce384d83cba814430d7,2026-12-27T18:00:00Z,2026-09-07T19:24:25Z,,"Mon, 07 Sep 2026 19:24:25 GMT",2026-09-07T19:24:02Z,New Orleans Saints,Arizona Cardinals,draftkings,-250,205,-5.5,-110,5.5,-110,44.5,-110,-110
2026-09-07,NFL,bd13d00f06ad222b0a1b6ea4d0add763,2026-12-27T18:00:00Z,2026-09-07T19:24:25Z,,"Mon, 07 Sep 2026 19:24:25 GMT",2026-09-07T19:24:02Z,Atlanta Falcons,Tampa Bay Buccaneers,draftkings,105,-125,1.5,-110,-1.5,-110,45.5,-110,-110
2026-09-07,NFL,0f23afce92c2f0af28973c0a7533763e,2026-12-27T18:00:00Z,2026-09-07T19:24:25Z,,"Mon, 07 Sep 2026 19:24:25 GMT",2026-09-07T19:24:02Z,Baltimore Ravens,Cleveland Browns,draftkings,-425,330,-10.0,-110,10.0,-110,43.5,-110,-110
2026-09-07,NFL,74cb0e112d069cdbda1671ae85531f43,2026-12-27T18:00:00Z,2026-09-07T19:24:25Z,,"Mon, 07 Sep 2026 19:24:25 GMT",2026-09-07T19:24:02Z,Pittsburgh Steelers,Carolina Panthers,draftkings,-192,160,-3.5,-110,3.5,-110,41.5,-110,-110
2026-09-07,NFL,ca8982dccb6c3ae01525800317287f02,2026-12-27T18:00:00Z,2026-09-07T19:24:25Z,,"Mon, 07 Sep 2026 19:24:25 GMT",2026-09-07T19:24:02Z,Indianapolis Colts,Cincinnati Bengals,draftkings,105,-125,1.5,-110,-1.5,-110,52.5,-110,-110
2026-09-07,NFL,29425f5c68826d615277cf9be2b82e00,2026-12-27T18:00:00Z,2026-09-07T19:24:25Z,,"Mon, 07 Sep 2026 19:24:25 GMT",2026-09-07T19:24:02Z,Las Vegas Raiders,Tennessee Titans,draftkings,-125,105,-1.5,-110,1.5,-110,42.5,-110,-110
2026-09-07,NFL,fe2eb511d4c2da3a8e88b85b4f4e9f7e,2026-12-27T18:00:00Z,2026-09-07T19:24:25Z,,"Mon, 07 Sep 2026 19:24:25 GMT",2026-09-07T19:24:02Z,Miami Dolphins,Los Angeles Chargers,draftkings,285,-360,7.0,-108,-7.0,-112,45.5,-110,-110
2026-09-07,NFL,cf5cefa5556bcd0156bd394171ef6c8e,2026-12-27T18:00:00Z,2026-09-07T19:24:25Z,,"Mon, 07 Sep 2026 19:24:25 GMT",2026-09-07T19:24:02Z,Minnesota Vikings,Washington Commanders,draftkings,-135,114,-2.5,-110,2.5,-110,46.5,-110,-110
2026-09-07,NFL,669a7b568c2a64f9a136dadb0eda1da8,2026-12-27T18:00:00Z,2026-09-07T19:24:25Z,,"Mon, 07 Sep 2026 19:24:25 GMT",2026-09-07T19:24:02Z,New York Jets,New England Patriots,draftkings,225,-278,6.5,-110,-6.5,-110,40.5,-110,-110
2026-09-07,NFL,fc7cce3ae7c73cc7151357829e11b6d5,2026-12-27T21:25:00Z,2026-09-07T19:24:25Z,,"Mon, 07 Sep 2026 19:24:25 GMT",2026-09-07T19:24:02Z,Kansas City Chiefs,San Francisco 49ers,draftkings,-162,136,-3.0,-102,3.0,-118,46.5,-110,-110
2026-09-07,NFL,b1c4ec04c3398a9efa25492000858384,2026-12-28T01:20:00Z,2026-09-07T19:24:25Z,,"Mon, 07 Sep 2026 19:24:25 GMT",2026-09-07T19:24:02Z,Dallas Cowboys,Jacksonville Jaguars,draftkings,-162,136,-3.0,-102,3.0,-118,51.5,-110,-110
2026-09-07,NFL,ca92c191ebf7361ea56f9bbc09a5f51b,2026-12-29T01:15:00Z,2026-09-07T19:24:25Z,,"Mon, 07 Sep 2026 19:24:25 GMT",2026-09-07T19:24:02Z,Detroit Lions,New York Giants,draftkings,-205,170,-4.5,-110,4.5,-110,49.5,-110,-110
2026-09-07,NFL,be268ce293cf4fad1c0c867a3ca4c257,2027-01-01T01:15:00Z,2026-09-07T19:24:25Z,,"Mon, 07 Sep 2026 19:24:25 GMT",2026-09-07T19:24:02Z,Cincinnati Bengals,Baltimore Ravens,draftkings,-135,114,-2.5,-110,2.5,-110,51.5,-110,-110
2026-09-07,NFL,e5dd9cc3fd5452d55c250949e946743d,2027-01-03T18:00:00Z,2026-09-07T19:24:25Z,,"Mon, 07 Sep 2026 19:24:25 GMT",2026-09-07T19:24:02Z,Atlanta Falcons,New Orleans Saints,draftkings,-122,102,-1.5,-110,1.5,-110,44.5,-110,-110
2026-09-07,NFL,d9a186d988a3ede2a33e504f4890fe52,2027-01-03T18:00:00Z,2026-09-07T19:24:25Z,,"Mon, 07 Sep 2026 19:24:25 GMT",2026-09-07T19:24:02Z,Miami Dolphins,Buffalo Bills,draftkings,300,-380,7.5,-110,-7.5,-110,47.5,-110,-110
2026-09-07,NFL,b009f04b4f61b264a5163157c3439dc1,2027-01-03T18:00:00Z,2026-09-07T19:24:25Z,,"Mon, 07 Sep 2026 19:24:25 GMT",2026-09-07T19:24:02Z,Carolina Panthers,Seattle Seahawks,draftkings,200,-245,5.5,-110,-5.5,-110,42.5,-110,-110
2026-09-07,NFL,f2e03f9b857485bb13211ee0f5eb5935,2027-01-03T18:00:00Z,2026-09-07T19:24:25Z,,"Mon, 07 Sep 2026 19:24:25 GMT",2026-09-07T19:24:02Z,Cleveland Browns,Indianapolis Colts,draftkings,114,-135,2.5,-110,-2.5,-110,43.5,-110,-110
2026-09-07,NFL,c8945d476449633912cf51a346ac98ca,2027-01-03T18:00:00Z,2026-09-07T19:24:25Z,,"Mon, 07 Sep 2026 19:24:25 GMT",2026-09-07T19:24:02Z,Dallas Cowboys,New York Giants,draftkings,-218,180,-4.5,-110,4.5,-110,49.5,-110,-110
2026-09-07,NFL,f62dba1e231083f489c391271a1f171c,2027-01-03T18:00:00Z,2026-09-07T19:24:25Z,,"Mon, 07 Sep 2026 19:24:25 GMT",2026-09-07T19:24:02Z,New England Patriots,Denver Broncos,draftkings,-135,114,-2.5,-110,2.5,-110,42.5,-110,-110
2026-09-07,NFL,c96a3e9e40569b4ed5a546dff131c61d,2027-01-03T18:00:00Z,2026-09-07T19:24:25Z,,"Mon, 07 Sep 2026 19:24:25 GMT",2026-09-07T19:24:02Z,Jacksonville Jaguars,Washington Commanders,draftkings,-185,154,-3.5,-110,3.5,-110,48.5,-110,-110
2026-09-07,NFL,419106b9bcc9f7ef39cfc2d1ee9a3f87,2027-01-03T18:00:00Z,2026-09-07T19:24:25Z,,"Mon, 07 Sep 2026 19:24:25 GMT",2026-09-07T19:24:02Z,Tampa Bay Buccaneers,Los Angeles Rams,draftkings,180,-218,4.5,-110,-4.5,-110,48.5,-110,-110
2026-09-07,NFL,bfe51fa0034c9d22a69ffd80e2d717f5,2027-01-03T18:00:00Z,2026-09-07T19:24:25Z,,"Mon, 07 Sep 2026 19:24:25 GMT",2026-09-07T19:24:02Z,New York Jets,Minnesota Vikings,draftkings,154,-185,3.5,-110,-3.5,-110,39.5,-110,-110
2026-09-07,NFL,d0ffa5ed13cbd7610f9176041464404a,2027-01-03T18:00:00Z,2026-09-07T19:24:25Z,,"Mon, 07 Sep 2026 19:24:25 GMT",2026-09-07T19:24:02Z,Tennessee Titans,Pittsburgh Steelers,draftkings,105,-125,1.5,-110,-1.5,-110,42.5,-110,-110
2026-09-07,NFL,08abdb683fcb6d77f66baed136f47283,2027-01-03T21:05:00Z,2026-09-07T19:24:25Z,,"Mon, 07 Sep 2026 19:24:25 GMT",2026-09-07T19:24:02Z,Arizona Cardinals,Las Vegas Raiders,draftkings,110,-130,1.5,-105,-1.5,-115,42.5,-110,-110
2026-09-07,NFL,12089441cea51add4694cdde98b4a5b7,2027-01-03T21:25:00Z,2026-09-07T19:24:25Z,,"Mon, 07 Sep 2026 19:24:25 GMT",2026-09-07T19:24:02Z,Chicago Bears,Detroit Lions,draftkings,-122,102,-1.5,-110,1.5,-110,49.5,-110,-110
2026-09-07,NFL,67d842cb73300ef923959105698b63bb,2027-01-03T21:25:00Z,2026-09-07T19:24:25Z,,"Mon, 07 Sep 2026 19:24:25 GMT",2026-09-07T19:24:02Z,Los Angeles Chargers,Kansas City Chiefs,draftkings,-125,105,-1.5,-110,1.5,-110,45.5,-110,-110
2026-09-07,NFL,e7820b1226edbb1ef1fddce6b20f963d,2027-01-04T01:20:00Z,2026-09-07T19:24:25Z,,"Mon, 07 Sep 2026 19:24:25 GMT",2026-09-07T19:24:02Z,San Francisco 49ers,Philadelphia Eagles,draftkings,-125,105,-1.5,-110,1.5,-110,45.5,-110,-110
2026-09-07,NFL,37bc346543da471e067b695b862ccfe9,2027-01-05T01:15:00Z,2026-09-07T19:24:25Z,,"Mon, 07 Sep 2026 19:24:25 GMT",2026-09-07T19:24:02Z,Green Bay Packers,Houston Texans,draftkings,-135,114,-2.5,-110,2.5,-110,42.5,-110,-110
2026-09-07,NFL,7f809a45bc8baedf0cb0259e7da7cd29,2027-01-10T18:00:00Z,2026-09-07T19:24:25Z,,"Mon, 07 Sep 2026 19:24:25 GMT",2026-09-07T19:24:02Z,Carolina Panthers,Atlanta Falcons,draftkings,-135,114,-2.5,-110,2.5,-110,41.5,-110,-110
2026-09-07,NFL,d7da5587a88a7fc35c36b453d3264d5a,2027-01-10T18:00:00Z,2026-09-07T19:24:25Z,,"Mon, 07 Sep 2026 19:24:25 GMT",2026-09-07T19:24:02Z,Baltimore Ravens,Pittsburgh Steelers,draftkings,-238,195,-5.5,-110,5.5,-110,43.5,-110,-110
2026-09-07,NFL,97cbd9ad26dff1af47192120defe112d,2027-01-10T18:00:00Z,2026-09-07T19:24:25Z,,"Mon, 07 Sep 2026 19:24:25 GMT",2026-09-07T19:24:02Z,Buffalo Bills,New York Jets,draftkings,-470,360,-10.0,-110,10.0,-110,43.5,-110,-110
2026-09-07,NFL,d190fb7ea85c33b96a495041dad22142,2027-01-10T18:00:00Z,2026-09-07T19:24:25Z,,"Mon, 07 Sep 2026 19:24:25 GMT",2026-09-07T19:24:02Z,Minnesota Vikings,Chicago Bears,draftkings,-122,102,-1.5,-110,1.5,-110,43.5,-110,-110
2026-09-07,NFL,8c16104c8afc72b583531508b2aa1c33,2027-01-10T18:00:00Z,2026-09-07T19:24:25Z,,"Mon, 07 Sep 2026 19:24:25 GMT",2026-09-07T19:24:02Z,Cincinnati Bengals,Cleveland Browns,draftkings,-360,285,-7.5,-110,7.5,-110,43.5,-110,-110
2026-09-07,NFL,3f460f14b810d7bf642bdf7b658530c0,2027-01-10T18:00:00Z,2026-09-07T19:24:25Z,,"Mon, 07 Sep 2026 19:24:25 GMT",2026-09-07T19:24:02Z,Washington Commanders,Dallas Cowboys,draftkings,102,-122,1.5,-110,-1.5,-110,49.5,-110,-110
2026-09-07,NFL,71d0d10e384393c1e071c39dd3931c19,2027-01-10T18:00:00Z,2026-09-07T19:24:25Z,,"Mon, 07 Sep 2026 19:24:25 GMT",2026-09-07T19:24:02Z,Denver Broncos,Los Angeles Chargers,draftkings,-122,102,-1.5,-110,1.5,-110,41.5,-110,-110
2026-09-07,NFL,8f81778bbdb984be44e24a3d55a49b4d,2027-01-10T18:00:00Z,2026-09-07T19:24:25Z,,"Mon, 07 Sep 2026 19:24:25 GMT",2026-09-07T19:24:02Z,Green Bay Packers,Detroit Lions,draftkings,-135,114,-2.5,-110,2.5,-110,47.5,-110,-110
2026-09-07,NFL,9bb63096709ba607443c454d2a813b14,2027-01-10T18:00:00Z,2026-09-07T19:24:25Z,,"Mon, 07 Sep 2026 19:24:25 GMT",2026-09-07T19:24:02Z,Houston Texans,Tennessee Titans,draftkings,-298,240,-7.0,-110,7.0,-110,39.5,-110,-110
2026-09-07,NFL,bea47af467e217653bba8d69888e4d95,2027-01-10T18:00:00Z,2026-09-07T19:24:25Z,,"Mon, 07 Sep 2026 19:24:25 GMT",2026-09-07T19:24:02Z,Indianapolis Colts,Jacksonville Jaguars,draftkings,-125,105,-1.5,-110,1.5,-110,46.5,-110,-110
2026-09-07,NFL,bb66a6f02c535c0cd8b9c689a5513687,2027-01-10T18:00:00Z,2026-09-07T19:24:25Z,,"Mon, 07 Sep 2026 19:24:25 GMT",2026-09-07T19:24:02Z,Kansas City Chiefs,Las Vegas Raiders,draftkings,-395,310,-8.5,-110,8.5,-110,40.5,-110,-110
2026-09-07,NFL,f370f9410ef82b37bd15d1719434370b,2027-01-10T18:00:00Z,2026-09-07T19:24:25Z,,"Mon, 07 Sep 2026 19:24:25 GMT",2026-09-07T19:24:02Z,New England Patriots,Miami Dolphins,draftkings,-575,425,-10.5,-110,10.5,-110,42.5,-110,-110
2026-09-07,NFL,7b8ce34c0e173e4ff6ccf8e8caa09113,2027-01-10T18:00:00Z,2026-09-07T19:24:25Z,,"Mon, 07 Sep 2026 19:24:25 GMT",2026-09-07T19:24:02Z,New Orleans Saints,Tampa Bay Buccaneers,draftkings,102,-122,1.5,-110,-1.5,-110,43.5,-110,-110
2026-09-07,NFL,01baed6f9d6482c5d89d37379c7c63c7,2027-01-10T18:00:00Z,2026-09-07T19:24:25Z,,"Mon, 07 Sep 2026 19:24:25 GMT",2026-09-07T19:24:02Z,New York Giants,Philadelphia Eagles,draftkings,130,-155,3.0,-110,-3.0,-110,41.5,-110,-110
2026-09-07,NFL,f1480276ab67dcf60686556ba9336695,2027-01-10T21:05:00Z,2026-09-07T19:24:25Z,,"Mon, 07 Sep 2026 19:24:25 GMT",2026-09-07T19:24:02Z,Arizona Cardinals,San Francisco 49ers,draftkings,320,-410,8.5,-110,-8.5,-110,44.5,-110,-110
2026-09-07,NFL,dc2d9177b48e6f3962dabb1407aba7d3,2027-01-10T21:05:00Z,2026-09-07T19:24:25Z,,"Mon, 07 Sep 2026 19:24:25 GMT",2026-09-07T19:24:02Z,Los Angeles Rams,Seattle Seahawks,draftkings,-155,130,-3.0,-110,3.0,-110,44.5,-110,-110
2026-09-07,CFB,a570687d47661da4982cfd885cdb4a44,2026-09-07T23:30:00Z,2026-09-07T19:24:25Z,,"Mon, 07 Sep 2026 19:24:25 GMT",2026-09-07T19:24:00Z,Florida State Seminoles,SMU Mustangs,draftkings,124,-148,2.5,-102,-2.5,-118,54.5,-118,-102
2026-09-07,CFB,a570687d47661da4982cfd885cdb4a44,2026-09-07T23:30:00Z,2026-09-07T19:24:25Z,,"Mon, 07 Sep 2026 19:24:25 GMT",2026-09-07T19:23:24Z,Florida State Seminoles,SMU Mustangs,betmgm,125,-150,3.0,-112,-3.0,-105,54.5,-112,-105
2026-09-07,CFB,a570687d47661da4982cfd885cdb4a44,2026-09-07T23:30:00Z,2026-09-07T19:24:25Z,,"Mon, 07 Sep 2026 19:24:25 GMT",2026-09-07T19:24:01Z,Florida State Seminoles,SMU Mustangs,fanduel,116,-140,2.5,-105,-2.5,-115,54.5,-110,-110
2026-09-07,CFB,a570687d47661da4982cfd885cdb4a44,2026-09-07T23:30:00Z,2026-09-07T19:24:25Z,,"Mon, 07 Sep 2026 19:24:25 GMT",2026-09-07T19:24:02Z,Florida State Seminoles,SMU Mustangs,betrivers,115,-143,2.5,-110,-2.5,-115,54.5,-113,-110
2026-09-07,CFB,18dec56516beb8daed598bc5c7a6872d,2026-09-11T00:00:00Z,2026-09-07T19:24:25Z,,"Mon, 07 Sep 2026 19:24:25 GMT",2026-09-07T19:24:01Z,Miami Hurricanes,Florida A&M Rattlers,fanduel,,,-53.5,-110,53.5,-110,60.5,-110,-110
2026-09-07,CFB,18dec56516beb8daed598bc5c7a6872d,2026-09-11T00:00:00Z,2026-09-07T19:24:25Z,,"Mon, 07 Sep 2026 19:24:25 GMT",2026-09-07T19:24:02Z,Miami Hurricanes,Florida A&M Rattlers,betrivers,,,-53.5,-113,53.5,-110,60.5,-114,-109
2026-09-07,CFB,340ecb016288a69dfc2227500f14bc46,2026-09-11T23:00:00Z,2026-09-07T19:24:25Z,,"Mon, 07 Sep 2026 19:24:25 GMT",2026-09-07T19:24:01Z,Louisville Cardinals,Villanova Wildcats,fanduel,-10000,2400,-36.5,-110,36.5,-110,56.5,-110,-110
2026-09-07,CFB,b008dac7f2b726219adf07d9857e2c66,2026-09-11T23:00:00Z,2026-09-07T19:24:25Z,,"Mon, 07 Sep 2026 19:24:25 GMT",2026-09-07T19:24:01Z,NC State Wolfpack,Richmond Spiders,fanduel,-10000,3000,-30.5,-110,30.5,-110,49.5,-110,-110
2026-09-07,CFB,b008dac7f2b726219adf07d9857e2c66,2026-09-11T23:00:00Z,2026-09-07T19:24:25Z,,"Mon, 07 Sep 2026 19:24:25 GMT",2026-09-07T19:24:02Z,NC State Wolfpack,Richmond Spiders,betrivers,,,-30.5,-114,30.5,-109,49.5,-113,-110
2026-09-07,CFB,d70ad98172b9cd2090eb75ff32866e04,2026-09-11T23:00:00Z,2026-09-07T19:24:25Z,,"Mon, 07 Sep 2026 19:24:25 GMT",2026-09-07T19:24:01Z,Virginia Cavaliers,Norfolk State Spartans,fanduel,,,-43.5,-114,43.5,-106,54.5,-110,-110
2026-09-07,CFB,db698f29983406d35dea606edfdc5922,2026-09-11T23:30:00Z,2026-09-07T19:24:25Z,,"Mon, 07 Sep 2026 19:24:25 GMT",2026-09-07T19:24:01Z,Boston College Eagles,Rutgers Scarlet Knights,fanduel,-178,146,-3.5,-110,3.5,-110,54.5,-110,-110
2026-09-07,CFB,db698f29983406d35dea606edfdc5922,2026-09-11T23:30:00Z,2026-09-07T19:24:25Z,,"Mon, 07 Sep 2026 19:24:25 GMT",2026-09-07T19:24:00Z,Boston College Eagles,Rutgers Scarlet Knights,draftkings,-175,145,-3.5,-105,3.5,-115,54.5,-108,-112
2026-09-07,CFB,db698f29983406d35dea606edfdc5922,2026-09-11T23:30:00Z,2026-09-07T19:24:25Z,,"Mon, 07 Sep 2026 19:24:25 GMT",2026-09-07T19:24:02Z,Boston College Eagles,Rutgers Scarlet Knights,betrivers,-182,143,-3.5,-113,3.5,-110,54.5,-113,-110
2026-09-07,CFB,db698f29983406d35dea606edfdc5922,2026-09-11T23:30:00Z,2026-09-07T19:24:25Z,,"Mon, 07 Sep 2026 19:24:25 GMT",2026-09-07T19:23:24Z,Boston College Eagles,Rutgers Scarlet Knights,betmgm,-175,145,-3.5,-108,3.5,-110,54.5,-108,-112
2026-09-07,CFB,912c15dcb8dd09eacabdcb80673d9d72,2026-09-12T00:00:00Z,2026-09-07T19:24:25Z,,"Mon, 07 Sep 2026 19:24:25 GMT",2026-09-07T19:24:01Z,Kansas Jayhawks,Missouri Tigers,fanduel,184,-225,5.5,-110,-5.5,-110,49.5,-114,-106
2026-09-07,CFB,912c15dcb8dd09eacabdcb80673d9d72,2026-09-12T00:00:00Z,2026-09-07T19:24:25Z,,"Mon, 07 Sep 2026 19:24:25 GMT",2026-09-07T19:24:00Z,Kansas Jayhawks,Missouri Tigers,draftkings,180,-218,5.5,-112,-5.5,-108,50.5,-110,-110
2026-09-07,CFB,912c15dcb8dd09eacabdcb80673d9d72,2026-09-12T00:00:00Z,2026-09-07T19:24:25Z,,"Mon, 07 Sep 2026 19:24:25 GMT",2026-09-07T19:24:02Z,Kansas Jayhawks,Missouri Tigers,betrivers,170,-220,5.5,-113,-5.5,-110,51.0,-108,-115
2026-09-07,CFB,912c15dcb8dd09eacabdcb80673d9d72,2026-09-12T00:00:00Z,2026-09-07T19:24:25Z,,"Mon, 07 Sep 2026 19:24:25 GMT",2026-09-07T19:23:24Z,Kansas Jayhawks,Missouri Tigers,betmgm,180,-220,5.5,-110,-5.5,-108,50.5,-108,-110
2026-09-07,CFB,6dbd3546b178b91878131862fd719e1e,2026-09-12T16:00:00Z,2026-09-07T19:24:25Z,,"Mon, 07 Sep 2026 19:24:25 GMT",2026-09-07T19:24:01Z,East Carolina Pirates,Appalachian State Mountaineers,fanduel,-320,255,-8.5,-110,8.5,-110,56.5,-108,-112
2026-09-07,CFB,6dbd3546b178b91878131862fd719e1e,2026-09-12T16:00:00Z,2026-09-07T19:24:25Z,,"Mon, 07 Sep 2026 19:24:25 GMT",2026-09-07T19:24:00Z,East Carolina Pirates,Appalachian State Mountaineers,draftkings,-325,260,-8.5,-105,8.5,-115,56.5,-108,-112
2026-09-07,CFB,6dbd3546b178b91878131862fd719e1e,2026-09-12T16:00:00Z,2026-09-07T19:24:25Z,,"Mon, 07 Sep 2026 19:24:25 GMT",2026-09-07T19:24:02Z,East Carolina Pirates,Appalachian State Mountaineers,betrivers,-335,255,-8.0,-110,8.0,-113,56.0,-113,-110
2026-09-07,CFB,6dbd3546b178b91878131862fd719e1e,2026-09-12T16:00:00Z,2026-09-07T19:24:25Z,,"Mon, 07 Sep 2026 19:24:25 GMT",2026-09-07T19:23:24Z,East Carolina Pirates,Appalachian State Mountaineers,betmgm,-325,260,-8.0,-110,8.0,-108,56.5,-108,-110
2026-09-07,CFB,cad3845e3f9f9e746c4bbf45487eed02,2026-09-12T16:00:00Z,2026-09-07T19:24:25Z,,"Mon, 07 Sep 2026 19:24:25 GMT",2026-09-07T19:24:00Z,Texas A&M Aggies,Arizona State Sun Devils,draftkings,-625,455,-14.5,-105,14.5,-115,51.5,-112,-108
2026-09-07,CFB,cad3845e3f9f9e746c4bbf45487eed02,2026-09-12T16:00:00Z,2026-09-07T19:24:25Z,,"Mon, 07 Sep 2026 19:24:25 GMT",2026-09-07T19:24:02Z,Texas A&M Aggies,Arizona State Sun Devils,betrivers,-835,500,-14.5,-108,14.5,-115,51.5,-112,-112
2026-09-07,CFB,cad3845e3f9f9e746c4bbf45487eed02,2026-09-12T16:00:00Z,2026-09-07T19:24:25Z,,"Mon, 07 Sep 2026 19:24:25 GMT",2026-09-07T19:24:01Z,Texas A&M Aggies,Arizona State Sun Devils,fanduel,-690,480,-14.5,-106,14.5,-114,51.5,-114,-106
2026-09-07,CFB,cad3845e3f9f9e746c4bbf45487eed02,2026-09-12T16:00:00Z,2026-09-07T19:24:25Z,,"Mon, 07 Sep 2026 19:24:25 GMT",2026-09-07T19:23:24Z,Texas A&M Aggies,Arizona State Sun Devils,betmgm,-625,475,-14.0,-112,14.0,-105,51.5,-110,-108
2026-09-07,CFB,a7c7e0143d5131ee3e2d78f356f0089d,2026-09-12T16:00:00Z,2026-09-07T19:24:25Z,,"Mon, 07 Sep 2026 19:24:25 GMT",2026-09-07T19:24:01Z,Army Black Knights,South Florida Bulls,fanduel,-160,132,-3.5,-105,3.5,-115,48.5,-110,-110
2026-09-07,CFB,a7c7e0143d5131ee3e2d78f356f0089d,2026-09-12T16:00:00Z,2026-09-07T19:24:25Z,,"Mon, 07 Sep 2026 19:24:25 GMT",2026-09-07T19:24:00Z,Army Black Knights,South Florida Bulls,draftkings,-185,154,-3.5,-110,3.5,-110,48.5,-105,-115
2026-09-07,CFB,a7c7e0143d5131ee3e2d78f356f0089d,2026-09-12T16:00:00Z,2026-09-07T19:24:25Z,,"Mon, 07 Sep 2026 19:24:25 GMT",2026-09-07T19:24:02Z,Army Black Knights,South Florida Bulls,betrivers,-180,143,-3.5,-113,3.5,-110,48.5,-113,-110
2026-09-07,CFB,a7c7e0143d5131ee3e2d78f356f0089d,2026-09-12T16:00:00Z,2026-09-07T19:24:25Z,,"Mon, 07 Sep 2026 19:24:25 GMT",2026-09-07T19:23:24Z,Army Black Knights,South Florida Bulls,betmgm,-175,145,-3.5,-110,3.5,-108,48.5,-105,-112
2026-09-07,CFB,287a959c0717526161988214cb4e01ce,2026-09-12T16:00:00Z,2026-09-07T19:24:25Z,,"Mon, 07 Sep 2026 19:24:25 GMT",2026-09-07T19:24:01Z,North Carolina Tar Heels,East Tennessee State Buccaneers,fanduel,-20000,4000,-35.5,-104,35.5,-118,51.5,-110,-110
2026-09-07,CFB,287a959c0717526161988214cb4e01ce,2026-09-12T16:00:00Z,2026-09-07T19:24:25Z,,"Mon, 07 Sep 2026 19:24:25 GMT",2026-09-07T19:24:02Z,North Carolina Tar Heels,East Tennessee State Buccaneers,betrivers,,,-35.5,-110,35.5,-113,51.5,-113,-110
2026-09-07,CFB,a50cf094d107e92ff579fba17969676c,2026-09-12T16:00:00Z,2026-09-07T19:24:25Z,,"Mon, 07 Sep 2026 19:24:25 GMT",2026-09-07T19:24:02Z,Indiana Hoosiers,Howard Bison,fanduel,,,-55.5,-110,55.5,-110,64.5,-110,-110
2026-09-07,CFB,3b3054849b678fcfa0b6a5a9994557bf,2026-09-12T16:00:00Z,2026-09-07T19:24:25Z,,"Mon, 07 Sep 2026 19:24:25 GMT",2026-09-07T19:24:01Z,Kansas State Wildcats,Washington State Cougars,fanduel,-1250,740,-17.5,-115,17.5,-105,50.5,-110,-110
2026-09-07,CFB,3b3054849b678fcfa0b6a5a9994557bf,2026-09-12T16:00:00Z,2026-09-07T19:24:25Z,,"Mon, 07 Sep 2026 19:24:25 GMT",2026-09-07T19:24:00Z,Kansas State Wildcats,Washington State Cougars,draftkings,-1050,675,-17.5,-112,17.5,-108,49.5,-115,-105
2026-09-07,CFB,3b3054849b678fcfa0b6a5a9994557bf,2026-09-12T16:00:00Z,2026-09-07T19:24:25Z,,"Mon, 07 Sep 2026 19:24:25 GMT",2026-09-07T19:23:24Z,Kansas State Wildcats,Washington State Cougars,betmgm,-1000,700,-17.5,-110,17.5,-110,49.5,-110,-108
2026-09-07,CFB,3b3054849b678fcfa0b6a5a9994557bf,2026-09-12T16:00:00Z,2026-09-07T19:24:25Z,,"Mon, 07 Sep 2026 19:24:25 GMT",2026-09-07T19:24:02Z,Kansas State Wildcats,Washington State Cougars,betrivers,-1667,750,-18.0,-113,18.0,-110,50.0,-109,-114
2026-09-07,CFB,f84668c3813a8bed98f8cf0bc3c31a00,2026-09-12T16:00:00Z,2026-09-07T19:24:25Z,,"Mon, 07 Sep 2026 19:24:25 GMT",2026-09-07T19:24:01Z,Kent State Golden Flashes,Wofford Terriers,fanduel,-650,460,-13.5,-108,13.5,-112,46.5,-110,-110
2026-09-07,CFB,f84668c3813a8bed98f8cf0bc3c31a00,2026-09-12T16:00:00Z,2026-09-07T19:24:25Z,,"Mon, 07 Sep 2026 19:24:25 GMT",2026-09-07T19:24:02Z,Kent State Golden Flashes,Wofford Terriers,betrivers,-835,525,-14.5,-113,14.5,-110,46.5,-113,-110
2026-09-07,CFB,b38f4f63351c15767e64a76a73589574,2026-09-12T16:00:00Z,2026-09-07T19:24:25Z,,"Mon, 07 Sep 2026 19:24:25 GMT",2026-09-07T19:24:01Z,Michigan Wolverines,Oklahoma Sooners,fanduel,190,-235,5.5,-105,-5.5,-115,43.5,-110,-110
2026-09-07,CFB,b38f4f63351c15767e64a76a73589574,2026-09-12T16:00:00Z,2026-09-07T19:24:25Z,,"Mon, 07 Sep 2026 19:24:25 GMT",2026-09-07T19:23:24Z,Michigan Wolverines,Oklahoma Sooners,betmgm,185,-225,5.5,-108,-5.5,-110,43.5,-112,-105
2026-09-07,CFB,b38f4f63351c15767e64a76a73589574,2026-09-12T16:00:00Z,2026-09-07T19:24:25Z,,"Mon, 07 Sep 2026 19:24:25 GMT",2026-09-07T19:24:02Z,Michigan Wolverines,Oklahoma Sooners,betrivers,165,-215,5.0,-109,-5.0,-114,43.5,-109,-114
2026-09-07,CFB,b38f4f63351c15767e64a76a73589574,2026-09-12T16:00:00Z,2026-09-07T19:24:25Z,,"Mon, 07 Sep 2026 19:24:25 GMT",2026-09-07T19:24:00Z,Michigan Wolverines,Oklahoma Sooners,draftkings,180,-218,5.5,-112,-5.5,-108,43.5,-112,-108
2026-09-07,CFB,d652c7bc0594f13ef0a2a04e31ef5666,2026-09-12T16:00:00Z,2026-09-07T19:24:25Z,,"Mon, 07 Sep 2026 19:24:25 GMT",2026-09-07T19:24:01Z,Oklahoma State Cowboys,Oregon Ducks,fanduel,1160,-2800,22.5,-108,-22.5,-112,57.5,-110,-110
2026-09-07,CFB,d652c7bc0594f13ef0a2a04e31ef5666,2026-09-12T16:00:00Z,2026-09-07T19:24:25Z,,"Mon, 07 Sep 2026 19:24:25 GMT",2026-09-07T19:24:00Z,Oklahoma State Cowboys,Oregon Ducks,draftkings,1100,-2100,22.5,-108,-22.5,-112,57.5,-110,-110
2026-09-07,CFB,d652c7bc0594f13ef0a2a04e31ef5666,2026-09-12T16:00:00Z,2026-09-07T19:24:25Z,,"Mon, 07 Sep 2026 19:24:25 GMT",2026-09-07T19:24:02Z,Oklahoma State Cowboys,Oregon Ducks,betrivers,1050,-3335,23.0,-113,-23.0,-110,57.5,-112,-112
2026-09-07,CFB,d652c7bc0594f13ef0a2a04e31ef5666,2026-09-12T16:00:00Z,2026-09-07T19:24:25Z,,"Mon, 07 Sep 2026 19:24:25 GMT",2026-09-07T19:23:24Z,Oklahoma State Cowboys,Oregon Ducks,betmgm,1200,-2000,22.5,-110,-22.5,-108,57.5,-108,-110
2026-09-07,CFB,cdbde17fe5ba072172683681026c6312,2026-09-12T16:00:00Z,2026-09-07T19:24:25Z,,"Mon, 07 Sep 2026 19:24:25 GMT",2026-09-07T19:24:00Z,Virginia Tech Hokies,Old Dominion Monarchs,draftkings,-1200,750,-18.5,-108,18.5,-112,51.5,-102,-118
2026-09-07,CFB,cdbde17fe5ba072172683681026c6312,2026-09-12T16:00:00Z,2026-09-07T19:24:25Z,,"Mon, 07 Sep 2026 19:24:25 GMT",2026-09-07T19:24:01Z,Virginia Tech Hokies,Old Dominion Monarchs,fanduel,-1100,680,-18.5,-112,18.5,-108,50.5,-108,-112
2026-09-07,CFB,cdbde17fe5ba072172683681026c6312,2026-09-12T16:00:00Z,2026-09-07T19:24:25Z,,"Mon, 07 Sep 2026 19:24:25 GMT",2026-09-07T19:23:24Z,Virginia Tech Hokies,Old Dominion Monarchs,betmgm,-1000,700,-18.5,-108,18.5,-110,50.5,-115,-105
2026-09-07,CFB,cdbde17fe5ba072172683681026c6312,2026-09-12T16:00:00Z,2026-09-07T19:24:25Z,,"Mon, 07 Sep 2026 19:24:25 GMT",2026-09-07T19:24:02Z,Virginia Tech Hokies,Old Dominion Monarchs,betrivers,-1115,650,-17.5,-113,17.5,-110,50.5,-112,-112
2026-09-07,CFB,eee54863c6c50d585de1919f1fca51e5,2026-09-12T16:00:00Z,2026-09-07T19:24:25Z,,"Mon, 07 Sep 2026 19:24:25 GMT",2026-09-07T19:24:01Z,Temple Owls,Penn State Nittany Lions,fanduel,1400,-4000,23.5,-105,-23.5,-115,49.5,-106,-114
2026-09-07,CFB,eee54863c6c50d585de1919f1fca51e5,2026-09-12T16:00:00Z,2026-09-07T19:24:25Z,,"Mon, 07 Sep 2026 19:24:25 GMT",2026-09-07T19:24:00Z,Temple Owls,Penn State Nittany Lions,draftkings,1300,-2800,23.5,-110,-23.5,-110,49.5,-115,-105
2026-09-07,CFB,eee54863c6c50d585de1919f1fca51e5,2026-09-12T16:00:00Z,2026-09-07T19:24:25Z,,"Mon, 07 Sep 2026 19:24:25 GMT",2026-09-07T19:23:24Z,Temple Owls,Penn State Nittany Lions,betmgm,1350,-2500,23.5,-108,-23.5,-110,49.5,-110,-108
2026-09-07,CFB,eee54863c6c50d585de1919f1fca51e5,2026-09-12T16:00:00Z,2026-09-07T19:24:25Z,,"Mon, 07 Sep 2026 19:24:25 GMT",2026-09-07T19:24:02Z,Temple Owls,Penn State Nittany Lions,betrivers,1400,-5000,23.5,-112,-23.5,-112,49.5,-114,-109
2026-09-07,CFB,5a8d98c3147d18b683d90a536e76eb64,2026-09-12T16:00:00Z,2026-09-07T19:24:25Z,,"Mon, 07 Sep 2026 19:24:25 GMT",2026-09-07T19:24:01Z,Purdue Boilermakers,Wake Forest Demon Deacons,fanduel,158,-192,3.5,-106,-3.5,-114,49.5,-114,-106
2026-09-07,CFB,5a8d98c3147d18b683d90a536e76eb64,2026-09-12T16:00:00Z,2026-09-07T19:24:25Z,,"Mon, 07 Sep 2026 19:24:25 GMT",2026-09-07T19:24:00Z,Purdue Boilermakers,Wake Forest Demon Deacons,draftkings,154,-185,4.0,-110,-4.0,-110,49.5,-112,-108
2026-09-07,CFB,5a8d98c3147d18b683d90a536e76eb64,2026-09-12T16:00:00Z,2026-09-07T19:24:25Z,,"Mon, 07 Sep 2026 19:24:25 GMT",2026-09-07T19:24:02Z,Purdue Boilermakers,Wake Forest Demon Deacons,betrivers,150,-190,4.0,-112,-4.0,-110,49.5,-110,-113
2026-09-07,CFB,5a8d98c3147d18b683d90a536e76eb64,2026-09-12T16:00:00Z,2026-09-07T19:24:25Z,,"Mon, 07 Sep 2026 19:24:25 GMT",2026-09-07T19:23:24Z,Purdue Boilermakers,Wake Forest Demon Deacons,betmgm,155,-190,4.0,-110,-4.0,-108,49.5,-110,-108
2026-09-07,CFB,43ee6255542faa05e9b9853cb1c6289e,2026-09-12T16:45:00Z,2026-09-07T19:24:25Z,,"Mon, 07 Sep 2026 19:24:25 GMT",2026-09-07T19:24:00Z,Georgia Bulldogs,Western Kentucky Hilltoppers,draftkings,,,-40.5,-112,40.5,-108,54.5,-108,-112
2026-09-07,CFB,43ee6255542faa05e9b9853cb1c6289e,2026-09-12T16:45:00Z,2026-09-07T19:24:25Z,,"Mon, 07 Sep 2026 19:24:25 GMT",2026-09-07T19:24:02Z,Georgia Bulldogs,Western Kentucky Hilltoppers,betrivers,,,-40.5,-110,40.5,-113,54.5,-114,-109
2026-09-07,CFB,43ee6255542faa05e9b9853cb1c6289e,2026-09-12T16:45:00Z,2026-09-07T19:24:25Z,,"Mon, 07 Sep 2026 19:24:25 GMT",2026-09-07T19:23:24Z,Georgia Bulldogs,Western Kentucky Hilltoppers,betmgm,,,-40.5,-110,40.5,-108,54.5,-115,-105
2026-09-07,CFB,43ee6255542faa05e9b9853cb1c6289e,2026-09-12T16:45:00Z,2026-09-07T19:24:25Z,,"Mon, 07 Sep 2026 19:24:25 GMT",2026-09-07T19:24:02Z,Georgia Bulldogs,Western Kentucky Hilltoppers,fanduel,,,-40.5,-110,40.5,-110,54.5,-110,-110
2026-09-07,CFB,6e373e2da501d8104f2162d0e2ca6e2d,2026-09-12T17:00:00Z,2026-09-07T19:24:25Z,,"Mon, 07 Sep 2026 19:24:25 GMT",2026-09-07T19:24:01Z,Central Michigan Chippewas,Colgate Raiders,fanduel,-3500,1280,-24.5,-110,24.5,-110,50.5,-110,-110
2026-09-07,CFB,6e373e2da501d8104f2162d0e2ca6e2d,2026-09-12T17:00:00Z,2026-09-07T19:24:25Z,,"Mon, 07 Sep 2026 19:24:25 GMT",2026-09-07T19:24:02Z,Central Michigan Chippewas,Colgate Raiders,betrivers,-5000,1300,-26.5,-110,26.5,-113,50.5,-112,-110
2026-09-07,CFB,2a658c30f1df6cbb619b57193bb781a2,2026-09-12T17:00:00Z,2026-09-07T19:24:25Z,,"Mon, 07 Sep 2026 19:24:25 GMT",2026-09-07T19:24:01Z,Miami (OH) RedHawks,Holy Cross Crusaders,fanduel,-10000,2400,-31.5,-110,31.5,-110,51.5,-104,-118
2026-09-07,CFB,2a658c30f1df6cbb619b57193bb781a2,2026-09-12T17:00:00Z,2026-09-07T19:24:25Z,,"Mon, 07 Sep 2026 19:24:25 GMT",2026-09-07T19:24:02Z,Miami (OH) RedHawks,Holy Cross Crusaders,betrivers,,,-33.0,-114,33.0,-109,51.5,-113,-110
2026-09-07,CFB,50ca382289647d24354223aa3512c02f,2026-09-12T18:00:00Z,2026-09-07T19:24:25Z,,"Mon, 07 Sep 2026 19:24:25 GMT",2026-09-07T19:24:01Z,Ball State Cardinals,Stony Brook Seawolves,fanduel,-880,580,-15.5,-110,15.5,-110,56.5,-110,-110
2026-09-07,CFB,50ca382289647d24354223aa3512c02f,2026-09-12T18:00:00Z,2026-09-07T19:24:25Z,,"Mon, 07 Sep 2026 19:24:25 GMT",2026-09-07T19:24:02Z,Ball State Cardinals,Stony Brook Seawolves,betrivers,-910,550,-15.5,-110,15.5,-113,56.5,-114,-109
2026-09-07,CFB,0c68f1ebc9e9f2bc6a8fb51e072e35b9,2026-09-12T19:30:00Z,2026-09-07T19:24:25Z,,"Mon, 07 Sep 2026 19:24:25 GMT",2026-09-07T19:24:01Z,Akron Zips,Robert Morris Colonials,fanduel,-7000,2000,-28.5,-110,28.5,-110,43.5,-110,-110
2026-09-07,CFB,2cb6f8436ba0f1fbcdcd7871a03466d5,2026-09-12T19:30:00Z,2026-09-07T19:24:25Z,,"Mon, 07 Sep 2026 19:24:25 GMT",2026-09-07T19:24:00Z,Kentucky Wildcats,Alabama Crimson Tide,draftkings,320,-410,10.5,-115,-10.5,-105,49.5,-105,-115
2026-09-07,CFB,2cb6f8436ba0f1fbcdcd7871a03466d5,2026-09-12T19:30:00Z,2026-09-07T19:24:25Z,,"Mon, 07 Sep 2026 19:24:25 GMT",2026-09-07T19:24:01Z,Kentucky Wildcats,Alabama Crimson Tide,fanduel,300,-385,10.5,-114,-10.5,-106,49.5,-114,-106
2026-09-07,CFB,2cb6f8436ba0f1fbcdcd7871a03466d5,2026-09-12T19:30:00Z,2026-09-07T19:24:25Z,,"Mon, 07 Sep 2026 19:24:25 GMT",2026-09-07T19:24:02Z,Kentucky Wildcats,Alabama Crimson Tide,betrivers,320,-480,10.5,-115,-10.5,-108,49.0,-112,-112
2026-09-07,CFB,2cb6f8436ba0f1fbcdcd7871a03466d5,2026-09-12T19:30:00Z,2026-09-07T19:24:25Z,,"Mon, 07 Sep 2026 19:24:25 GMT",2026-09-07T19:23:24Z,Kentucky Wildcats,Alabama Crimson Tide,betmgm,320,-400,10.0,-105,-10.0,-112,49.5,-108,-110
2026-09-07,CFB,6e781bfdb712f185fb1be983bc10af15,2026-09-12T19:30:00Z,2026-09-07T19:24:25Z,,"Mon, 07 Sep 2026 19:24:25 GMT",2026-09-07T19:24:00Z,BYU Cougars,Arizona Wildcats,draftkings,-285,230,-7.5,-112,7.5,-108,50.5,-112,-108
2026-09-07,CFB,6e781bfdb712f185fb1be983bc10af15,2026-09-12T19:30:00Z,2026-09-07T19:24:25Z,,"Mon, 07 Sep 2026 19:24:25 GMT",2026-09-07T19:24:01Z,BYU Cougars,Arizona Wildcats,fanduel,-280,225,-7.5,-110,7.5,-110,50.5,-115,-105
2026-09-07,CFB,6e781bfdb712f185fb1be983bc10af15,2026-09-12T19:30:00Z,2026-09-07T19:24:25Z,,"Mon, 07 Sep 2026 19:24:25 GMT",2026-09-07T19:24:02Z,BYU Cougars,Arizona Wildcats,betrivers,-335,240,-8.0,-109,8.0,-114,50.5,-114,-109
2026-09-07,CFB,6e781bfdb712f185fb1be983bc10af15,2026-09-12T19:30:00Z,2026-09-07T19:24:25Z,,"Mon, 07 Sep 2026 19:24:25 GMT",2026-09-07T19:23:24Z,BYU Cougars,Arizona Wildcats,betmgm,-295,240,-7.5,-110,7.5,-108,50.5,-110,-108
2026-09-07,CFB,1427645d6020f742eece986c58bdb29d,2026-09-12T19:30:00Z,2026-09-07T19:24:25Z,,"Mon, 07 Sep 2026 19:24:25 GMT",2026-09-07T19:24:01Z,Syracuse Orange,California Golden Bears,fanduel,-156,130,-3.5,100,3.5,-122,56.5,-108,-112
2026-09-07,CFB,1427645d6020f742eece986c58bdb29d,2026-09-12T19:30:00Z,2026-09-07T19:24:25Z,,"Mon, 07 Sep 2026 19:24:25 GMT",2026-09-07T19:24:00Z,Syracuse Orange,California Golden Bears,draftkings,-166,140,-3.0,-118,3.0,-102,56.5,-110,-110
2026-09-07,CFB,1427645d6020f742eece986c58bdb29d,2026-09-12T19:30:00Z,2026-09-07T19:24:25Z,,"Mon, 07 Sep 2026 19:24:25 GMT",2026-09-07T19:24:02Z,Syracuse Orange,California Golden Bears,betrivers,-167,135,-3.5,-107,3.5,-117,56.5,-112,-112
2026-09-07,CFB,1427645d6020f742eece986c58bdb29d,2026-09-12T19:30:00Z,2026-09-07T19:24:25Z,,"Mon, 07 Sep 2026 19:24:25 GMT",2026-09-07T19:23:24Z,Syracuse Orange,California Golden Bears,betmgm,-165,138,-3.5,-102,3.5,-118,56.5,-110,-108
2026-09-07,CFB,28bb2aa99c25784abd9be51bba32c472,2026-09-12T19:30:00Z,2026-09-07T19:24:25Z,,"Mon, 07 Sep 2026 19:24:25 GMT",2026-09-07T19:24:01Z,Toledo Rockets,Central Connecticut Blue Devils,fanduel,,,-35.5,-110,35.5,-110,56.5,-110,-110
2026-09-07,CFB,28bb2aa99c25784abd9be51bba32c472,2026-09-12T19:30:00Z,2026-09-07T19:24:25Z,,"Mon, 07 Sep 2026 19:24:25 GMT",2026-09-07T19:24:02Z,Toledo Rockets,Central Connecticut Blue Devils,betrivers,,,-35.5,-109,35.5,-114,56.5,-110,-113
2026-09-07,CFB,f33d69b70bdc14e4182a474c2cc29419,2026-09-12T19:30:00Z,2026-09-07T19:24:25Z,,"Mon, 07 Sep 2026 19:24:25 GMT",2026-09-07T19:24:01Z,Colorado Buffaloes,Weber State Wildcats,fanduel,-10000,2500,-34.5,-110,34.5,-110,52.5,-110,-110
2026-09-07,CFB,f33d69b70bdc14e4182a474c2cc29419,2026-09-12T19:30:00Z,2026-09-07T19:24:25Z,,"Mon, 07 Sep 2026 19:24:25 GMT",2026-09-07T19:24:02Z,Colorado Buffaloes,Weber State Wildcats,betrivers,,,-34.0,-114,34.0,-109,52.5,-110,-112
2026-09-07,CFB,52e9b0f6515766724ee70457912bdc18,2026-09-12T19:30:00Z,2026-09-07T19:24:25Z,,"Mon, 07 Sep 2026 19:24:25 GMT",2026-09-07T19:24:00Z,Illinois Fighting Illini,Duke Blue Devils,draftkings,-230,190,-6.0,-112,6.0,-108,53.5,-112,-108
2026-09-07,CFB,52e9b0f6515766724ee70457912bdc18,2026-09-12T19:30:00Z,2026-09-07T19:24:25Z,,"Mon, 07 Sep 2026 19:24:25 GMT",2026-09-07T19:24:01Z,Illinois Fighting Illini,Duke Blue Devils,fanduel,-230,188,-5.5,-115,5.5,-105,53.5,-110,-110
2026-09-07,CFB,52e9b0f6515766724ee70457912bdc18,2026-09-12T19:30:00Z,2026-09-07T19:24:25Z,,"Mon, 07 Sep 2026 19:24:25 GMT",2026-09-07T19:24:02Z,Illinois Fighting Illini,Duke Blue Devils,betrivers,-235,185,-6.0,-113,6.0,-110,53.5,-113,-110
2026-09-07,CFB,52e9b0f6515766724ee70457912bdc18,2026-09-12T19:30:00Z,2026-09-07T19:24:25Z,,"Mon, 07 Sep 2026 19:24:25 GMT",2026-09-07T19:23:24Z,Illinois Fighting Illini,Duke Blue Devils,betmgm,-235,190,-6.5,-102,6.5,-118,53.5,-110,-108
2026-09-07,CFB,db05b8a09b0efd8546a13a2cb5e457fc,2026-09-12T19:30:00Z,2026-09-07T19:24:25Z,,"Mon, 07 Sep 2026 19:24:25 GMT",2026-09-07T19:24:01Z,Michigan State Spartans,Eastern Michigan Eagles,fanduel,-1050,660,-17.5,-106,17.5,-114,50.5,-110,-110
2026-09-07,CFB,db05b8a09b0efd8546a13a2cb5e457fc,2026-09-12T19:30:00Z,2026-09-07T19:24:25Z,,"Mon, 07 Sep 2026 19:24:25 GMT",2026-09-07T19:24:00Z,Michigan State Spartans,Eastern Michigan Eagles,draftkings,-900,600,-17.5,-108,17.5,-112,50.5,-115,-105
2026-09-07,CFB,db05b8a09b0efd8546a13a2cb5e457fc,2026-09-12T19:30:00Z,2026-09-07T19:24:25Z,,"Mon, 07 Sep 2026 19:24:25 GMT",2026-09-07T19:23:24Z,Michigan State Spartans,Eastern Michigan Eagles,betmgm,-900,625,-17.0,-110,17.0,-108,50.5,-112,-105
2026-09-07,CFB,db05b8a09b0efd8546a13a2cb5e457fc,2026-09-12T19:30:00Z,2026-09-07T19:24:25Z,,"Mon, 07 Sep 2026 19:24:25 GMT",2026-09-07T19:24:02Z,Michigan State Spartans,Eastern Michigan Eagles,betrivers,-1115,650,-17.5,-112,17.5,-112,50.0,-114,-109
2026-09-07,CFB,e2280b63997737273801521da2ded119,2026-09-12T19:30:00Z,2026-09-07T19:24:25Z,,"Mon, 07 Sep 2026 19:24:25 GMT",2026-09-07T19:24:01Z,James Madison Dukes,Wagner Seahawks,fanduel,,,-45.5,-110,45.5,-110,54.5,-110,-110
2026-09-07,CFB,70a4d83a64789d57f114b077a570ea27,2026-09-12T19:30:00Z,2026-09-07T19:24:25Z,,"Mon, 07 Sep 2026 19:24:25 GMT",2026-09-07T19:24:01Z,UConn Huskies,Maryland Terrapins,fanduel,340,-450,11.5,-110,-11.5,-110,53.5,-110,-110
2026-09-07,CFB,70a4d83a64789d57f114b077a570ea27,2026-09-12T19:30:00Z,2026-09-07T19:24:25Z,,"Mon, 07 Sep 2026 19:24:25 GMT",2026-09-07T19:24:00Z,UConn Huskies,Maryland Terrapins,draftkings,340,-440,11.5,-108,-11.5,-112,53.5,-110,-110
2026-09-07,CFB,70a4d83a64789d57f114b077a570ea27,2026-09-12T19:30:00Z,2026-09-07T19:24:25Z,,"Mon, 07 Sep 2026 19:24:25 GMT",2026-09-07T19:23:24Z,UConn Huskies,Maryland Terrapins,betmgm,350,-450,11.5,-108,-11.5,-112,53.5,-108,-110
2026-09-07,CFB,70a4d83a64789d57f114b077a570ea27,2026-09-12T19:30:00Z,2026-09-07T19:24:25Z,,"Mon, 07 Sep 2026 19:24:25 GMT",2026-09-07T19:24:02Z,UConn Huskies,Maryland Terrapins,betrivers,335,-455,11.5,-112,-11.5,-112,53.5,-114,-109
2026-09-07,CFB,25c198f097870d531920ba524262737d,2026-09-12T19:30:00Z,2026-09-07T19:24:25Z,,"Mon, 07 Sep 2026 19:24:25 GMT",2026-09-07T19:24:00Z,Minnesota Golden Gophers,Mississippi State Bulldogs,draftkings,100,-120,1.5,-112,-1.5,-108,55.5,-110,-110
2026-09-07,CFB,25c198f097870d531920ba524262737d,2026-09-12T19:30:00Z,2026-09-07T19:24:25Z,,"Mon, 07 Sep 2026 19:24:25 GMT",2026-09-07T19:24:01Z,Minnesota Golden Gophers,Mississippi State Bulldogs,fanduel,-105,-114,1.5,-114,-1.5,-106,55.5,-110,-110
2026-09-07,CFB,25c198f097870d531920ba524262737d,2026-09-12T19:30:00Z,2026-09-07T19:24:25Z,,"Mon, 07 Sep 2026 19:24:25 GMT",2026-09-07T19:24:02Z,Minnesota Golden Gophers,Mississippi State Bulldogs,betrivers,-105,-120,1.0,-110,-1.0,-112,56.0,-109,-114
2026-09-07,CFB,25c198f097870d531920ba524262737d,2026-09-12T19:30:00Z,2026-09-07T19:24:25Z,,"Mon, 07 Sep 2026 19:24:25 GMT",2026-09-07T19:23:24Z,Minnesota Golden Gophers,Mississippi State Bulldogs,betmgm,-105,-115,1.0,-110,-1.0,-108,55.5,-108,-110
2026-09-07,CFB,2be7c621008f4d4147868ababc385a6c,2026-09-12T19:30:00Z,2026-09-07T19:24:25Z,,"Mon, 07 Sep 2026 19:24:25 GMT",2026-09-07T19:24:00Z,Notre Dame Fighting Irish,Rice Owls,draftkings,,,-44.5,-112,44.5,-108,54.5,-115,-105
2026-09-07,CFB,2be7c621008f4d4147868ababc385a6c,2026-09-12T19:30:00Z,2026-09-07T19:24:25Z,,"Mon, 07 Sep 2026 19:24:25 GMT",2026-09-07T19:24:01Z,Notre Dame Fighting Irish,Rice Owls,fanduel,,,-43.5,-110,43.5,-110,54.5,-110,-110
2026-09-07,CFB,2be7c621008f4d4147868ababc385a6c,2026-09-12T19:30:00Z,2026-09-07T19:24:25Z,,"Mon, 07 Sep 2026 19:24:25 GMT",2026-09-07T19:24:02Z,Notre Dame Fighting Irish,Rice Owls,betrivers,,,-44.5,-114,44.5,-109,54.5,-109,-114
2026-09-07,CFB,2be7c621008f4d4147868ababc385a6c,2026-09-12T19:30:00Z,2026-09-07T19:24:25Z,,"Mon, 07 Sep 2026 19:24:25 GMT",2026-09-07T19:23:24Z,Notre Dame Fighting Irish,Rice Owls,betmgm,,,-44.5,-110,44.5,-108,54.5,-112,-105
2026-09-07,CFB,dd880570288831c4fc55cb68f19f9667,2026-09-12T19:30:00Z,2026-09-07T19:24:25Z,,"Mon, 07 Sep 2026 19:24:25 GMT",2026-09-07T19:24:01Z,Pittsburgh Panthers,UCF Knights,fanduel,-310,245,-7.5,-108,7.5,-112,56.5,-112,-108
2026-09-07,CFB,dd880570288831c4fc55cb68f19f9667,2026-09-12T19:30:00Z,2026-09-07T19:24:25Z,,"Mon, 07 Sep 2026 19:24:25 GMT",2026-09-07T19:24:00Z,Pittsburgh Panthers,UCF Knights,draftkings,-278,225,-7.5,-108,7.5,-112,57.5,-110,-110
2026-09-07,CFB,dd880570288831c4fc55cb68f19f9667,2026-09-12T19:30:00Z,2026-09-07T19:24:25Z,,"Mon, 07 Sep 2026 19:24:25 GMT",2026-09-07T19:24:02Z,Pittsburgh Panthers,UCF Knights,betrivers,-315,235,-7.5,-113,7.5,-110,57.0,-114,-109
2026-09-07,CFB,dd880570288831c4fc55cb68f19f9667,2026-09-12T19:30:00Z,2026-09-07T19:24:25Z,,"Mon, 07 Sep 2026 19:24:25 GMT",2026-09-07T19:23:24Z,Pittsburgh Panthers,UCF Knights,betmgm,-295,240,-7.5,-105,7.5,-115,57.5,-108,-110
2026-09-07,CFB,f85969d656d1cafcfc4e60290a25bb09,2026-09-12T19:30:00Z,2026-09-07T19:24:25Z,,"Mon, 07 Sep 2026 19:24:25 GMT",2026-09-07T19:24:01Z,UMass Minutemen,Sacred Heart Pioneers,fanduel,-2100,1000,-21.5,-115,21.5,-105,54.5,-110,-110
2026-09-07,CFB,f85969d656d1cafcfc4e60290a25bb09,2026-09-12T19:30:00Z,2026-09-07T19:24:25Z,,"Mon, 07 Sep 2026 19:24:25 GMT",2026-09-07T19:24:02Z,UMass Minutemen,Sacred Heart Pioneers,betrivers,-5000,1300,-24.5,-113,24.5,-110,54.5,-114,-109
2026-09-07,CFB,08c5bac0240cbc3ba996fb55a75504f2,2026-09-12T19:30:00Z,2026-09-07T19:24:25Z,,"Mon, 07 Sep 2026 19:24:25 GMT",2026-09-07T19:24:00Z,Texas State Bobcats,UTSA Roadrunners,draftkings,-115,-105,-1.5,-108,1.5,-112,64.5,-108,-112
2026-09-07,CFB,08c5bac0240cbc3ba996fb55a75504f2,2026-09-12T19:30:00Z,2026-09-07T19:24:25Z,,"Mon, 07 Sep 2026 19:24:25 GMT",2026-09-07T19:24:01Z,Texas State Bobcats,UTSA Roadrunners,fanduel,-118,-102,-1.5,-110,1.5,-110,65.5,-104,-118
2026-09-07,CFB,08c5bac0240cbc3ba996fb55a75504f2,2026-09-12T19:30:00Z,2026-09-07T19:24:25Z,,"Mon, 07 Sep 2026 19:24:25 GMT",2026-09-07T19:23:24Z,Texas State Bobcats,UTSA Roadrunners,betmgm,-120,100,-1.5,-110,1.5,-108,64.5,-110,-108
2026-09-07,CFB,08c5bac0240cbc3ba996fb55a75504f2,2026-09-12T19:30:00Z,2026-09-07T19:24:25Z,,"Mon, 07 Sep 2026 19:24:25 GMT",2026-09-07T19:24:02Z,Texas State Bobcats,UTSA Roadrunners,betrivers,-124,100,-1.5,-110,1.5,-113,64.5,-112,-112
2026-09-07,CFB,61700ad2942d0c633b9c6cd402964356,2026-09-12T19:30:00Z,2026-09-07T19:24:25Z,,"Mon, 07 Sep 2026 19:24:25 GMT",2026-09-07T19:24:01Z,UAB Blazers,UL Monroe Warhawks,fanduel,-430,330,-11.5,-108,11.5,-112,55.5,-110,-110
2026-09-07,CFB,61700ad2942d0c633b9c6cd402964356,2026-09-12T19:30:00Z,2026-09-07T19:24:25Z,,"Mon, 07 Sep 2026 19:24:25 GMT",2026-09-07T19:24:00Z,UAB Blazers,UL Monroe Warhawks,draftkings,-425,330,-10.5,-110,10.5,-110,55.5,-112,-108
2026-09-07,CFB,61700ad2942d0c633b9c6cd402964356,2026-09-12T19:30:00Z,2026-09-07T19:24:25Z,,"Mon, 07 Sep 2026 19:24:25 GMT",2026-09-07T19:23:24Z,UAB Blazers,UL Monroe Warhawks,betmgm,-425,333,-10.5,-108,10.5,-110,55.5,-110,-108
2026-09-07,CFB,61700ad2942d0c633b9c6cd402964356,2026-09-12T19:30:00Z,2026-09-07T19:24:25Z,,"Mon, 07 Sep 2026 19:24:25 GMT",2026-09-07T19:24:02Z,UAB Blazers,UL Monroe Warhawks,betrivers,-480,340,-11.0,-112,11.0,-112,55.5,-114,-109
2026-09-07,CFB,2186fba5726dbd7fee2ce72477bdaa2b,2026-09-12T19:30:00Z,2026-09-07T19:24:25Z,,"Mon, 07 Sep 2026 19:24:25 GMT",2026-09-07T19:24:01Z,Washington Huskies,Utah State Aggies,fanduel,-4500,1600,-27.5,-108,27.5,-112,55.5,-110,-110
2026-09-07,CFB,2186fba5726dbd7fee2ce72477bdaa2b,2026-09-12T19:30:00Z,2026-09-07T19:24:25Z,,"Mon, 07 Sep 2026 19:24:25 GMT",2026-09-07T19:24:00Z,Washington Huskies,Utah State Aggies,draftkings,-4000,1600,-26.5,-115,26.5,-105,55.5,-112,-108
2026-09-07,CFB,2186fba5726dbd7fee2ce72477bdaa2b,2026-09-12T19:30:00Z,2026-09-07T19:24:25Z,,"Mon, 07 Sep 2026 19:24:25 GMT",2026-09-07T19:23:24Z,Washington Huskies,Utah State Aggies,betmgm,-3000,1700,-26.5,-112,26.5,-105,55.5,-112,-105
2026-09-07,CFB,2186fba5726dbd7fee2ce72477bdaa2b,2026-09-12T19:30:00Z,2026-09-07T19:24:25Z,,"Mon, 07 Sep 2026 19:24:25 GMT",2026-09-07T19:24:02Z,Washington Huskies,Utah State Aggies,betrivers,-5000,1700,-26.0,-113,26.0,-110,55.5,-114,-109
2026-09-07,CFB,50b6e6aec0bd3f2fcb9dc18c113ddd12,2026-09-12T19:45:00Z,2026-09-07T19:24:25Z,,"Mon, 07 Sep 2026 19:24:25 GMT",2026-09-07T19:24:01Z,North Texas Mean Green,UNLV Rebels,fanduel,152,-184,3.5,-108,-3.5,-112,57.5,-110,-110
2026-09-07,CFB,50b6e6aec0bd3f2fcb9dc18c113ddd12,2026-09-12T19:45:00Z,2026-09-07T19:24:25Z,,"Mon, 07 Sep 2026 19:24:25 GMT",2026-09-07T19:24:00Z,North Texas Mean Green,UNLV Rebels,draftkings,154,-185,3.5,-102,-3.5,-118,57.5,-105,-115
2026-09-07,CFB,50b6e6aec0bd3f2fcb9dc18c113ddd12,2026-09-12T19:45:00Z,2026-09-07T19:24:25Z,,"Mon, 07 Sep 2026 19:24:25 GMT",2026-09-07T19:23:24Z,North Texas Mean Green,UNLV Rebels,betmgm,155,-190,4.0,-110,-4.0,-108,57.5,-108,-110
2026-09-07,CFB,50b6e6aec0bd3f2fcb9dc18c113ddd12,2026-09-12T19:45:00Z,2026-09-07T19:24:25Z,,"Mon, 07 Sep 2026 19:24:25 GMT",2026-09-07T19:24:02Z,North Texas Mean Green,UNLV Rebels,betrivers,140,-182,3.5,-109,-3.5,-114,57.5,-114,-109
2026-09-07,CFB,aaed4df3af7a4c8e62da2bda808e49da,2026-09-12T20:00:00Z,2026-09-07T19:24:25Z,,"Mon, 07 Sep 2026 19:24:25 GMT",2026-09-07T19:24:01Z,Troy Trojans,Alabama State Hornets,fanduel,-1800,920,-22.5,-110,22.5,-110,52.5,-110,-110
2026-09-07,CFB,aaed4df3af7a4c8e62da2bda808e49da,2026-09-12T20:00:00Z,2026-09-07T19:24:25Z,,"Mon, 07 Sep 2026 19:24:25 GMT",2026-09-07T19:24:02Z,Troy Trojans,Alabama State Hornets,betrivers,-2500,950,-22.5,-109,22.5,-114,52.5,-113,-110
2026-09-07,CFB,d71b8c6e0faec78e166823b1b3fa22b0,2026-09-12T20:00:00Z,2026-09-07T19:24:25Z,,"Mon, 07 Sep 2026 19:24:25 GMT",2026-09-07T19:24:01Z,New Mexico Lobos,Mercyhurst Lakers,fanduel,,,-41.5,-110,41.5,-110,52.5,-105,-115
2026-09-07,CFB,b5a47219e2e4b7efe0908d3441469559,2026-09-12T20:00:00Z,2026-09-07T19:24:25Z,,"Mon, 07 Sep 2026 19:24:25 GMT",2026-09-07T19:24:01Z,Wyoming Cowboys,Northern Colorado Bears,fanduel,-4000,1400,-23.5,-110,23.5,-110,49.5,-110,-110
2026-09-07,CFB,b5a47219e2e4b7efe0908d3441469559,2026-09-12T20:00:00Z,2026-09-07T19:24:25Z,,"Mon, 07 Sep 2026 19:24:25 GMT",2026-09-07T19:24:02Z,Wyoming Cowboys,Northern Colorado Bears,betrivers,-3335,1150,-23.5,-112,23.5,-112,49.5,-114,-109
2026-09-07,CFB,04d0c72553f17ebc22509fb1b5926600,2026-09-12T20:15:00Z,2026-09-07T19:24:25Z,,"Mon, 07 Sep 2026 19:24:25 GMT",2026-09-07T19:24:01Z,Vanderbilt Commodores,Delaware Blue Hens,fanduel,-1600,860,-20.5,-110,20.5,-110,54.5,-114,-106
2026-09-07,CFB,04d0c72553f17ebc22509fb1b5926600,2026-09-12T20:15:00Z,2026-09-07T19:24:25Z,,"Mon, 07 Sep 2026 19:24:25 GMT",2026-09-07T19:24:00Z,Vanderbilt Commodores,Delaware Blue Hens,draftkings,-1600,900,-20.5,-115,20.5,-105,53.5,-115,-105
2026-09-07,CFB,04d0c72553f17ebc22509fb1b5926600,2026-09-12T20:15:00Z,2026-09-07T19:24:25Z,,"Mon, 07 Sep 2026 19:24:25 GMT",2026-09-07T19:23:24Z,Vanderbilt Commodores,Delaware Blue Hens,betmgm,-1400,900,-20.5,-112,20.5,-105,54.5,-108,-110
2026-09-07,CFB,04d0c72553f17ebc22509fb1b5926600,2026-09-12T20:15:00Z,2026-09-07T19:24:25Z,,"Mon, 07 Sep 2026 19:24:25 GMT",2026-09-07T19:24:02Z,Vanderbilt Commodores,Delaware Blue Hens,betrivers,-1667,800,-21.0,-108,21.0,-115,54.0,-112,-112
2026-09-07,CFB,7365ef8b298cbbef18e7d367fc33d0da,2026-09-12T21:30:00Z,2026-09-07T19:24:25Z,,"Mon, 07 Sep 2026 19:24:25 GMT",2026-09-07T19:24:01Z,Florida Gators,Campbell Fighting Camels,fanduel,,,-49.5,-110,49.5,-110,67.5,-110,-110
2026-09-07,CFB,7365ef8b298cbbef18e7d367fc33d0da,2026-09-12T21:30:00Z,2026-09-07T19:24:25Z,,"Mon, 07 Sep 2026 19:24:25 GMT",2026-09-07T19:24:02Z,Florida Gators,Campbell Fighting Camels,betrivers,,,-49.0,-112,49.0,-112,66.5,-112,-112
2026-09-07,CFB,c46b118e570bf1fa1b2724f1fd7e4b24,2026-09-12T22:00:00Z,2026-09-07T19:24:25Z,,"Mon, 07 Sep 2026 19:24:25 GMT",2026-09-07T19:24:00Z,Boise State Broncos,Memphis Tigers,draftkings,-340,270,-8.5,-108,8.5,-112,55.5,-110,-110
2026-09-07,CFB,c46b118e570bf1fa1b2724f1fd7e4b24,2026-09-12T22:00:00Z,2026-09-07T19:24:25Z,,"Mon, 07 Sep 2026 19:24:25 GMT",2026-09-07T19:24:01Z,Boise State Broncos,Memphis Tigers,fanduel,-330,260,-7.5,-118,7.5,-104,55.5,-115,-105
2026-09-07,CFB,c46b118e570bf1fa1b2724f1fd7e4b24,2026-09-12T22:00:00Z,2026-09-07T19:24:25Z,,"Mon, 07 Sep 2026 19:24:25 GMT",2026-09-07T19:24:02Z,Boise State Broncos,Memphis Tigers,betrivers,-360,265,-8.0,-113,8.0,-110,55.5,-112,-112
2026-09-07,CFB,c46b118e570bf1fa1b2724f1fd7e4b24,2026-09-12T22:00:00Z,2026-09-07T19:24:25Z,,"Mon, 07 Sep 2026 19:24:25 GMT",2026-09-07T19:23:24Z,Boise State Broncos,Memphis Tigers,betmgm,-325,260,-8.0,-105,8.0,-112,55.5,-108,-110
2026-09-07,CFB,a2b7711390532d0014249f295a6d02b8,2026-09-12T22:00:00Z,2026-09-07T19:24:25Z,,"Mon, 07 Sep 2026 19:24:25 GMT",2026-09-07T19:24:01Z,Florida International Panthers,Buffalo Bulls,fanduel,-450,340,-10.5,-110,10.5,-110,47.5,-115,-105
2026-09-07,CFB,a2b7711390532d0014249f295a6d02b8,2026-09-12T22:00:00Z,2026-09-07T19:24:25Z,,"Mon, 07 Sep 2026 19:24:25 GMT",2026-09-07T19:24:00Z,Florida International Panthers,Buffalo Bulls,draftkings,-440,340,-10.5,100,10.5,-120,47.5,-112,-108
2026-09-07,CFB,a2b7711390532d0014249f295a6d02b8,2026-09-12T22:00:00Z,2026-09-07T19:24:25Z,,"Mon, 07 Sep 2026 19:24:25 GMT",2026-09-07T19:23:24Z,Florida International Panthers,Buffalo Bulls,betmgm,-425,320,-10.0,-112,10.0,-105,47.5,-110,-108
2026-09-07,CFB,a2b7711390532d0014249f295a6d02b8,2026-09-12T22:00:00Z,2026-09-07T19:24:25Z,,"Mon, 07 Sep 2026 19:24:25 GMT",2026-09-07T19:24:02Z,Florida International Panthers,Buffalo Bulls,betrivers,-530,360,-10.5,-109,10.5,-114,47.5,-114,-109
2026-09-07,CFB,6ab72601a536ccfdbc30904c90644d1a,2026-09-12T22:00:00Z,2026-09-07T19:24:25Z,,"Mon, 07 Sep 2026 19:24:25 GMT",2026-09-07T19:24:01Z,Liberty Flames,Gardner-Webb Runnin Bulldogs,fanduel,-4500,1600,-27.5,-110,27.5,-110,54.5,-110,-110
2026-09-07,CFB,6ab72601a536ccfdbc30904c90644d1a,2026-09-12T22:00:00Z,2026-09-07T19:24:25Z,,"Mon, 07 Sep 2026 19:24:25 GMT",2026-09-07T19:24:02Z,Liberty Flames,Gardner-Webb Runnin Bulldogs,betrivers,-5000,1300,-27.5,-112,27.5,-112,55.0,-108,-115
2026-09-07,CFB,3cff947fac86cab5c41d4f7c0e9393ce,2026-09-12T22:00:00Z,2026-09-07T19:24:25Z,,"Mon, 07 Sep 2026 19:24:25 GMT",2026-09-07T19:24:01Z,Ohio Bobcats,Jacksonville State Gamecocks,fanduel,-142,118,-2.5,-114,2.5,-106,51.5,-108,-112
2026-09-07,CFB,3cff947fac86cab5c41d4f7c0e9393ce,2026-09-12T22:00:00Z,2026-09-07T19:24:25Z,,"Mon, 07 Sep 2026 19:24:25 GMT",2026-09-07T19:24:00Z,Ohio Bobcats,Jacksonville State Gamecocks,draftkings,-135,114,-2.5,-118,2.5,-102,51.5,-112,-108
2026-09-07,CFB,3cff947fac86cab5c41d4f7c0e9393ce,2026-09-12T22:00:00Z,2026-09-07T19:24:25Z,,"Mon, 07 Sep 2026 19:24:25 GMT",2026-09-07T19:24:02Z,Ohio Bobcats,Jacksonville State Gamecocks,betrivers,-139,112,-2.5,-112,2.5,-112,51.5,-113,-110
2026-09-07,CFB,3cff947fac86cab5c41d4f7c0e9393ce,2026-09-12T22:00:00Z,2026-09-07T19:24:25Z,,"Mon, 07 Sep 2026 19:24:25 GMT",2026-09-07T19:23:24Z,Ohio Bobcats,Jacksonville State Gamecocks,betmgm,-145,120,-3.0,-105,3.0,-115,51.5,-108,-110
2026-09-07,CFB,604e4daf4bc676f524753f47cad8c6e7,2026-09-12T22:30:00Z,2026-09-07T19:24:25Z,,"Mon, 07 Sep 2026 19:24:25 GMT",2026-09-07T19:24:01Z,Western Michigan Broncos,Monmouth Hawks,fanduel,-3500,1280,-24.5,-115,24.5,-105,53.5,-110,-110
2026-09-07,CFB,604e4daf4bc676f524753f47cad8c6e7,2026-09-12T22:30:00Z,2026-09-07T19:24:25Z,,"Mon, 07 Sep 2026 19:24:25 GMT",2026-09-07T19:24:02Z,Western Michigan Broncos,Monmouth Hawks,betrivers,-5000,1300,-27.5,-113,27.5,-110,53.5,-113,-110
2026-09-07,CFB,5cc49501cef64287d2f6b5afe9526a16,2026-09-12T23:00:00Z,2026-09-07T19:24:25Z,,"Mon, 07 Sep 2026 19:24:25 GMT",2026-09-07T19:24:01Z,Nebraska Cornhuskers,Bowling Green Falcons,fanduel,-10000,2500,-28.5,-115,28.5,-105,51.5,-115,-105
2026-09-07,CFB,5cc49501cef64287d2f6b5afe9526a16,2026-09-12T23:00:00Z,2026-09-07T19:24:25Z,,"Mon, 07 Sep 2026 19:24:25 GMT",2026-09-07T19:24:00Z,Nebraska Cornhuskers,Bowling Green Falcons,draftkings,-8000,2200,-28.5,-112,28.5,-108,51.5,-115,-105
2026-09-07,CFB,5cc49501cef64287d2f6b5afe9526a16,2026-09-12T23:00:00Z,2026-09-07T19:24:25Z,,"Mon, 07 Sep 2026 19:24:25 GMT",2026-09-07T19:23:24Z,Nebraska Cornhuskers,Bowling Green Falcons,betmgm,-10000,2500,-29.0,-108,29.0,-110,51.5,-118,-102
2026-09-07,CFB,5cc49501cef64287d2f6b5afe9526a16,2026-09-12T23:00:00Z,2026-09-07T19:24:25Z,,"Mon, 07 Sep 2026 19:24:25 GMT",2026-09-07T19:24:02Z,Nebraska Cornhuskers,Bowling Green Falcons,betrivers,-10000,1800,-29.0,-114,29.0,-108,52.0,-110,-113
2026-09-07,CFB,3f05bfa200e747e1c2702776c675b7f9,2026-09-12T23:00:00Z,2026-09-07T19:24:25Z,,"Mon, 07 Sep 2026 19:24:25 GMT",2026-09-07T19:24:01Z,Cincinnati Bearcats,Western Carolina Catamounts,fanduel,,,-36.5,-110,36.5,-110,60.5,-110,-110
2026-09-07,CFB,3f05bfa200e747e1c2702776c675b7f9,2026-09-12T23:00:00Z,2026-09-07T19:24:25Z,,"Mon, 07 Sep 2026 19:24:25 GMT",2026-09-07T19:24:02Z,Cincinnati Bearcats,Western Carolina Catamounts,betrivers,,,-36.5,-110,36.5,-112,60.5,-114,-109
2026-09-07,CFB,14bc81696f296c5d32ac03e798aa6293,2026-09-12T23:00:00Z,2026-09-07T19:24:25Z,,"Mon, 07 Sep 2026 19:24:25 GMT",2026-09-07T19:24:01Z,Colorado State Rams,Southern Utah Thunderbirds,fanduel,-1800,920,-20.5,-110,20.5,-110,57.5,-110,-110
2026-09-07,CFB,c9c138c45cb4d0e8a39f962795671ffb,2026-09-12T23:00:00Z,2026-09-07T19:24:25Z,,"Mon, 07 Sep 2026 19:24:25 GMT",2026-09-07T19:24:00Z,Kennesaw State Owls,Georgia State Panthers,draftkings,-325,260,-8.5,-112,8.5,-108,52.5,-105,-115
2026-09-07,CFB,c9c138c45cb4d0e8a39f962795671ffb,2026-09-12T23:00:00Z,2026-09-07T19:24:25Z,,"Mon, 07 Sep 2026 19:24:25 GMT",2026-09-07T19:23:24Z,Kennesaw State Owls,Georgia State Panthers,betmgm,-350,275,-9.0,-110,9.0,-108,52.5,-105,-112
2026-09-07,CFB,c9c138c45cb4d0e8a39f962795671ffb,2026-09-12T23:00:00Z,2026-09-07T19:24:25Z,,"Mon, 07 Sep 2026 19:24:25 GMT",2026-09-07T19:24:02Z,Kennesaw State Owls,Georgia State Panthers,betrivers,-360,260,-9.5,-112,9.5,-112,52.5,-109,-114
2026-09-07,CFB,c9c138c45cb4d0e8a39f962795671ffb,2026-09-12T23:00:00Z,2026-09-07T19:24:25Z,,"Mon, 07 Sep 2026 19:24:25 GMT",2026-09-07T19:24:02Z,Kennesaw State Owls,Georgia State Panthers,fanduel,-345,270,-8.5,-110,8.5,-110,52.5,-110,-110
2026-09-07,CFB,2fef91bee444782036d23f91abe0a5da,2026-09-12T23:00:00Z,2026-09-07T19:24:25Z,,"Mon, 07 Sep 2026 19:24:25 GMT",2026-09-07T19:24:00Z,Georgia Tech Yellow Jackets,Tennessee Volunteers,draftkings,400,-535,12.5,-105,-12.5,-115,55.5,-102,-118
2026-09-07,CFB,2fef91bee444782036d23f91abe0a5da,2026-09-12T23:00:00Z,2026-09-07T19:24:25Z,,"Mon, 07 Sep 2026 19:24:25 GMT",2026-09-07T19:24:01Z,Georgia Tech Yellow Jackets,Tennessee Volunteers,fanduel,400,-550,12.5,-110,-12.5,-110,55.5,-112,-108
2026-09-07,CFB,2fef91bee444782036d23f91abe0a5da,2026-09-12T23:00:00Z,2026-09-07T19:24:25Z,,"Mon, 07 Sep 2026 19:24:25 GMT",2026-09-07T19:24:02Z,Georgia Tech Yellow Jackets,Tennessee Volunteers,betrivers,380,-530,12.5,-112,-12.5,-112,55.5,-110,-113
2026-09-07,CFB,2fef91bee444782036d23f91abe0a5da,2026-09-12T23:00:00Z,2026-09-07T19:24:25Z,,"Mon, 07 Sep 2026 19:24:25 GMT",2026-09-07T19:23:24Z,Georgia Tech Yellow Jackets,Tennessee Volunteers,betmgm,400,-500,12.5,-110,-12.5,-108,55.5,-105,-112
2026-09-07,CFB,a0f7a9ba7824f73795a26ad4429c2b62,2026-09-12T23:00:00Z,2026-09-07T19:24:25Z,,"Mon, 07 Sep 2026 19:24:25 GMT",2026-09-07T19:24:01Z,Houston Cougars,Southern University Jaguars,fanduel,,,-50.5,-110,50.5,-110,60.5,-110,-110
2026-09-07,CFB,703674067da3f80611ece581818f3863,2026-09-12T23:00:00Z,2026-09-07T19:24:25Z,,"Mon, 07 Sep 2026 19:24:25 GMT",2026-09-07T19:24:00Z,Marshall Thundering Herd,Middle Tennessee Blue Raiders,draftkings,-600,440,-14.0,-105,14.0,-115,58.5,-108,-112
2026-09-07,CFB,703674067da3f80611ece581818f3863,2026-09-12T23:00:00Z,2026-09-07T19:24:25Z,,"Mon, 07 Sep 2026 19:24:25 GMT",2026-09-07T19:23:24Z,Marshall Thundering Herd,Middle Tennessee Blue Raiders,betmgm,-625,475,-14.0,-108,14.0,-110,58.5,-108,-110
2026-09-07,CFB,703674067da3f80611ece581818f3863,2026-09-12T23:00:00Z,2026-09-07T19:24:25Z,,"Mon, 07 Sep 2026 19:24:25 GMT",2026-09-07T19:24:02Z,Marshall Thundering Herd,Middle Tennessee Blue Raiders,betrivers,-715,475,-14.0,-114,14.0,-109,57.5,-109,-114
2026-09-07,CFB,703674067da3f80611ece581818f3863,2026-09-12T23:00:00Z,2026-09-07T19:24:25Z,,"Mon, 07 Sep 2026 19:24:25 GMT",2026-09-07T19:24:02Z,Marshall Thundering Herd,Middle Tennessee Blue Raiders,fanduel,-650,460,-14.5,-102,14.5,-120,58.5,-110,-110
2026-09-07,CFB,a7402ec89d227ff9b9bf936a8679d313,2026-09-12T23:00:00Z,2026-09-07T19:24:25Z,,"Mon, 07 Sep 2026 19:24:25 GMT",2026-09-07T19:24:01Z,Sam Houston State Bearkats,Tulsa Golden Hurricane,fanduel,440,-610,13.5,-106,-13.5,-114,51.5,-115,-105
2026-09-07,CFB,a7402ec89d227ff9b9bf936a8679d313,2026-09-12T23:00:00Z,2026-09-07T19:24:25Z,,"Mon, 07 Sep 2026 19:24:25 GMT",2026-09-07T19:24:00Z,Sam Houston State Bearkats,Tulsa Golden Hurricane,draftkings,440,-600,13.5,-105,-13.5,-115,51.5,-115,-105
2026-09-07,CFB,a7402ec89d227ff9b9bf936a8679d313,2026-09-12T23:00:00Z,2026-09-07T19:24:25Z,,"Mon, 07 Sep 2026 19:24:25 GMT",2026-09-07T19:23:24Z,Sam Houston State Bearkats,Tulsa Golden Hurricane,betmgm,425,-600,13.5,-108,-13.5,-110,52.5,-102,-115
2026-09-07,CFB,a7402ec89d227ff9b9bf936a8679d313,2026-09-12T23:00:00Z,2026-09-07T19:24:25Z,,"Mon, 07 Sep 2026 19:24:25 GMT",2026-09-07T19:24:02Z,Sam Houston State Bearkats,Tulsa Golden Hurricane,betrivers,450,-670,13.5,-109,-13.5,-114,52.0,-112,-112
2026-09-07,CFB,18c682b142ecfadb8d6d801f5fb9aac7,2026-09-12T23:00:00Z,2026-09-07T19:24:25Z,,"Mon, 07 Sep 2026 19:24:25 GMT",2026-09-07T19:24:00Z,Tulane Green Wave,South Alabama Jaguars,draftkings,-375,295,-9.5,-112,9.5,-108,49.5,-112,-108
2026-09-07,CFB,18c682b142ecfadb8d6d801f5fb9aac7,2026-09-12T23:00:00Z,2026-09-07T19:24:25Z,,"Mon, 07 Sep 2026 19:24:25 GMT",2026-09-07T19:24:01Z,Tulane Green Wave,South Alabama Jaguars,fanduel,-385,300,-9.5,-115,9.5,-105,50.5,-110,-110
2026-09-07,CFB,18c682b142ecfadb8d6d801f5fb9aac7,2026-09-12T23:00:00Z,2026-09-07T19:24:25Z,,"Mon, 07 Sep 2026 19:24:25 GMT",2026-09-07T19:23:24Z,Tulane Green Wave,South Alabama Jaguars,betmgm,-375,300,-9.5,-112,9.5,-108,49.5,-112,-108
2026-09-07,CFB,18c682b142ecfadb8d6d801f5fb9aac7,2026-09-12T23:00:00Z,2026-09-07T19:24:25Z,,"Mon, 07 Sep 2026 19:24:25 GMT",2026-09-07T19:24:02Z,Tulane Green Wave,South Alabama Jaguars,betrivers,-375,280,-9.5,-110,9.5,-113,50.5,-110,-113
2026-09-07,CFB,bb92c7cb2dc05cd3f9a68f5b5d468549,2026-09-12T23:00:00Z,2026-09-07T19:24:25Z,,"Mon, 07 Sep 2026 19:24:25 GMT",2026-09-07T19:24:01Z,South Carolina Gamecocks,Towson Tigers,fanduel,,,-42.5,-110,42.5,-110,55.5,-102,-120
2026-09-07,CFB,14620ae05bec8eaa19ca94156c71dff2,2026-09-12T23:15:00Z,2026-09-07T19:24:25Z,,"Mon, 07 Sep 2026 19:24:25 GMT",2026-09-07T19:24:00Z,UCLA Bruins,San Diego State Aztecs,draftkings,-470,360,-11.5,-112,11.5,-108,53.5,-108,-112
2026-09-07,CFB,14620ae05bec8eaa19ca94156c71dff2,2026-09-12T23:15:00Z,2026-09-07T19:24:25Z,,"Mon, 07 Sep 2026 19:24:25 GMT",2026-09-07T19:24:01Z,UCLA Bruins,San Diego State Aztecs,fanduel,-520,385,-12.5,-110,12.5,-110,52.5,-114,-106
2026-09-07,CFB,14620ae05bec8eaa19ca94156c71dff2,2026-09-12T23:15:00Z,2026-09-07T19:24:25Z,,"Mon, 07 Sep 2026 19:24:25 GMT",2026-09-07T19:24:02Z,UCLA Bruins,San Diego State Aztecs,betrivers,-590,380,-11.5,-113,11.5,-110,53.0,-112,-112
2026-09-07,CFB,14620ae05bec8eaa19ca94156c71dff2,2026-09-12T23:15:00Z,2026-09-07T19:24:25Z,,"Mon, 07 Sep 2026 19:24:25 GMT",2026-09-07T19:23:24Z,UCLA Bruins,San Diego State Aztecs,betmgm,-475,375,-12.0,-108,12.0,-110,53.5,-108,-110
2026-09-07,CFB,a8283159aa27932e7a640f6158b2ca98,2026-09-12T23:30:00Z,2026-09-07T19:24:25Z,,"Mon, 07 Sep 2026 19:24:25 GMT",2026-09-07T19:24:00Z,Clemson Tigers,Georgia Southern Eagles,draftkings,-1350,800,-21.0,-105,21.0,-115,55.5,-102,-118
2026-09-07,CFB,a8283159aa27932e7a640f6158b2ca98,2026-09-12T23:30:00Z,2026-09-07T19:24:25Z,,"Mon, 07 Sep 2026 19:24:25 GMT",2026-09-07T19:23:24Z,Clemson Tigers,Georgia Southern Eagles,betmgm,-1400,950,-20.5,-112,20.5,-105,55.5,-105,-112
2026-09-07,CFB,a8283159aa27932e7a640f6158b2ca98,2026-09-12T23:30:00Z,2026-09-07T19:24:25Z,,"Mon, 07 Sep 2026 19:24:25 GMT",2026-09-07T19:24:02Z,Clemson Tigers,Georgia Southern Eagles,betrivers,-2000,900,-21.0,-113,21.0,-110,55.0,-114,-109
2026-09-07,CFB,a8283159aa27932e7a640f6158b2ca98,2026-09-12T23:30:00Z,2026-09-07T19:24:25Z,,"Mon, 07 Sep 2026 19:24:25 GMT",2026-09-07T19:24:01Z,Clemson Tigers,Georgia Southern Eagles,fanduel,-1800,920,-20.5,-115,20.5,-105,55.5,-110,-110
2026-09-07,CFB,cea07bdd5d8942d1055a1de8ba1fef33,2026-09-12T23:30:00Z,2026-09-07T19:24:25Z,,"Mon, 07 Sep 2026 19:24:25 GMT",2026-09-07T19:24:01Z,Coastal Carolina Chanticleers,Fordham Rams,fanduel,-20000,3500,-31.5,-110,31.5,-110,53.5,-110,-110
2026-09-07,CFB,f5de73eb9ed5553f7de28a2730b2e700,2026-09-12T23:30:00Z,2026-09-07T19:24:25Z,,"Mon, 07 Sep 2026 19:24:25 GMT",2026-09-07T19:24:01Z,Florida Atlantic Owls,Navy Midshipmen,draftkings,180,-218,5.5,-105,-5.5,-115,59.5,-108,-112
2026-09-07,CFB,f5de73eb9ed5553f7de28a2730b2e700,2026-09-12T23:30:00Z,2026-09-07T19:24:25Z,,"Mon, 07 Sep 2026 19:24:25 GMT",2026-09-07T19:23:24Z,Florida Atlantic Owls,Navy Midshipmen,betmgm,180,-220,5.5,-110,-5.5,-108,59.5,-108,-110
2026-09-07,CFB,f5de73eb9ed5553f7de28a2730b2e700,2026-09-12T23:30:00Z,2026-09-07T19:24:25Z,,"Mon, 07 Sep 2026 19:24:25 GMT",2026-09-07T19:24:02Z,Florida Atlantic Owls,Navy Midshipmen,betrivers,175,-220,6.0,-114,-6.0,-109,59.0,-110,-113
2026-09-07,CFB,f5de73eb9ed5553f7de28a2730b2e700,2026-09-12T23:30:00Z,2026-09-07T19:24:25Z,,"Mon, 07 Sep 2026 19:24:25 GMT",2026-09-07T19:24:01Z,Florida Atlantic Owls,Navy Midshipmen,fanduel,180,-220,5.5,-105,-5.5,-115,59.5,-110,-110
2026-09-07,CFB,0633819fa9e60ac71609cd40e1596b1b,2026-09-12T23:30:00Z,2026-09-07T19:24:25Z,,"Mon, 07 Sep 2026 19:24:25 GMT",2026-09-07T19:24:01Z,Iowa Hawkeyes,Iowa State Cyclones,fanduel,-690,480,-14.5,-104,14.5,-118,40.5,-122,100
2026-09-07,CFB,0633819fa9e60ac71609cd40e1596b1b,2026-09-12T23:30:00Z,2026-09-07T19:24:25Z,,"Mon, 07 Sep 2026 19:24:25 GMT",2026-09-07T19:24:00Z,Iowa Hawkeyes,Iowa State Cyclones,draftkings,-650,470,-14.5,-108,14.5,-112,41.5,100,-120
2026-09-07,CFB,0633819fa9e60ac71609cd40e1596b1b,2026-09-12T23:30:00Z,2026-09-07T19:24:25Z,,"Mon, 07 Sep 2026 19:24:25 GMT",2026-09-07T19:24:02Z,Iowa Hawkeyes,Iowa State Cyclones,betrivers,-770,500,-14.0,-114,14.0,-109,41.0,-113,-110
2026-09-07,CFB,0633819fa9e60ac71609cd40e1596b1b,2026-09-12T23:30:00Z,2026-09-07T19:24:25Z,,"Mon, 07 Sep 2026 19:24:25 GMT",2026-09-07T19:23:24Z,Iowa Hawkeyes,Iowa State Cyclones,betmgm,-625,475,-14.5,-105,14.5,-112,41.5,100,-120
2026-09-07,CFB,f64dfff0ca497539e1d013801cca92af,2026-09-12T23:30:00Z,2026-09-07T19:24:25Z,,"Mon, 07 Sep 2026 19:24:25 GMT",2026-09-07T19:24:00Z,LSU Tigers,Louisiana Tech Bulldogs,draftkings,-20000,3500,-34.5,-108,34.5,-112,55.5,-112,-108
2026-09-07,CFB,f64dfff0ca497539e1d013801cca92af,2026-09-12T23:30:00Z,2026-09-07T19:24:25Z,,"Mon, 07 Sep 2026 19:24:25 GMT",2026-09-07T19:23:24Z,LSU Tigers,Louisiana Tech Bulldogs,betmgm,-25000,4500,-34.5,-110,34.5,-108,55.5,-108,-110
2026-09-07,CFB,f64dfff0ca497539e1d013801cca92af,2026-09-12T23:30:00Z,2026-09-07T19:24:25Z,,"Mon, 07 Sep 2026 19:24:25 GMT",2026-09-07T19:24:02Z,LSU Tigers,Louisiana Tech Bulldogs,betrivers,,,-35.0,-107,35.0,-117,56.0,-110,-113
2026-09-07,CFB,f64dfff0ca497539e1d013801cca92af,2026-09-12T23:30:00Z,2026-09-07T19:24:25Z,,"Mon, 07 Sep 2026 19:24:25 GMT",2026-09-07T19:24:01Z,LSU Tigers,Louisiana Tech Bulldogs,fanduel,-30000,4000,-34.5,-108,34.5,-112,55.5,-110,-110
2026-09-07,CFB,08c34029ecc85b4a6d519f90f9082e56,2026-09-12T23:30:00Z,2026-09-07T19:24:25Z,,"Mon, 07 Sep 2026 19:24:25 GMT",2026-09-07T19:24:01Z,Texas Longhorns,Ohio State Buckeyes,fanduel,-118,-102,-1.5,-106,1.5,-114,48.5,-108,-112
2026-09-07,CFB,08c34029ecc85b4a6d519f90f9082e56,2026-09-12T23:30:00Z,2026-09-07T19:24:25Z,,"Mon, 07 Sep 2026 19:24:25 GMT",2026-09-07T19:23:24Z,Texas Longhorns,Ohio State Buckeyes,betmgm,-120,100,-1.5,-110,1.5,-108,48.5,-110,-108
2026-09-07,CFB,08c34029ecc85b4a6d519f90f9082e56,2026-09-12T23:30:00Z,2026-09-07T19:24:25Z,,"Mon, 07 Sep 2026 19:24:25 GMT",2026-09-07T19:24:02Z,Texas Longhorns,Ohio State Buckeyes,betrivers,-117,-107,-1.0,-112,1.0,-112,48.0,-114,-109
2026-09-07,CFB,08c34029ecc85b4a6d519f90f9082e56,2026-09-12T23:30:00Z,2026-09-07T19:24:25Z,,"Mon, 07 Sep 2026 19:24:25 GMT",2026-09-07T19:24:00Z,Texas Longhorns,Ohio State Buckeyes,draftkings,-120,100,-1.5,-112,1.5,-108,48.5,-112,-108
2026-09-07,CFB,f0d4ea035d6edfabda0c2b298c7d42d2,2026-09-12T23:30:00Z,2026-09-07T19:24:25Z,,"Mon, 07 Sep 2026 19:24:25 GMT",2026-09-07T19:24:01Z,Oregon State Beavers,Texas Tech Red Raiders,fanduel,1600,-4500,26.5,-110,-26.5,-110,50.5,-114,-106
2026-09-07,CFB,f0d4ea035d6edfabda0c2b298c7d42d2,2026-09-12T23:30:00Z,2026-09-07T19:24:25Z,,"Mon, 07 Sep 2026 19:24:25 GMT",2026-09-07T19:24:00Z,Oregon State Beavers,Texas Tech Red Raiders,draftkings,1500,-3600,26.5,-112,-26.5,-108,51.5,-108,-112
2026-09-07,CFB,f0d4ea035d6edfabda0c2b298c7d42d2,2026-09-12T23:30:00Z,2026-09-07T19:24:25Z,,"Mon, 07 Sep 2026 19:24:25 GMT",2026-09-07T19:23:24Z,Oregon State Beavers,Texas Tech Red Raiders,betmgm,1700,-3000,26.0,-108,-26.0,-110,51.5,-102,-118
2026-09-07,CFB,f0d4ea035d6edfabda0c2b298c7d42d2,2026-09-12T23:30:00Z,2026-09-07T19:24:25Z,,"Mon, 07 Sep 2026 19:24:25 GMT",2026-09-07T19:24:02Z,Oregon State Beavers,Texas Tech Red Raiders,betrivers,1700,-5000,25.5,-113,-25.5,-110,51.0,-112,-112
2026-09-07,CFB,0a6b6423d89be9817a0c8cd830e8cc0d,2026-09-12T23:45:00Z,2026-09-07T19:24:25Z,,"Mon, 07 Sep 2026 19:24:25 GMT",2026-09-07T19:24:01Z,Auburn Tigers,Southern Mississippi Golden Eagles,draftkings,-9000,2500,-32.5,-110,32.5,-110,54.5,-112,-108
2026-09-07,CFB,0a6b6423d89be9817a0c8cd830e8cc0d,2026-09-12T23:45:00Z,2026-09-07T19:24:25Z,,"Mon, 07 Sep 2026 19:24:25 GMT",2026-09-07T19:23:24Z,Auburn Tigers,Southern Mississippi Golden Eagles,betmgm,-12500,3300,-32.0,-110,32.0,-108,54.5,-110,-108
2026-09-07,CFB,0a6b6423d89be9817a0c8cd830e8cc0d,2026-09-12T23:45:00Z,2026-09-07T19:24:25Z,,"Mon, 07 Sep 2026 19:24:25 GMT",2026-09-07T19:24:02Z,Auburn Tigers,Southern Mississippi Golden Eagles,betrivers,,,-32.5,-110,32.5,-113,54.0,-112,-112
2026-09-07,CFB,0a6b6423d89be9817a0c8cd830e8cc0d,2026-09-12T23:45:00Z,2026-09-07T19:24:25Z,,"Mon, 07 Sep 2026 19:24:25 GMT",2026-09-07T19:24:01Z,Auburn Tigers,Southern Mississippi Golden Eagles,fanduel,-10000,2400,-31.5,-110,31.5,-110,54.5,-106,-114
2026-09-07,CFB,964916986927738c0d73842de1dd51bd,2026-09-12T23:45:00Z,2026-09-07T19:24:25Z,,"Mon, 07 Sep 2026 19:24:25 GMT",2026-09-07T19:24:01Z,Ole Miss Rebels,Charlotte 49ers,draftkings,,,-47.5,-108,47.5,-112,61.5,-112,-108
2026-09-07,CFB,964916986927738c0d73842de1dd51bd,2026-09-12T23:45:00Z,2026-09-07T19:24:25Z,,"Mon, 07 Sep 2026 19:24:25 GMT",2026-09-07T19:24:02Z,Ole Miss Rebels,Charlotte 49ers,fanduel,,,-47.5,-110,47.5,-110,61.5,-110,-110
2026-09-07,CFB,964916986927738c0d73842de1dd51bd,2026-09-12T23:45:00Z,2026-09-07T19:24:25Z,,"Mon, 07 Sep 2026 19:24:25 GMT",2026-09-07T19:24:02Z,Ole Miss Rebels,Charlotte 49ers,betrivers,,,-47.5,-112,47.5,-112,61.5,-112,-112
2026-09-07,CFB,964916986927738c0d73842de1dd51bd,2026-09-12T23:45:00Z,2026-09-07T19:24:25Z,,"Mon, 07 Sep 2026 19:24:25 GMT",2026-09-07T19:23:24Z,Ole Miss Rebels,Charlotte 49ers,betmgm,,,-47.5,-110,47.5,-108,61.5,-110,-108
2026-09-07,CFB,e504ddd061f2cf04d44baab9917e6a89,2026-09-13T00:00:00Z,2026-09-07T19:24:25Z,,"Mon, 07 Sep 2026 19:24:25 GMT",2026-09-07T19:24:01Z,Baylor Bears,Prairie View A&M Panthers,fanduel,,,-38.5,-110,38.5,-110,54.5,-110,-110
2026-09-07,CFB,9b246ebb525b38decbb86a8e6f23c76f,2026-09-13T00:00:00Z,2026-09-07T19:24:25Z,,"Mon, 07 Sep 2026 19:24:25 GMT",2026-09-07T19:24:01Z,TCU Horned Frogs,Grambling State Tigers,fanduel,,,-44.5,-110,44.5,-110,54.5,-110,-110
2026-09-07,CFB,a323953025cbf4302d4aa87270f9505a,2026-09-13T01:00:00Z,2026-09-07T19:24:25Z,,"Mon, 07 Sep 2026 19:24:25 GMT",2026-09-07T19:24:01Z,San Jose State Spartans,Cal Poly Mustangs,fanduel,-2300,1060,-20.5,-120,20.5,-102,57.5,-110,-110
2026-09-07,CFB,e61b38634c2ba45e99bdba191ef5dea1,2026-09-13T01:00:00Z,2026-09-07T19:24:25Z,,"Mon, 07 Sep 2026 19:24:25 GMT",2026-09-07T19:24:02Z,UTEP Miners,Texas Southern Tigers,fanduel,-7000,2000,-27.5,-110,27.5,-110,53.5,-110,-110
2026-09-07,CFB,7a78c246bb38d32c3238724e57051b15,2026-09-13T02:00:00Z,2026-09-07T19:24:25Z,,"Mon, 07 Sep 2026 19:24:25 GMT",2026-09-07T19:24:01Z,Air Force Falcons,North Dakota State Bison,draftkings,124,-148,3.0,-110,-3.0,-110,47.5,-105,-115
2026-09-07,CFB,7a78c246bb38d32c3238724e57051b15,2026-09-13T02:00:00Z,2026-09-07T19:24:25Z,,"Mon, 07 Sep 2026 19:24:25 GMT",2026-09-07T19:24:02Z,Air Force Falcons,North Dakota State Bison,betrivers,128,-159,3.0,-108,-3.0,-115,47.5,-113,-110
2026-09-07,CFB,7a78c246bb38d32c3238724e57051b15,2026-09-13T02:00:00Z,2026-09-07T19:24:25Z,,"Mon, 07 Sep 2026 19:24:25 GMT",2026-09-07T19:23:24Z,Air Force Falcons,North Dakota State Bison,betmgm,125,-150,3.0,-110,-3.0,-108,47.5,-105,-115
2026-09-07,CFB,7a78c246bb38d32c3238724e57051b15,2026-09-13T02:00:00Z,2026-09-07T19:24:25Z,,"Mon, 07 Sep 2026 19:24:25 GMT",2026-09-07T19:24:02Z,Air Force Falcons,North Dakota State Bison,fanduel,128,-154,3.5,-122,-3.5,100,47.5,-110,-110
2026-09-07,CFB,c12cd73c4077a0265acec205a572c2ec,2026-09-13T02:15:00Z,2026-09-07T19:24:25Z,,"Mon, 07 Sep 2026 19:24:25 GMT",2026-09-07T19:24:01Z,Utah Utes,Arkansas Razorbacks,draftkings,-535,400,-13.5,-108,13.5,-112,56.5,-115,-105
2026-09-07,CFB,c12cd73c4077a0265acec205a572c2ec,2026-09-13T02:15:00Z,2026-09-07T19:24:25Z,,"Mon, 07 Sep 2026 19:24:25 GMT",2026-09-07T19:24:01Z,Utah Utes,Arkansas Razorbacks,fanduel,-550,400,-13.5,-110,13.5,-110,56.5,-110,-110
2026-09-07,CFB,c12cd73c4077a0265acec205a572c2ec,2026-09-13T02:15:00Z,2026-09-07T19:24:25Z,,"Mon, 07 Sep 2026 19:24:25 GMT",2026-09-07T19:24:02Z,Utah Utes,Arkansas Razorbacks,betrivers,-625,400,-13.5,-110,13.5,-113,56.5,-113,-109
2026-09-07,CFB,c12cd73c4077a0265acec205a572c2ec,2026-09-13T02:15:00Z,2026-09-07T19:24:25Z,,"Mon, 07 Sep 2026 19:24:25 GMT",2026-09-07T19:23:24Z,Utah Utes,Arkansas Razorbacks,betmgm,-525,400,-13.0,-110,13.0,-108,56.5,-110,-108
2026-09-07,CFB,b1298d12169731a56fba3b484f27c005,2026-09-13T02:30:00Z,2026-09-07T19:24:25Z,,"Mon, 07 Sep 2026 19:24:25 GMT",2026-09-07T19:24:01Z,Fresno State Bulldogs,Sacramento State Hornets,draftkings,-950,625,-18.5,-108,18.5,-112,45.5,-105,-115
2026-09-07,CFB,b1298d12169731a56fba3b484f27c005,2026-09-13T02:30:00Z,2026-09-07T19:24:25Z,,"Mon, 07 Sep 2026 19:24:25 GMT",2026-09-07T19:23:24Z,Fresno State Bulldogs,Sacramento State Hornets,betmgm,-1000,700,-18.5,-108,18.5,-110,45.5,-105,-115
2026-09-07,CFB,b1298d12169731a56fba3b484f27c005,2026-09-13T02:30:00Z,2026-09-07T19:24:25Z,,"Mon, 07 Sep 2026 19:24:25 GMT",2026-09-07T19:24:02Z,Fresno State Bulldogs,Sacramento State Hornets,betrivers,-1250,700,-18.5,-114,18.5,-109,45.5,-112,-112
2026-09-07,CFB,b1298d12169731a56fba3b484f27c005,2026-09-13T02:30:00Z,2026-09-07T19:24:25Z,,"Mon, 07 Sep 2026 19:24:25 GMT",2026-09-07T19:24:02Z,Fresno State Bulldogs,Sacramento State Hornets,fanduel,-1300,760,-18.5,-110,18.5,-110,45.5,-110,-110
2026-09-07,CFB,6dd5d1c466d25617a69c046beb258b00,2026-09-13T02:30:00Z,2026-09-07T19:24:25Z,,"Mon, 07 Sep 2026 19:24:25 GMT",2026-09-07T19:24:02Z,Nevada Wolf Pack,Montana State Bobcats,fanduel,158,-194,4.5,-110,-4.5,-110,50.5,-110,-110
2026-09-07,CFB,6dd5d1c466d25617a69c046beb258b00,2026-09-13T02:30:00Z,2026-09-07T19:24:25Z,,"Mon, 07 Sep 2026 19:24:25 GMT",2026-09-07T19:24:02Z,Nevada Wolf Pack,Montana State Bobcats,betrivers,175,-230,5.5,-109,-5.5,-114,50.5,-113,-110
2026-09-07,CFB,91ba0aefe833f0543aa43843374916f4,2026-09-13T03:00:00Z,2026-09-07T19:24:25Z,,"Mon, 07 Sep 2026 19:24:25 GMT",2026-09-07T19:24:01Z,USC Trojans,Louisiana Ragin Cajuns,draftkings,-20000,3500,-31.5,-105,31.5,-115,60.5,-108,-112
2026-09-07,CFB,91ba0aefe833f0543aa43843374916f4,2026-09-13T03:00:00Z,2026-09-07T19:24:25Z,,"Mon, 07 Sep 2026 19:24:25 GMT",2026-09-07T19:23:24Z,USC Trojans,Louisiana Ragin Cajuns,betmgm,-10000,2500,-30.5,-110,30.5,-108,60.5,-110,-108
2026-09-07,CFB,91ba0aefe833f0543aa43843374916f4,2026-09-13T03:00:00Z,2026-09-07T19:24:25Z,,"Mon, 07 Sep 2026 19:24:25 GMT",2026-09-07T19:24:02Z,USC Trojans,Louisiana Ragin Cajuns,betrivers,,,-31.5,-108,31.5,-115,60.0,-110,-113
2026-09-07,CFB,91ba0aefe833f0543aa43843374916f4,2026-09-13T03:00:00Z,2026-09-07T19:24:25Z,,"Mon, 07 Sep 2026 19:24:25 GMT",2026-09-07T19:24:02Z,USC Trojans,Louisiana Ragin Cajuns,fanduel,-10000,2400,-30.5,-110,30.5,-110,60.5,-110,-110
2026-09-07,CFB,baa1d54d3e3162e5a550681144369eee,2026-09-13T04:00:00Z,2026-09-07T19:24:25Z,,"Mon, 07 Sep 2026 19:24:25 GMT",2026-09-07T19:24:01Z,Hawaii Rainbow Warriors,New Mexico State Aggies,draftkings,-380,300,-9.5,-112,9.5,-108,50.5,-112,-108
2026-09-07,CFB,baa1d54d3e3162e5a550681144369eee,2026-09-13T04:00:00Z,2026-09-07T19:24:25Z,,"Mon, 07 Sep 2026 19:24:25 GMT",2026-09-07T19:23:24Z,Hawaii Rainbow Warriors,New Mexico State Aggies,betmgm,-350,290,-9.5,-112,9.5,-105,50.5,-108,-110
2026-09-07,CFB,baa1d54d3e3162e5a550681144369eee,2026-09-13T04:00:00Z,2026-09-07T19:24:25Z,,"Mon, 07 Sep 2026 19:24:25 GMT",2026-09-07T19:24:02Z,Hawaii Rainbow Warriors,New Mexico State Aggies,betrivers,-400,290,-9.5,-114,9.5,-109,50.5,-110,-113
2026-09-07,CFB,baa1d54d3e3162e5a550681144369eee,2026-09-13T04:00:00Z,2026-09-07T19:24:25Z,,"Mon, 07 Sep 2026 19:24:25 GMT",2026-09-07T19:24:02Z,Hawaii Rainbow Warriors,New Mexico State Aggies,fanduel,-350,275,-9.5,-110,9.5,-110,50.5,-110,-110
