date,sport,game_id,commence_time,snapshot_taken_at_utc,api_snapshot_timestamp_utc,response_received_at_utc,bookmaker_last_update_utc,home_team,away_team,bookmaker,ml_home,ml_away,spread_home,spread_home_odds,spread_away,spread_away_odds,total_line,total_over_odds,total_under_odds
2026-09-11,NFL,95c01d1bb797d6df14824b106c5a9130,2026-09-13T17:00:00Z,2026-09-11T18:45:30Z,,"Fri, 11 Sep 2026 18:45:30 GMT",2026-09-11T18:45:17Z,Pittsburgh Steelers,Atlanta Falcons,draftkings,-265,215,-6.0,-110,6.0,-110,41.5,-110,-110
2026-09-11,NFL,95c01d1bb797d6df14824b106c5a9130,2026-09-13T17:00:00Z,2026-09-11T18:45:30Z,,"Fri, 11 Sep 2026 18:45:30 GMT",2026-09-11T18:43:25Z,Pittsburgh Steelers,Atlanta Falcons,betrivers,-265,210,-6.0,-114,6.0,-107,41.0,-110,-110
2026-09-11,NFL,95c01d1bb797d6df14824b106c5a9130,2026-09-13T17:00:00Z,2026-09-11T18:45:30Z,,"Fri, 11 Sep 2026 18:45:30 GMT",2026-09-11T18:45:15Z,Pittsburgh Steelers,Atlanta Falcons,fanduel,-280,230,-5.5,-115,5.5,-105,40.5,-115,-105
2026-09-11,NFL,95c01d1bb797d6df14824b106c5a9130,2026-09-13T17:00:00Z,2026-09-11T18:45:30Z,,"Fri, 11 Sep 2026 18:45:30 GMT",2026-09-11T18:45:16Z,Pittsburgh Steelers,Atlanta Falcons,betmgm,-275,220,-6.0,-108,6.0,-110,41.0,-110,-108
2026-09-11,NFL,b6cfdcbafa61ce220ba87dc2d9b80c77,2026-09-13T17:00:00Z,2026-09-11T18:45:30Z,,"Fri, 11 Sep 2026 18:45:30 GMT",2026-09-11T18:45:17Z,Indianapolis Colts,Baltimore Ravens,draftkings,145,-175,3.5,-115,-3.5,-105,47.5,-115,-105
2026-09-11,NFL,b6cfdcbafa61ce220ba87dc2d9b80c77,2026-09-13T17:00:00Z,2026-09-11T18:45:30Z,,"Fri, 11 Sep 2026 18:45:30 GMT",2026-09-11T18:43:25Z,Indianapolis Colts,Baltimore Ravens,betrivers,143,-175,3.0,-106,-3.0,-115,47.5,-112,-109
2026-09-11,NFL,b6cfdcbafa61ce220ba87dc2d9b80c77,2026-09-13T17:00:00Z,2026-09-11T18:45:30Z,,"Fri, 11 Sep 2026 18:45:30 GMT",2026-09-11T18:45:15Z,Indianapolis Colts,Baltimore Ravens,fanduel,148,-176,3.5,-120,-3.5,-102,47.5,-115,-105
2026-09-11,NFL,b6cfdcbafa61ce220ba87dc2d9b80c77,2026-09-13T17:00:00Z,2026-09-11T18:45:30Z,,"Fri, 11 Sep 2026 18:45:30 GMT",2026-09-11T18:45:16Z,Indianapolis Colts,Baltimore Ravens,betmgm,155,-190,3.5,-120,-3.5,100,47.5,-112,-108
2026-09-11,NFL,7e09efed7e12c659b82740b67ce2f9a1,2026-09-13T17:00:00Z,2026-09-11T18:45:30Z,,"Fri, 11 Sep 2026 18:45:30 GMT",2026-09-11T18:45:17Z,Houston Texans,Buffalo Bills,draftkings,-102,-118,1.5,-112,-1.5,-108,44.5,-115,-105
2026-09-11,NFL,7e09efed7e12c659b82740b67ce2f9a1,2026-09-13T17:00:00Z,2026-09-11T18:45:30Z,,"Fri, 11 Sep 2026 18:45:30 GMT",2026-09-11T18:43:25Z,Houston Texans,Buffalo Bills,betrivers,102,-125,1.5,-109,-1.5,-112,45.0,-112,-109
2026-09-11,NFL,7e09efed7e12c659b82740b67ce2f9a1,2026-09-13T17:00:00Z,2026-09-11T18:45:30Z,,"Fri, 11 Sep 2026 18:45:30 GMT",2026-09-11T18:45:15Z,Houston Texans,Buffalo Bills,fanduel,100,-118,1.5,-114,-1.5,-106,44.5,-118,-104
2026-09-11,NFL,7e09efed7e12c659b82740b67ce2f9a1,2026-09-13T17:00:00Z,2026-09-11T18:45:30Z,,"Fri, 11 Sep 2026 18:45:30 GMT",2026-09-11T18:45:16Z,Houston Texans,Buffalo Bills,betmgm,105,-120,1.5,-110,-1.5,-108,45.0,-108,-110
2026-09-11,NFL,fc362aff0d889ec52d358307a70c32ed,2026-09-13T17:00:00Z,2026-09-11T18:45:30Z,,"Fri, 11 Sep 2026 18:45:30 GMT",2026-09-11T18:45:17Z,Carolina Panthers,Chicago Bears,draftkings,142,-170,3.0,-102,-3.0,-118,47.5,-110,-110
2026-09-11,NFL,fc362aff0d889ec52d358307a70c32ed,2026-09-13T17:00:00Z,2026-09-11T18:45:30Z,,"Fri, 11 Sep 2026 18:45:30 GMT",2026-09-11T18:45:15Z,Carolina Panthers,Chicago Bears,fanduel,148,-176,3.0,-105,-3.0,-115,47.5,-102,-120
2026-09-11,NFL,fc362aff0d889ec52d358307a70c32ed,2026-09-13T17:00:00Z,2026-09-11T18:45:30Z,,"Fri, 11 Sep 2026 18:45:30 GMT",2026-09-11T18:43:25Z,Carolina Panthers,Chicago Bears,betrivers,140,-175,3.0,-107,-3.0,-114,47.0,-110,-110
2026-09-11,NFL,fc362aff0d889ec52d358307a70c32ed,2026-09-13T17:00:00Z,2026-09-11T18:45:30Z,,"Fri, 11 Sep 2026 18:45:30 GMT",2026-09-11T18:45:16Z,Carolina Panthers,Chicago Bears,betmgm,145,-175,3.0,100,-3.0,-118,47.0,-110,-108
2026-09-11,NFL,ed6d24ff979f9c71979fead577b0b3f7,2026-09-13T17:00:00Z,2026-09-11T18:45:30Z,,"Fri, 11 Sep 2026 18:45:30 GMT",2026-09-11T18:45:17Z,Cincinnati Bengals,Tampa Bay Buccaneers,draftkings,-198,164,-3.5,-112,3.5,-108,50.5,-108,-112
2026-09-11,NFL,ed6d24ff979f9c71979fead577b0b3f7,2026-09-13T17:00:00Z,2026-09-11T18:45:30Z,,"Fri, 11 Sep 2026 18:45:30 GMT",2026-09-11T18:45:15Z,Cincinnati Bengals,Tampa Bay Buccaneers,fanduel,-205,172,-3.5,-115,3.5,-105,50.5,-112,-108
2026-09-11,NFL,ed6d24ff979f9c71979fead577b0b3f7,2026-09-13T17:00:00Z,2026-09-11T18:45:30Z,,"Fri, 11 Sep 2026 18:45:30 GMT",2026-09-11T18:43:25Z,Cincinnati Bengals,Tampa Bay Buccaneers,betrivers,-210,170,-4.0,-108,4.0,-113,50.5,-110,-110
2026-09-11,NFL,ed6d24ff979f9c71979fead577b0b3f7,2026-09-13T17:00:00Z,2026-09-11T18:45:30Z,,"Fri, 11 Sep 2026 18:45:30 GMT",2026-09-11T18:45:16Z,Cincinnati Bengals,Tampa Bay Buccaneers,betmgm,-210,170,-3.5,-110,3.5,-108,50.5,-108,-110
2026-09-11,NFL,e55c6fe19fce094ce214c8b0e5b504e9,2026-09-13T17:00:00Z,2026-09-11T18:45:30Z,,"Fri, 11 Sep 2026 18:45:30 GMT",2026-09-11T18:45:17Z,Jacksonville Jaguars,Cleveland Browns,draftkings,-455,350,-8.5,-112,8.5,-108,39.5,-118,-102
2026-09-11,NFL,e55c6fe19fce094ce214c8b0e5b504e9,2026-09-13T17:00:00Z,2026-09-11T18:45:30Z,,"Fri, 11 Sep 2026 18:45:30 GMT",2026-09-11T18:45:15Z,Jacksonville Jaguars,Cleveland Browns,fanduel,-460,360,-8.5,-112,8.5,-108,40.5,-104,-118
2026-09-11,NFL,e55c6fe19fce094ce214c8b0e5b504e9,2026-09-13T17:00:00Z,2026-09-11T18:45:30Z,,"Fri, 11 Sep 2026 18:45:30 GMT",2026-09-11T18:43:25Z,Jacksonville Jaguars,Cleveland Browns,betrivers,-400,310,-8.5,-108,8.5,-113,40.5,-107,-114
2026-09-11,NFL,e55c6fe19fce094ce214c8b0e5b504e9,2026-09-13T17:00:00Z,2026-09-11T18:45:30Z,,"Fri, 11 Sep 2026 18:45:30 GMT",2026-09-11T18:45:16Z,Jacksonville Jaguars,Cleveland Browns,betmgm,-450,333,-9.0,-112,9.0,-115,40.0,-110,-108
2026-09-11,NFL,c1d3fcec25aaeb06ebd2244d33d338e0,2026-09-13T17:00:00Z,2026-09-11T18:45:30Z,,"Fri, 11 Sep 2026 18:45:30 GMT",2026-09-11T18:45:17Z,Detroit Lions,New Orleans Saints,draftkings,-340,270,-7.0,-108,7.0,-112,49.5,-118,-102
2026-09-11,NFL,c1d3fcec25aaeb06ebd2244d33d338e0,2026-09-13T17:00:00Z,2026-09-11T18:45:30Z,,"Fri, 11 Sep 2026 18:45:30 GMT",2026-09-11T18:45:15Z,Detroit Lions,New Orleans Saints,fanduel,-335,270,-6.5,-122,6.5,100,49.5,-115,-105
2026-09-11,NFL,c1d3fcec25aaeb06ebd2244d33d338e0,2026-09-13T17:00:00Z,2026-09-11T18:45:30Z,,"Fri, 11 Sep 2026 18:45:30 GMT",2026-09-11T18:43:25Z,Detroit Lions,New Orleans Saints,betrivers,-345,265,-7.0,-110,7.0,-110,49.5,-113,-108
2026-09-11,NFL,c1d3fcec25aaeb06ebd2244d33d338e0,2026-09-13T17:00:00Z,2026-09-11T18:45:30Z,,"Fri, 11 Sep 2026 18:45:30 GMT",2026-09-11T18:45:16Z,Detroit Lions,New Orleans Saints,betmgm,-325,260,-7.0,-110,7.0,-110,49.5,-110,-108
2026-09-11,NFL,7dddb296a42e7a41a774b24bd1709ce1,2026-09-13T17:00:00Z,2026-09-11T18:45:30Z,,"Fri, 11 Sep 2026 18:45:30 GMT",2026-09-11T18:45:17Z,Tennessee Titans,New York Jets,draftkings,-125,105,-1.5,-110,1.5,-110,38.5,-112,-108
2026-09-11,NFL,7dddb296a42e7a41a774b24bd1709ce1,2026-09-13T17:00:00Z,2026-09-11T18:45:30Z,,"Fri, 11 Sep 2026 18:45:30 GMT",2026-09-11T18:45:15Z,Tennessee Titans,New York Jets,fanduel,-118,100,-1.5,-108,1.5,-112,38.5,-110,-110
2026-09-11,NFL,7dddb296a42e7a41a774b24bd1709ce1,2026-09-13T17:00:00Z,2026-09-11T18:45:30Z,,"Fri, 11 Sep 2026 18:45:30 GMT",2026-09-11T18:43:25Z,Tennessee Titans,New York Jets,betrivers,-125,104,-1.5,-110,1.5,-110,38.5,-110,-110
2026-09-11,NFL,7dddb296a42e7a41a774b24bd1709ce1,2026-09-13T17:00:00Z,2026-09-11T18:45:30Z,,"Fri, 11 Sep 2026 18:45:30 GMT",2026-09-11T18:45:16Z,Tennessee Titans,New York Jets,betmgm,-120,105,-1.5,-110,1.5,-108,38.5,-110,-108
2026-09-11,NFL,1edfa5ceaa1ad2cb57df1c1b908731f6,2026-09-13T20:25:00Z,2026-09-11T18:45:30Z,,"Fri, 11 Sep 2026 18:45:30 GMT",2026-09-11T18:45:17Z,Los Angeles Chargers,Arizona Cardinals,draftkings,-500,380,-9.5,-115,9.5,-105,47.5,-102,-118
2026-09-11,NFL,1edfa5ceaa1ad2cb57df1c1b908731f6,2026-09-13T20:25:00Z,2026-09-11T18:45:30Z,,"Fri, 11 Sep 2026 18:45:30 GMT",2026-09-11T18:43:25Z,Los Angeles Chargers,Arizona Cardinals,betrivers,-530,380,-9.5,-113,9.5,-108,47.0,-112,-109
2026-09-11,NFL,1edfa5ceaa1ad2cb57df1c1b908731f6,2026-09-13T20:25:00Z,2026-09-11T18:45:30Z,,"Fri, 11 Sep 2026 18:45:30 GMT",2026-09-11T18:45:15Z,Los Angeles Chargers,Arizona Cardinals,fanduel,-490,380,-9.5,-105,9.5,-115,47.5,-104,-118
2026-09-11,NFL,1edfa5ceaa1ad2cb57df1c1b908731f6,2026-09-13T20:25:00Z,2026-09-11T18:45:30Z,,"Fri, 11 Sep 2026 18:45:30 GMT",2026-09-11T18:45:16Z,Los Angeles Chargers,Arizona Cardinals,betmgm,-500,400,-9.5,-112,9.5,-118,47.5,-108,-110
2026-09-11,NFL,cb77efed7e711d25a72c1a2a0a1af119,2026-09-13T20:25:00Z,2026-09-11T18:45:30Z,,"Fri, 11 Sep 2026 18:45:30 GMT",2026-09-11T18:45:17Z,Minnesota Vikings,Green Bay Packers,draftkings,-125,105,-1.5,-112,1.5,-108,46.5,-108,-112
2026-09-11,NFL,cb77efed7e711d25a72c1a2a0a1af119,2026-09-13T20:25:00Z,2026-09-11T18:45:30Z,,"Fri, 11 Sep 2026 18:45:30 GMT",2026-09-11T18:43:25Z,Minnesota Vikings,Green Bay Packers,betrivers,-124,102,-1.5,-109,1.5,-112,46.0,-113,-108
2026-09-11,NFL,cb77efed7e711d25a72c1a2a0a1af119,2026-09-13T20:25:00Z,2026-09-11T18:45:30Z,,"Fri, 11 Sep 2026 18:45:30 GMT",2026-09-11T18:45:15Z,Minnesota Vikings,Green Bay Packers,fanduel,-122,104,-1.5,-110,1.5,-110,46.5,-110,-110
2026-09-11,NFL,cb77efed7e711d25a72c1a2a0a1af119,2026-09-13T20:25:00Z,2026-09-11T18:45:30Z,,"Fri, 11 Sep 2026 18:45:30 GMT",2026-09-11T18:45:16Z,Minnesota Vikings,Green Bay Packers,betmgm,-130,105,-2.0,-108,2.0,-110,46.5,-108,-110
2026-09-11,NFL,c5d95f48a16849ab6bebc68fbbfcb74a,2026-09-13T20:25:00Z,2026-09-11T18:45:30Z,,"Fri, 11 Sep 2026 18:45:30 GMT",2026-09-11T18:45:17Z,Las Vegas Raiders,Miami Dolphins,draftkings,-170,142,-3.0,-112,3.0,-108,40.5,-105,-115
2026-09-11,NFL,c5d95f48a16849ab6bebc68fbbfcb74a,2026-09-13T20:25:00Z,2026-09-11T18:45:30Z,,"Fri, 11 Sep 2026 18:45:30 GMT",2026-09-11T18:43:25Z,Las Vegas Raiders,Miami Dolphins,betrivers,-159,130,-3.0,-114,3.0,-107,40.5,-107,-114
2026-09-11,NFL,c5d95f48a16849ab6bebc68fbbfcb74a,2026-09-13T20:25:00Z,2026-09-11T18:45:30Z,,"Fri, 11 Sep 2026 18:45:30 GMT",2026-09-11T18:45:15Z,Las Vegas Raiders,Miami Dolphins,fanduel,-176,148,-3.0,-120,3.0,-102,39.5,-115,-105
2026-09-11,NFL,c5d95f48a16849ab6bebc68fbbfcb74a,2026-09-13T20:25:00Z,2026-09-11T18:45:30Z,,"Fri, 11 Sep 2026 18:45:30 GMT",2026-09-11T18:45:16Z,Las Vegas Raiders,Miami Dolphins,betmgm,-175,145,-3.0,-110,3.0,-108,40.5,-108,-110
2026-09-11,NFL,17885cb8dcade8f6c3bce14b2de805e8,2026-09-13T20:25:00Z,2026-09-11T18:45:30Z,,"Fri, 11 Sep 2026 18:45:30 GMT",2026-09-11T18:45:17Z,Philadelphia Eagles,Washington Commanders,draftkings,-250,205,-6.0,-108,6.0,-112,44.5,-105,-115
2026-09-11,NFL,17885cb8dcade8f6c3bce14b2de805e8,2026-09-13T20:25:00Z,2026-09-11T18:45:30Z,,"Fri, 11 Sep 2026 18:45:30 GMT",2026-09-11T18:45:15Z,Philadelphia Eagles,Washington Commanders,fanduel,-250,205,-5.5,-110,5.5,-110,44.5,-105,-115
2026-09-11,NFL,17885cb8dcade8f6c3bce14b2de805e8,2026-09-13T20:25:00Z,2026-09-11T18:45:30Z,,"Fri, 11 Sep 2026 18:45:30 GMT",2026-09-11T18:43:25Z,Philadelphia Eagles,Washington Commanders,betrivers,-250,205,-5.5,-110,5.5,-110,44.5,-106,-114
2026-09-11,NFL,17885cb8dcade8f6c3bce14b2de805e8,2026-09-13T20:25:00Z,2026-09-11T18:45:30Z,,"Fri, 11 Sep 2026 18:45:30 GMT",2026-09-11T18:45:16Z,Philadelphia Eagles,Washington Commanders,betmgm,-235,200,-5.5,-110,5.5,-108,44.5,-105,-112
2026-09-11,NFL,3e646c7479c57f5d9752d8c7dfe7059b,2026-09-14T00:20:00Z,2026-09-11T18:45:30Z,,"Fri, 11 Sep 2026 18:45:30 GMT",2026-09-11T18:45:17Z,New York Giants,Dallas Cowboys,draftkings,136,-162,3.0,-115,-3.0,-105,48.5,-105,-115
2026-09-11,NFL,3e646c7479c57f5d9752d8c7dfe7059b,2026-09-14T00:20:00Z,2026-09-11T18:45:30Z,,"Fri, 11 Sep 2026 18:45:30 GMT",2026-09-11T18:45:15Z,New York Giants,Dallas Cowboys,fanduel,136,-162,2.5,102,-2.5,-124,48.5,-105,-115
2026-09-11,NFL,3e646c7479c57f5d9752d8c7dfe7059b,2026-09-14T00:20:00Z,2026-09-11T18:45:30Z,,"Fri, 11 Sep 2026 18:45:30 GMT",2026-09-11T18:45:16Z,New York Giants,Dallas Cowboys,betmgm,135,-160,3.0,-112,-3.0,-105,48.0,-110,-108
2026-09-11,NFL,3e646c7479c57f5d9752d8c7dfe7059b,2026-09-14T00:20:00Z,2026-09-11T18:45:30Z,,"Fri, 11 Sep 2026 18:45:30 GMT",2026-09-11T18:43:25Z,New York Giants,Dallas Cowboys,betrivers,132,-157,3.0,-110,-3.0,-110,48.0,-109,-112
2026-09-11,NFL,5ad8135dc2b5f27de0b777acd317855a,2026-09-15T00:15:00Z,2026-09-11T18:45:30Z,,"Fri, 11 Sep 2026 18:45:30 GMT",2026-09-11T18:45:17Z,Kansas City Chiefs,Denver Broncos,draftkings,-148,124,-2.5,-118,2.5,-102,43.5,-115,-105
2026-09-11,NFL,5ad8135dc2b5f27de0b777acd317855a,2026-09-15T00:15:00Z,2026-09-11T18:45:30Z,,"Fri, 11 Sep 2026 18:45:30 GMT",2026-09-11T18:45:15Z,Kansas City Chiefs,Denver Broncos,fanduel,-138,118,-2.5,-112,2.5,-108,43.5,-112,-108
2026-09-11,NFL,5ad8135dc2b5f27de0b777acd317855a,2026-09-15T00:15:00Z,2026-09-11T18:45:30Z,,"Fri, 11 Sep 2026 18:45:30 GMT",2026-09-11T18:45:16Z,Kansas City Chiefs,Denver Broncos,betmgm,-145,120,-2.5,-115,2.5,-105,43.5,-110,-108
2026-09-11,NFL,5ad8135dc2b5f27de0b777acd317855a,2026-09-15T00:15:00Z,2026-09-11T18:45:30Z,,"Fri, 11 Sep 2026 18:45:30 GMT",2026-09-11T18:43:25Z,Kansas City Chiefs,Denver Broncos,betrivers,-148,120,-2.5,-118,2.5,-103,43.5,-108,-113
2026-09-11,NFL,56e8897681915f7ec92baeee952bb1ae,2026-09-18T00:15:00Z,2026-09-11T18:45:30Z,,"Fri, 11 Sep 2026 18:45:30 GMT",2026-09-11T18:45:17Z,Buffalo Bills,Detroit Lions,draftkings,-162,136,-3.0,-115,3.0,-105,51.5,-115,-105
2026-09-11,NFL,56e8897681915f7ec92baeee952bb1ae,2026-09-18T00:15:00Z,2026-09-11T18:45:30Z,,"Fri, 11 Sep 2026 18:45:30 GMT",2026-09-11T18:45:15Z,Buffalo Bills,Detroit Lions,fanduel,-196,164,-3.5,-110,3.5,-110,52.5,-110,-110
2026-09-11,NFL,56e8897681915f7ec92baeee952bb1ae,2026-09-18T00:15:00Z,2026-09-11T18:45:30Z,,"Fri, 11 Sep 2026 18:45:30 GMT",2026-09-11T18:43:25Z,Buffalo Bills,Detroit Lions,betrivers,-175,140,-3.0,-112,3.0,-109,52.5,-109,-112
2026-09-11,NFL,aee7eae1849ebb103b9bf233e9741392,2026-09-20T17:00:00Z,2026-09-11T18:45:30Z,,"Fri, 11 Sep 2026 18:45:30 GMT",2026-09-11T18:45:17Z,Atlanta Falcons,Carolina Panthers,draftkings,-125,105,-1.5,-110,1.5,-110,42.5,-110,-110
2026-09-11,NFL,aee7eae1849ebb103b9bf233e9741392,2026-09-20T17:00:00Z,2026-09-11T18:45:30Z,,"Fri, 11 Sep 2026 18:45:30 GMT",2026-09-11T18:45:15Z,Atlanta Falcons,Carolina Panthers,fanduel,-108,-108,-1.5,100,1.5,-122,42.5,-110,-110
2026-09-11,NFL,aee7eae1849ebb103b9bf233e9741392,2026-09-20T17:00:00Z,2026-09-11T18:45:30Z,,"Fri, 11 Sep 2026 18:45:30 GMT",2026-09-11T18:43:25Z,Atlanta Falcons,Carolina Panthers,betrivers,-124,102,-1.5,-110,1.5,-110,43.5,-110,-110
2026-09-11,NFL,2143ade9684fd876b68a4e8cbf451f05,2026-09-20T17:00:00Z,2026-09-11T18:45:30Z,,"Fri, 11 Sep 2026 18:45:30 GMT",2026-09-11T18:45:17Z,Baltimore Ravens,New Orleans Saints,draftkings,-375,295,-7.5,-110,7.5,-110,46.5,-110,-110
2026-09-11,NFL,2143ade9684fd876b68a4e8cbf451f05,2026-09-20T17:00:00Z,2026-09-11T18:45:30Z,,"Fri, 11 Sep 2026 18:45:30 GMT",2026-09-11T18:45:15Z,Baltimore Ravens,New Orleans Saints,fanduel,-460,360,-8.5,-104,8.5,-118,46.5,-118,-104
2026-09-11,NFL,2143ade9684fd876b68a4e8cbf451f05,2026-09-20T17:00:00Z,2026-09-11T18:45:30Z,,"Fri, 11 Sep 2026 18:45:30 GMT",2026-09-11T18:43:25Z,Baltimore Ravens,New Orleans Saints,betrivers,-400,300,-7.5,-112,7.5,-109,46.5,-110,-110
2026-09-11,NFL,0283a29e1b38ef78b29b904fd56a16dd,2026-09-20T17:00:00Z,2026-09-11T18:45:30Z,,"Fri, 11 Sep 2026 18:45:30 GMT",2026-09-11T18:45:17Z,Chicago Bears,Minnesota Vikings,draftkings,-170,142,-3.0,-110,3.0,-110,45.5,-110,-110
2026-09-11,NFL,0283a29e1b38ef78b29b904fd56a16dd,2026-09-20T17:00:00Z,2026-09-11T18:45:30Z,,"Fri, 11 Sep 2026 18:45:30 GMT",2026-09-11T18:45:15Z,Chicago Bears,Minnesota Vikings,fanduel,-164,138,-3.0,-110,3.0,-110,46.5,-110,-110
2026-09-11,NFL,0283a29e1b38ef78b29b904fd56a16dd,2026-09-20T17:00:00Z,2026-09-11T18:45:30Z,,"Fri, 11 Sep 2026 18:45:30 GMT",2026-09-11T18:43:25Z,Chicago Bears,Minnesota Vikings,betrivers,-165,135,-3.0,-110,3.0,-110,45.5,-112,-109
2026-09-11,NFL,36ad2fa722f4915ef23d2c81351261de,2026-09-20T17:00:00Z,2026-09-11T18:45:30Z,,"Fri, 11 Sep 2026 18:45:30 GMT",2026-09-11T18:45:17Z,Houston Texans,Cincinnati Bengals,draftkings,-148,124,-2.5,-118,2.5,-102,45.5,-110,-110
2026-09-11,NFL,36ad2fa722f4915ef23d2c81351261de,2026-09-20T17:00:00Z,2026-09-11T18:45:30Z,,"Fri, 11 Sep 2026 18:45:30 GMT",2026-09-11T18:45:15Z,Houston Texans,Cincinnati Bengals,fanduel,-136,116,-2.5,-110,2.5,-110,46.5,-110,-110
2026-09-11,NFL,36ad2fa722f4915ef23d2c81351261de,2026-09-20T17:00:00Z,2026-09-11T18:45:30Z,,"Fri, 11 Sep 2026 18:45:30 GMT",2026-09-11T18:43:25Z,Houston Texans,Cincinnati Bengals,betrivers,-141,116,-2.5,-112,2.5,-109,46.0,-113,-108
2026-09-11,NFL,0636ebff776d43f8c829a36713c80b22,2026-09-20T17:00:00Z,2026-09-11T18:45:30Z,,"Fri, 11 Sep 2026 18:45:30 GMT",2026-09-11T18:45:17Z,Tampa Bay Buccaneers,Cleveland Browns,draftkings,-285,230,-6.5,-110,6.5,-110,42.5,-110,-110
2026-09-11,NFL,0636ebff776d43f8c829a36713c80b22,2026-09-20T17:00:00Z,2026-09-11T18:45:30Z,,"Fri, 11 Sep 2026 18:45:30 GMT",2026-09-11T18:45:15Z,Tampa Bay Buccaneers,Cleveland Browns,fanduel,-330,265,-6.5,-115,6.5,-105,40.5,-105,-115
2026-09-11,NFL,0636ebff776d43f8c829a36713c80b22,2026-09-20T17:00:00Z,2026-09-11T18:45:30Z,,"Fri, 11 Sep 2026 18:45:30 GMT",2026-09-11T18:43:25Z,Tampa Bay Buccaneers,Cleveland Browns,betrivers,-295,230,-6.5,-110,6.5,-110,41.5,-110,-110
2026-09-11,NFL,4aeee070bb6ec60bdfae4dede61b9014,2026-09-20T17:00:00Z,2026-09-11T18:45:30Z,,"Fri, 11 Sep 2026 18:45:30 GMT",2026-09-11T18:45:17Z,New York Jets,Green Bay Packers,draftkings,200,-245,5.5,-110,-5.5,-110,42.5,-110,-110
2026-09-11,NFL,4aeee070bb6ec60bdfae4dede61b9014,2026-09-20T17:00:00Z,2026-09-11T18:45:30Z,,"Fri, 11 Sep 2026 18:45:30 GMT",2026-09-11T18:45:15Z,New York Jets,Green Bay Packers,fanduel,200,-245,5.5,-110,-5.5,-110,42.5,-118,-104
2026-09-11,NFL,4aeee070bb6ec60bdfae4dede61b9014,2026-09-20T17:00:00Z,2026-09-11T18:45:30Z,,"Fri, 11 Sep 2026 18:45:30 GMT",2026-09-11T18:43:25Z,New York Jets,Green Bay Packers,betrivers,200,-245,5.5,-109,-5.5,-112,42.5,-112,-109
2026-09-11,NFL,9d14f87600f6edc74dbcb5c74edf6246,2026-09-20T17:00:00Z,2026-09-11T18:45:30Z,,"Fri, 11 Sep 2026 18:45:30 GMT",2026-09-11T18:45:17Z,New England Patriots,Pittsburgh Steelers,draftkings,-205,170,-4.5,-105,4.5,-115,43.5,-110,-110
2026-09-11,NFL,9d14f87600f6edc74dbcb5c74edf6246,2026-09-20T17:00:00Z,2026-09-11T18:45:30Z,,"Fri, 11 Sep 2026 18:45:30 GMT",2026-09-11T18:43:25Z,New England Patriots,Pittsburgh Steelers,betrivers,-210,170,-4.5,-110,4.5,-110,43.5,-112,-109
2026-09-11,NFL,fafc649c455e32a0f2ba1bd06e2039bc,2026-09-20T17:00:00Z,2026-09-11T18:45:30Z,,"Fri, 11 Sep 2026 18:45:30 GMT",2026-09-11T18:45:17Z,Tennessee Titans,Philadelphia Eagles,draftkings,190,-230,5.5,-110,-5.5,-110,42.5,-110,-110
2026-09-11,NFL,fafc649c455e32a0f2ba1bd06e2039bc,2026-09-20T17:00:00Z,2026-09-11T18:45:30Z,,"Fri, 11 Sep 2026 18:45:30 GMT",2026-09-11T18:45:15Z,Tennessee Titans,Philadelphia Eagles,fanduel,210,-255,5.5,-110,-5.5,-110,41.5,-115,-105
2026-09-11,NFL,fafc649c455e32a0f2ba1bd06e2039bc,2026-09-20T17:00:00Z,2026-09-11T18:45:30Z,,"Fri, 11 Sep 2026 18:45:30 GMT",2026-09-11T18:43:25Z,Tennessee Titans,Philadelphia Eagles,betrivers,200,-245,5.5,-110,-5.5,-110,42.5,-110,-110
2026-09-11,NFL,1fd6628c781f556a7a19638e97d7107f,2026-09-20T20:05:00Z,2026-09-11T18:45:30Z,,"Fri, 11 Sep 2026 18:45:30 GMT",2026-09-11T18:45:17Z,Denver Broncos,Jacksonville Jaguars,draftkings,-155,130,-3.0,-110,3.0,-110,43.5,-110,-110
2026-09-11,NFL,1fd6628c781f556a7a19638e97d7107f,2026-09-20T20:05:00Z,2026-09-11T18:45:30Z,,"Fri, 11 Sep 2026 18:45:30 GMT",2026-09-11T18:45:15Z,Denver Broncos,Jacksonville Jaguars,fanduel,-142,120,-2.5,-114,2.5,-106,44.5,-118,-104
2026-09-11,NFL,1fd6628c781f556a7a19638e97d7107f,2026-09-20T20:05:00Z,2026-09-11T18:45:30Z,,"Fri, 11 Sep 2026 18:45:30 GMT",2026-09-11T18:43:25Z,Denver Broncos,Jacksonville Jaguars,betrivers,-148,120,-3.0,-109,3.0,-112,44.5,-110,-110
2026-09-11,NFL,71b3b83747589efdc5baef2c5cf811bf,2026-09-20T20:05:00Z,2026-09-11T18:45:30Z,,"Fri, 11 Sep 2026 18:45:30 GMT",2026-09-11T18:45:17Z,Los Angeles Chargers,Las Vegas Raiders,draftkings,-395,310,-9.5,-110,9.5,-110,42.5,-110,-110
2026-09-11,NFL,71b3b83747589efdc5baef2c5cf811bf,2026-09-20T20:05:00Z,2026-09-11T18:45:30Z,,"Fri, 11 Sep 2026 18:45:30 GMT",2026-09-11T18:45:15Z,Los Angeles Chargers,Las Vegas Raiders,fanduel,-520,400,-9.5,-106,9.5,-114,42.5,-105,-115
2026-09-11,NFL,71b3b83747589efdc5baef2c5cf811bf,2026-09-20T20:05:00Z,2026-09-11T18:45:30Z,,"Fri, 11 Sep 2026 18:45:30 GMT",2026-09-11T18:43:25Z,Los Angeles Chargers,Las Vegas Raiders,betrivers,-435,320,-9.5,-110,9.5,-110,42.5,-108,-113
2026-09-11,NFL,85ef85098ddd22fe4ecf45e7e3c0a9c0,2026-09-20T20:25:00Z,2026-09-11T18:45:30Z,,"Fri, 11 Sep 2026 18:45:30 GMT",2026-09-11T18:45:17Z,Dallas Cowboys,Washington Commanders,draftkings,-205,170,-4.5,-105,4.5,-115,51.5,-110,-110
2026-09-11,NFL,85ef85098ddd22fe4ecf45e7e3c0a9c0,2026-09-20T20:25:00Z,2026-09-11T18:45:30Z,,"Fri, 11 Sep 2026 18:45:30 GMT",2026-09-11T18:45:15Z,Dallas Cowboys,Washington Commanders,fanduel,-230,190,-4.5,-115,4.5,-105,51.5,-115,-105
2026-09-11,NFL,85ef85098ddd22fe4ecf45e7e3c0a9c0,2026-09-20T20:25:00Z,2026-09-11T18:45:30Z,,"Fri, 11 Sep 2026 18:45:30 GMT",2026-09-11T18:43:25Z,Dallas Cowboys,Washington Commanders,betrivers,-220,175,-4.5,-112,4.5,-109,51.5,-109,-112
2026-09-11,NFL,50bc247030707d823b9c3581d7eb5760,2026-09-21T00:20:00Z,2026-09-11T18:45:30Z,,"Fri, 11 Sep 2026 18:45:30 GMT",2026-09-11T18:45:17Z,Kansas City Chiefs,Indianapolis Colts,draftkings,-310,250,-6.5,-110,6.5,-110,47.5,-110,-110
2026-09-11,NFL,50bc247030707d823b9c3581d7eb5760,2026-09-21T00:20:00Z,2026-09-11T18:45:30Z,,"Fri, 11 Sep 2026 18:45:30 GMT",2026-09-11T18:45:15Z,Kansas City Chiefs,Indianapolis Colts,fanduel,-250,205,-5.5,-110,5.5,-110,46.5,-110,-110
2026-09-11,NFL,50bc247030707d823b9c3581d7eb5760,2026-09-21T00:20:00Z,2026-09-11T18:45:30Z,,"Fri, 11 Sep 2026 18:45:30 GMT",2026-09-11T18:43:25Z,Kansas City Chiefs,Indianapolis Colts,betrivers,-278,220,-6.5,-109,6.5,-112,47.5,-109,-112
2026-09-11,NFL,e5fbd3b3953b896b1bf897ddadb3cc4b,2026-09-25T00:15:00Z,2026-09-11T18:45:30Z,,"Fri, 11 Sep 2026 18:45:30 GMT",2026-09-11T18:45:17Z,Green Bay Packers,Atlanta Falcons,draftkings,-375,295,-7.5,-110,7.5,-110,46.5,-110,-110
2026-09-11,NFL,b225458a282e140c44c45651255f2f6c,2026-09-27T17:00:00Z,2026-09-11T18:45:30Z,,"Fri, 11 Sep 2026 18:45:30 GMT",2026-09-11T18:45:17Z,Buffalo Bills,Los Angeles Chargers,draftkings,-162,136,-3.0,-110,3.0,-110,48.5,-110,-110
2026-09-11,NFL,613b8cd3a5fab58f7be4e3fd6f76223e,2026-09-27T17:00:00Z,2026-09-11T18:45:30Z,,"Fri, 11 Sep 2026 18:45:30 GMT",2026-09-11T18:45:17Z,Cleveland Browns,Carolina Panthers,draftkings,105,-125,1.5,-110,-1.5,-110,39.5,-110,-110
2026-09-11,NFL,71123be049587b6facce3a20c53e5d09,2026-09-27T17:00:00Z,2026-09-11T18:45:30Z,,"Fri, 11 Sep 2026 18:45:30 GMT",2026-09-11T18:45:17Z,Pittsburgh Steelers,Cincinnati Bengals,draftkings,105,-125,1.5,-110,-1.5,-110,46.5,-118,-102
2026-09-11,NFL,07f552badfa8a565d1be22123713e4da,2026-09-27T17:00:00Z,2026-09-11T18:45:30Z,,"Fri, 11 Sep 2026 18:45:30 GMT",2026-09-11T18:45:17Z,Detroit Lions,New York Jets,draftkings,-425,330,-9.5,-110,9.5,-110,45.5,-110,-110
2026-09-11,NFL,17a730b7d399feeab6a78c30767c29d2,2026-09-27T17:00:00Z,2026-09-11T18:45:30Z,,"Fri, 11 Sep 2026 18:45:30 GMT",2026-09-11T18:45:17Z,Indianapolis Colts,Houston Texans,draftkings,102,-122,1.5,-110,-1.5,-110,45.5,-110,-110
2026-09-11,NFL,0339a0e41bcee12820eb3e64bb5fadb4,2026-09-27T17:00:00Z,2026-09-11T18:45:30Z,,"Fri, 11 Sep 2026 18:45:30 GMT",2026-09-11T18:45:17Z,Miami Dolphins,Kansas City Chiefs,draftkings,340,-440,7.5,-110,-7.5,-110,44.5,-110,-110
2026-09-11,NFL,555afd4a27aaa392662881cffa8f2eef,2026-09-27T17:00:00Z,2026-09-11T18:45:30Z,,"Fri, 11 Sep 2026 18:45:30 GMT",2026-09-11T18:45:17Z,New York Giants,Tennessee Titans,draftkings,-166,140,-3.0,-115,3.0,-105,44.5,-110,-110
2026-09-11,NFL,f1724dead3eab61546033032fc782375,2026-09-27T20:05:00Z,2026-09-11T18:45:30Z,,"Fri, 11 Sep 2026 18:45:30 GMT",2026-09-11T18:45:17Z,Tampa Bay Buccaneers,Minnesota Vikings,draftkings,-125,105,-1.5,-110,1.5,-110,44.5,-110,-110
2026-09-11,NFL,84cfca14efc21363fd605508404cf1ff,2026-09-27T20:25:00Z,2026-09-11T18:45:30Z,,"Fri, 11 Sep 2026 18:45:30 GMT",2026-09-11T18:45:17Z,Dallas Cowboys,Baltimore Ravens,draftkings,114,-135,2.5,-110,-2.5,-110,51.5,-110,-110
2026-09-11,NFL,2e523fcb0497aa689473e290eb2b97de,2026-09-27T20:25:00Z,2026-09-11T18:45:30Z,,"Fri, 11 Sep 2026 18:45:30 GMT",2026-09-11T18:45:17Z,New Orleans Saints,Las Vegas Raiders,draftkings,-185,154,-3.5,-110,3.5,-110,42.5,-110,-110
2026-09-11,NFL,47dc7baa254659f3beb2ed2b38c207b6,2026-09-29T00:15:00Z,2026-09-11T18:45:30Z,,"Fri, 11 Sep 2026 18:45:30 GMT",2026-09-11T18:45:17Z,Chicago Bears,Philadelphia Eagles,draftkings,-118,-102,-1.5,-105,1.5,-115,46.5,-110,-110
2026-09-11,NFL,d55cb69fed50a09170560b5b75d8de86,2026-10-02T00:15:00Z,2026-09-11T18:45:30Z,,"Fri, 11 Sep 2026 18:45:30 GMT",2026-09-11T18:45:17Z,Cleveland Browns,Pittsburgh Steelers,draftkings,114,-135,2.5,-110,-2.5,-110,40.5,-110,-110
2026-09-11,NFL,c9d8ed8aa4889486eaf10a630138ede0,2026-10-04T13:30:00Z,2026-09-11T18:45:30Z,,"Fri, 11 Sep 2026 18:45:30 GMT",2026-09-11T18:45:17Z,Washington Commanders,Indianapolis Colts,draftkings,-118,-102,-1.5,-105,1.5,-115,50.5,-110,-110
2026-09-11,NFL,664e6bda5721dc63be16bcf7d962a436,2026-10-04T17:00:00Z,2026-09-11T18:45:30Z,,"Fri, 11 Sep 2026 18:45:30 GMT",2026-09-11T18:45:17Z,New York Giants,Arizona Cardinals,draftkings,-325,260,-7.0,-110,7.0,-110,45.5,-110,-110
2026-09-11,NFL,f01589b0e7e6dd4f4ac1220a1db81f53,2026-10-04T17:00:00Z,2026-09-11T18:45:30Z,,"Fri, 11 Sep 2026 18:45:30 GMT",2026-09-11T18:45:17Z,Baltimore Ravens,Tennessee Titans,draftkings,-395,310,-8.5,-110,8.5,-110,47.5,-110,-110
2026-09-11,NFL,164e6eb68f31bac190381903c3cccd31,2026-10-04T17:00:00Z,2026-09-11T18:45:30Z,,"Fri, 11 Sep 2026 18:45:30 GMT",2026-09-11T18:45:17Z,Chicago Bears,New York Jets,draftkings,-440,340,-8.5,-110,8.5,-110,45.5,-110,-110
2026-09-11,NFL,2ea94ddf20f66432b9024fe2e2eaba5f,2026-10-04T17:00:00Z,2026-09-11T18:45:30Z,,"Fri, 11 Sep 2026 18:45:30 GMT",2026-09-11T18:45:17Z,Cincinnati Bengals,Jacksonville Jaguars,draftkings,-135,114,-2.5,-110,2.5,-110,51.5,-110,-110
2026-09-11,NFL,daf55e2df5341c007fee5a0fc5bbc2d4,2026-10-04T17:00:00Z,2026-09-11T18:45:30Z,,"Fri, 11 Sep 2026 18:45:30 GMT",2026-09-11T18:45:17Z,Houston Texans,Dallas Cowboys,draftkings,-135,114,-2.5,-110,2.5,-110,47.5,-110,-110
2026-09-11,NFL,99a9bae4dc0dc2590496bd3102b211f2,2026-10-04T17:00:00Z,2026-09-11T18:45:30Z,,"Fri, 11 Sep 2026 18:45:30 GMT",2026-09-11T18:45:17Z,Tampa Bay Buccaneers,Green Bay Packers,draftkings,105,-125,1.5,-110,-1.5,-110,47.5,-110,-110
2026-09-11,NFL,c327223d76a3b7b0db8c6c104442f44b,2026-10-04T20:05:00Z,2026-09-11T18:45:30Z,,"Fri, 11 Sep 2026 18:45:30 GMT",2026-09-11T18:45:17Z,Minnesota Vikings,Miami Dolphins,draftkings,-395,310,-7.5,-110,7.5,-110,43.5,-110,-110
2026-09-11,NFL,e0cbd266dcf997089203a1b33ba0333d,2026-10-04T20:25:00Z,2026-09-11T18:45:30Z,,"Fri, 11 Sep 2026 18:45:30 GMT",2026-09-11T18:45:17Z,Las Vegas Raiders,Kansas City Chiefs,draftkings,205,-250,5.5,-110,-5.5,-110,43.5,-110,-110
2026-09-11,NFL,a73a76599a4f3422803e57bd8f61b626,2026-10-05T00:20:00Z,2026-09-11T18:45:30Z,,"Fri, 11 Sep 2026 18:45:30 GMT",2026-09-11T18:45:17Z,Carolina Panthers,Detroit Lions,draftkings,136,-162,3.0,-110,-3.0,-110,47.5,-110,-110
2026-09-11,NFL,8bd90781e17e6d97df3941063cedae1e,2026-10-06T00:15:00Z,2026-09-11T18:45:30Z,,"Fri, 11 Sep 2026 18:45:30 GMT",2026-09-11T18:45:17Z,New Orleans Saints,Atlanta Falcons,draftkings,-135,114,-2.5,-110,2.5,-110,45.5,-115,-105
2026-09-11,NFL,259b5df9aa0d10257f56de78523495e0,2026-10-09T00:15:00Z,2026-09-11T18:45:30Z,,"Fri, 11 Sep 2026 18:45:30 GMT",2026-09-11T18:45:17Z,Dallas Cowboys,Tampa Bay Buccaneers,draftkings,-205,170,-3.5,-110,3.5,-110,52.5,-110,-110
2026-09-11,NFL,21b26266f3d78af02eb672e606275d95,2026-10-11T13:30:00Z,2026-09-11T18:45:30Z,,"Fri, 11 Sep 2026 18:45:30 GMT",2026-09-11T18:45:17Z,Jacksonville Jaguars,Philadelphia Eagles,draftkings,105,-125,1.5,-110,-1.5,-110,45.5,-110,-110
2026-09-11,NFL,c4647ca1201e6768501877267ca8251b,2026-10-11T17:00:00Z,2026-09-11T18:45:30Z,,"Fri, 11 Sep 2026 18:45:30 GMT",2026-09-11T18:45:17Z,Miami Dolphins,Cincinnati Bengals,draftkings,225,-278,6.0,-110,-6.0,-110,49.5,-110,-110
2026-09-11,NFL,9db4ed15fe34fca1fb62f040cd244591,2026-10-11T17:00:00Z,2026-09-11T18:45:30Z,,"Fri, 11 Sep 2026 18:45:30 GMT",2026-09-11T18:45:17Z,New York Jets,Cleveland Browns,draftkings,-130,110,-2.5,-105,2.5,-115,39.5,-110,-110
2026-09-11,NFL,cc52bba56e74f5cddbe9011046181c3d,2026-10-11T17:00:00Z,2026-09-11T18:45:30Z,,"Fri, 11 Sep 2026 18:45:30 GMT",2026-09-11T18:45:17Z,Tennessee Titans,Houston Texans,draftkings,154,-185,3.5,-110,-3.5,-110,43.5,-110,-110
2026-09-11,NFL,448d7cf18c6db4c811ed82ded1b72867,2026-10-11T17:00:00Z,2026-09-11T18:45:30Z,,"Fri, 11 Sep 2026 18:45:30 GMT",2026-09-11T18:45:17Z,Pittsburgh Steelers,Indianapolis Colts,draftkings,-142,120,-2.5,-110,2.5,-110,47.5,-110,-110
2026-09-11,NFL,2cda9bf0fbe35a2735f0dd8aaafe9eff,2026-10-11T17:00:00Z,2026-09-11T18:45:30Z,,"Fri, 11 Sep 2026 18:45:30 GMT",2026-09-11T18:45:17Z,New Orleans Saints,Minnesota Vikings,draftkings,105,-125,1.5,-110,-1.5,-110,44.5,-110,-110
2026-09-11,NFL,fbffd0b7722fd81d68d5d62472dc80e8,2026-10-11T17:00:00Z,2026-09-11T18:45:30Z,,"Fri, 11 Sep 2026 18:45:30 GMT",2026-09-11T18:45:17Z,Washington Commanders,New York Giants,draftkings,-130,110,-2.5,-105,2.5,-115,48.5,-110,-110
2026-09-11,NFL,d1d408fdfd272046fb517fe992a1c5a0,2026-10-11T20:05:00Z,2026-09-11T18:45:30Z,,"Fri, 11 Sep 2026 18:45:30 GMT",2026-09-11T18:45:17Z,Los Angeles Chargers,Denver Broncos,draftkings,-142,120,-2.5,-110,2.5,-110,44.5,-110,-110
2026-09-11,NFL,f8e7f43f73aa983c5c99c189587f0118,2026-10-11T20:25:00Z,2026-09-11T18:45:30Z,,"Fri, 11 Sep 2026 18:45:30 GMT",2026-09-11T18:45:17Z,Arizona Cardinals,Detroit Lions,draftkings,310,-395,8.5,-110,-8.5,-110,48.5,-110,-110
2026-09-11,NFL,2caea57b1e5cfbba1334cfbfd46f6771,2026-10-11T20:25:00Z,2026-09-11T18:45:30Z,,"Fri, 11 Sep 2026 18:45:30 GMT",2026-09-11T18:45:17Z,Green Bay Packers,Chicago Bears,draftkings,-166,140,-3.0,-110,3.0,-110,49.5,-110,-110
2026-09-11,NFL,86457f91112732f21ad4bb7d37bd291c,2026-10-12T00:20:00Z,2026-09-11T18:45:30Z,,"Fri, 11 Sep 2026 18:45:30 GMT",2026-09-11T18:45:17Z,Atlanta Falcons,Baltimore Ravens,draftkings,170,-205,4.5,-110,-4.5,-110,48.5,-110,-110
2026-09-11,NFL,57418b2cf5aca558b3c98eafac1e264a,2026-10-18T13:30:00Z,2026-09-11T18:45:30Z,,"Fri, 11 Sep 2026 18:45:30 GMT",2026-09-11T18:45:17Z,Jacksonville Jaguars,Houston Texans,draftkings,-112,-108,-1.5,102,1.5,-122,42.5,-110,-110
2026-09-11,NFL,7c312fdf24fb35f58b0e07c2932cc997,2026-10-18T17:00:00Z,2026-09-11T18:45:30Z,,"Fri, 11 Sep 2026 18:45:30 GMT",2026-09-11T18:45:17Z,Atlanta Falcons,Chicago Bears,draftkings,130,-155,3.0,-110,-3.0,-110,47.5,-110,-110
2026-09-11,NFL,e86227938fd3cf008fc5648fb5128344,2026-10-18T17:00:00Z,2026-09-11T18:45:30Z,,"Fri, 11 Sep 2026 18:45:30 GMT",2026-09-11T18:45:17Z,Cleveland Browns,Baltimore Ravens,draftkings,205,-250,6.5,-110,-6.5,-110,44.5,-110,-110
2026-09-11,NFL,caca2d752fe1a1779029082e95332fcc,2026-10-18T17:00:00Z,2026-09-11T18:45:30Z,,"Fri, 11 Sep 2026 18:45:30 GMT",2026-09-11T18:45:17Z,Philadelphia Eagles,Carolina Panthers,draftkings,-278,225,-6.5,-110,6.5,-110,43.5,-110,-110
2026-09-11,NFL,84aa9e190e625d7e9cd67e1f157a45b4,2026-10-18T17:00:00Z,2026-09-11T18:45:30Z,,"Fri, 11 Sep 2026 18:45:30 GMT",2026-09-11T18:45:17Z,Indianapolis Colts,Tennessee Titans,draftkings,-198,164,-3.5,-110,3.5,-110,47.5,-110,-110
2026-09-11,NFL,1cf74afd313e9fd300e1462012b174cb,2026-10-18T17:00:00Z,2026-09-11T18:45:30Z,,"Fri, 11 Sep 2026 18:45:30 GMT",2026-09-11T18:45:17Z,New York Giants,New Orleans Saints,draftkings,-142,120,-2.5,-110,2.5,-110,44.5,-110,-110
2026-09-11,NFL,27f3994841ce8081c0b7349cf3d1e3d7,2026-10-18T17:00:00Z,2026-09-11T18:45:30Z,,"Fri, 11 Sep 2026 18:45:30 GMT",2026-09-11T18:45:17Z,Tampa Bay Buccaneers,Pittsburgh Steelers,draftkings,-125,105,-1.5,-110,1.5,-110,45.5,-110,-110
2026-09-11,NFL,45b2690b350ed45145c7a716b18e8e66,2026-10-18T20:25:00Z,2026-09-11T18:45:30Z,,"Fri, 11 Sep 2026 18:45:30 GMT",2026-09-11T18:45:17Z,Las Vegas Raiders,Buffalo Bills,draftkings,220,-270,6.5,-110,-6.5,-110,47.5,-110,-110
2026-09-11,NFL,20fefae8c296247460ba5773caa42218,2026-10-18T20:25:00Z,2026-09-11T18:45:30Z,,"Fri, 11 Sep 2026 18:45:30 GMT",2026-09-11T18:45:17Z,Kansas City Chiefs,Los Angeles Chargers,draftkings,-142,120,-2.5,-110,2.5,-110,46.5,-110,-110
2026-09-11,NFL,82fd5a159fa130e67abab93a9537f70b,2026-10-19T00:20:00Z,2026-09-11T18:45:30Z,,"Fri, 11 Sep 2026 18:45:30 GMT",2026-09-11T18:45:17Z,Green Bay Packers,Dallas Cowboys,draftkings,-166,140,-3.0,-110,3.0,-110,51.5,-110,-110
2026-09-11,NFL,2e710ea5a306b614f0f966e3d78732f8,2026-10-25T13:30:00Z,2026-09-11T18:45:30Z,,"Fri, 11 Sep 2026 18:45:30 GMT",2026-09-11T18:45:17Z,New Orleans Saints,Pittsburgh Steelers,draftkings,120,-142,2.5,-110,-2.5,-110,42.5,-110,-110
2026-09-11,NFL,550ec5290f935d311995affbcb0b5c79,2026-10-25T17:00:00Z,2026-09-11T18:45:30Z,,"Fri, 11 Sep 2026 18:45:30 GMT",2026-09-11T18:45:17Z,Baltimore Ravens,Cincinnati Bengals,draftkings,-180,150,-3.5,-110,3.5,-110,51.5,-110,-110
2026-09-11,NFL,2823e986597c449ab94126cd5ed3fae9,2026-10-25T17:00:00Z,2026-09-11T18:45:30Z,,"Fri, 11 Sep 2026 18:45:30 GMT",2026-09-11T18:45:17Z,Carolina Panthers,Tampa Bay Buccaneers,draftkings,105,-125,1.5,-110,-1.5,-110,45.5,-110,-110
2026-09-11,NFL,5dce18baccec5d3ad5fb3a3ce52f7619,2026-10-25T17:00:00Z,2026-09-11T18:45:30Z,,"Fri, 11 Sep 2026 18:45:30 GMT",2026-09-11T18:45:17Z,Tennessee Titans,Cleveland Browns,draftkings,-135,114,-2.5,-110,2.5,-110,40.5,-110,-110
2026-09-11,NFL,2bba7fde6f97d0e54403d53676e4ab63,2026-10-25T17:00:00Z,2026-09-11T18:45:30Z,,"Fri, 11 Sep 2026 18:45:30 GMT",2026-09-11T18:45:17Z,Houston Texans,New York Giants,draftkings,-238,195,-5.5,-110,5.5,-110,43.5,-110,-110
2026-09-11,NFL,f3992ad4496724baf7dcd1ef58245d6b,2026-10-25T17:00:00Z,2026-09-11T18:45:30Z,,"Fri, 11 Sep 2026 18:45:30 GMT",2026-09-11T18:45:17Z,Minnesota Vikings,Indianapolis Colts,draftkings,-142,120,-2.5,-110,2.5,-110,46.5,-110,-110
2026-09-11,NFL,be5dd120ca08b43d647b6caa8953500a,2026-10-25T17:00:00Z,2026-09-11T18:45:30Z,,"Fri, 11 Sep 2026 18:45:30 GMT",2026-09-11T18:45:17Z,New York Jets,Miami Dolphins,draftkings,-142,120,-2.5,-110,2.5,-110,41.5,-110,-110
2026-09-11,NFL,436119bb3ccdaa6ed7808aa3ebd82b76,2026-10-25T20:05:00Z,2026-09-11T18:45:30Z,,"Fri, 11 Sep 2026 18:45:30 GMT",2026-09-11T18:45:17Z,Arizona Cardinals,Denver Broncos,draftkings,295,-375,7.5,-110,-7.5,-110,43.5,-110,-110
2026-09-11,NFL,e8e5715eefb6a9ce64765e9ddf49c0cc,2026-10-25T20:25:00Z,2026-09-11T18:45:30Z,,"Fri, 11 Sep 2026 18:45:30 GMT",2026-09-11T18:45:17Z,Detroit Lions,Green Bay Packers,draftkings,-142,120,-2.5,-110,2.5,-110,50.5,-110,-110
2026-09-11,NFL,4853610e63c246f2027a6a248e642c9a,2026-10-27T00:15:00Z,2026-09-11T18:45:30Z,,"Fri, 11 Sep 2026 18:45:30 GMT",2026-09-11T18:45:17Z,Philadelphia Eagles,Dallas Cowboys,draftkings,-162,136,-3.0,-110,3.0,-110,48.5,-110,-110
2026-09-11,NFL,ab2865e9f2d4b012de8bc6fb6de11a7c,2026-10-30T00:15:00Z,2026-09-11T18:45:30Z,,"Fri, 11 Sep 2026 18:45:30 GMT",2026-09-11T18:45:17Z,Green Bay Packers,Carolina Panthers,draftkings,-355,280,-7.0,-110,7.0,-110,45.5,-110,-110
2026-09-11,NFL,9255ca8f32aea590d00aa57de79f6bb6,2026-11-01T18:00:00Z,2026-09-11T18:45:30Z,,"Fri, 11 Sep 2026 18:45:30 GMT",2026-09-11T18:45:17Z,Dallas Cowboys,Arizona Cardinals,draftkings,-550,410,-10.5,-110,10.5,-110,47.5,-110,-110
2026-09-11,NFL,921859689f5f8b3b8b1caf4248bdb1ec,2026-11-01T18:00:00Z,2026-09-11T18:45:30Z,,"Fri, 11 Sep 2026 18:45:30 GMT",2026-09-11T18:45:17Z,Tampa Bay Buccaneers,Atlanta Falcons,draftkings,-218,180,-4.5,-110,4.5,-110,46.5,-110,-110
2026-09-11,NFL,c93c421e5fa46031a43162d111d981d0,2026-11-01T18:00:00Z,2026-09-11T18:45:30Z,,"Fri, 11 Sep 2026 18:45:30 GMT",2026-09-11T18:45:17Z,Buffalo Bills,Baltimore Ravens,draftkings,-135,114,-2.5,-110,2.5,-110,51.5,-110,-110
2026-09-11,NFL,9c5d8f57e0ba0fbd9ef436c1f0898f99,2026-11-01T18:00:00Z,2026-09-11T18:45:30Z,,"Fri, 11 Sep 2026 18:45:30 GMT",2026-09-11T18:45:17Z,Cincinnati Bengals,Tennessee Titans,draftkings,-290,235,-6.5,-110,6.5,-110,49.5,-110,-110
2026-09-11,NFL,ab5ab731ab655bd6308bc7a922275518,2026-11-01T18:00:00Z,2026-09-11T18:45:30Z,,"Fri, 11 Sep 2026 18:45:30 GMT",2026-09-11T18:45:17Z,Pittsburgh Steelers,Cleveland Browns,draftkings,-258,210,-6.0,-110,6.0,-110,39.5,-110,-110
2026-09-11,NFL,52e7ee9c42525e6deec02da32dc2fad8,2026-11-01T18:00:00Z,2026-09-11T18:45:30Z,,"Fri, 11 Sep 2026 18:45:30 GMT",2026-09-11T18:45:17Z,Detroit Lions,Minnesota Vikings,draftkings,-225,185,-4.5,-110,4.5,-110,47.5,-110,-110
2026-09-11,NFL,159dbf0253dd2038eda2212f84387f0c,2026-11-01T18:00:00Z,2026-09-11T18:45:30Z,,"Fri, 11 Sep 2026 18:45:30 GMT",2026-09-11T18:45:17Z,Jacksonville Jaguars,Indianapolis Colts,draftkings,-225,185,-4.5,-110,4.5,-110,49.5,-110,-110
2026-09-11,NFL,98f1b121b793977434c046e76c707145,2026-11-01T18:00:00Z,2026-09-11T18:45:30Z,,"Fri, 11 Sep 2026 18:45:30 GMT",2026-09-11T18:45:17Z,New York Jets,Las Vegas Raiders,draftkings,-122,102,-1.5,-110,1.5,-110,40.5,-110,-110
2026-09-11,NFL,f2a036d5edf483a277880014861e78ad,2026-11-01T21:25:00Z,2026-09-11T18:45:30Z,,"Fri, 11 Sep 2026 18:45:30 GMT",2026-09-11T18:45:17Z,Denver Broncos,Kansas City Chiefs,draftkings,-125,105,-1.5,-110,1.5,-110,43.5,-110,-110
2026-09-11,NFL,b9c60db63b1a19ad319f24b33c0defe8,2026-11-02T01:20:00Z,2026-09-11T18:45:30Z,,"Fri, 11 Sep 2026 18:45:30 GMT",2026-09-11T18:45:17Z,Washington Commanders,Philadelphia Eagles,draftkings,105,-125,1.5,-110,-1.5,-110,46.5,-110,-110
2026-09-11,NFL,c75744790b7acf6260c78ba5e739c0e5,2026-11-06T01:15:00Z,2026-09-11T18:45:30Z,,"Fri, 11 Sep 2026 18:45:30 GMT",2026-09-11T18:45:17Z,Baltimore Ravens,Jacksonville Jaguars,draftkings,-205,170,-4.5,-110,4.5,-110,49.5,-110,-110
2026-09-11,NFL,dc56d980f527ffeef89940133b211b13,2026-11-08T14:30:00Z,2026-09-11T18:45:30Z,,"Fri, 11 Sep 2026 18:45:30 GMT",2026-09-11T18:45:17Z,Atlanta Falcons,Cincinnati Bengals,draftkings,190,-230,5.5,-110,-5.5,-110,49.5,-110,-110
2026-09-11,NFL,014282b888c741b7d70c857c09f40aa7,2026-11-08T18:00:00Z,2026-09-11T18:45:30Z,,"Fri, 11 Sep 2026 18:45:30 GMT",2026-09-11T18:45:17Z,Carolina Panthers,Denver Broncos,draftkings,136,-162,3.0,-110,-3.0,-110,42.5,-110,-110
2026-09-11,NFL,e571bab6736f9338130a78a4f75c3231,2026-11-08T18:00:00Z,2026-09-11T18:45:30Z,,"Fri, 11 Sep 2026 18:45:30 GMT",2026-09-11T18:45:17Z,New Orleans Saints,Cleveland Browns,draftkings,-192,160,-3.5,-115,3.5,-105,41.5,-110,-110
2026-09-11,NFL,415fc42e72888c63e82f7bce24c65391,2026-11-08T18:00:00Z,2026-09-11T18:45:30Z,,"Fri, 11 Sep 2026 18:45:30 GMT",2026-09-11T18:45:17Z,Indianapolis Colts,Dallas Cowboys,draftkings,105,-125,1.5,-110,-1.5,-110,52.5,-110,-110
2026-09-11,NFL,44d8c37868b700e90f816db7c5df5cdd,2026-11-08T18:00:00Z,2026-09-11T18:45:30Z,,"Fri, 11 Sep 2026 18:45:30 GMT",2026-09-11T18:45:17Z,Miami Dolphins,Detroit Lions,draftkings,225,-278,6.5,-110,-6.5,-110,47.5,-110,-110
2026-09-11,NFL,e354e6a04b1cb9c96e549b863debb92e,2026-11-08T18:00:00Z,2026-09-11T18:45:30Z,,"Fri, 11 Sep 2026 18:45:30 GMT",2026-09-11T18:45:17Z,Kansas City Chiefs,New York Jets,draftkings,-455,350,-9.5,-110,9.5,-110,41.5,-110,-110
2026-09-11,NFL,fe93e6ab1e553c0169936a0a983c324f,2026-11-08T18:00:00Z,2026-09-11T18:45:30Z,,"Fri, 11 Sep 2026 18:45:30 GMT",2026-09-11T18:45:17Z,Philadelphia Eagles,New York Giants,draftkings,-238,195,-5.5,-110,5.5,-110,44.5,-110,-110
2026-09-11,NFL,39aeac43cea7b12558b91cdab1255a10,2026-11-08T21:05:00Z,2026-09-11T18:45:30Z,,"Fri, 11 Sep 2026 18:45:30 GMT",2026-09-11T18:45:17Z,Los Angeles Chargers,Houston Texans,draftkings,-135,114,-2.5,-110,2.5,-110,43.5,-110,-110
2026-09-11,NFL,9760d8f19f84bfee300a74ceb656c95d,2026-11-09T01:20:00Z,2026-09-11T18:45:30Z,,"Fri, 11 Sep 2026 18:45:30 GMT",2026-09-11T18:45:17Z,Chicago Bears,Tampa Bay Buccaneers,draftkings,-192,160,-3.5,-110,3.5,-110,48.5,-110,-110
2026-09-11,NFL,17ad7eff2f7875e20a8109abe40470e3,2026-11-10T01:15:00Z,2026-09-11T18:45:30Z,,"Fri, 11 Sep 2026 18:45:30 GMT",2026-09-11T18:45:17Z,Minnesota Vikings,Buffalo Bills,draftkings,142,-170,3.0,-110,-3.0,-110,48.5,-110,-110
2026-09-11,NFL,74d39e19225caf211ad2c8eb4110179f,2026-11-13T01:15:00Z,2026-09-11T18:45:30Z,,"Fri, 11 Sep 2026 18:45:30 GMT",2026-09-11T18:45:17Z,New York Giants,Washington Commanders,draftkings,-122,102,-1.5,-110,1.5,-110,47.5,-110,-110
2026-09-11,NFL,3c71d515b726f1096aabb435badb83fd,2026-11-15T18:00:00Z,2026-09-11T18:45:30Z,,"Fri, 11 Sep 2026 18:45:30 GMT",2026-09-11T18:45:17Z,Atlanta Falcons,Kansas City Chiefs,draftkings,190,-230,4.5,-110,-4.5,-110,45.5,-110,-110
2026-09-11,NFL,1057d50949844ddf483da9c8c20354be,2026-11-15T18:00:00Z,2026-09-11T18:45:30Z,,"Fri, 11 Sep 2026 18:45:30 GMT",2026-09-11T18:45:17Z,New York Jets,Buffalo Bills,draftkings,275,-345,7.0,-105,-7.0,-115,46.5,-110,-110
2026-09-11,NFL,e5aa20e1364dd639f042af1c2281bbe2,2026-11-15T18:00:00Z,2026-09-11T18:45:30Z,,"Fri, 11 Sep 2026 18:45:30 GMT",2026-09-11T18:45:17Z,New Orleans Saints,Carolina Panthers,draftkings,-118,-102,-1.5,-105,1.5,-115,43.5,-110,-110
2026-09-11,NFL,be0e03cc42fbc9b6962467b22c7bf9dd,2026-11-15T18:00:00Z,2026-09-11T18:45:30Z,,"Fri, 11 Sep 2026 18:45:30 GMT",2026-09-11T18:45:17Z,Cleveland Browns,Houston Texans,draftkings,170,-205,4.5,-110,-4.5,-110,38.5,-110,-110
2026-09-11,NFL,5d8d85473b87f772a979ecf294acab94,2026-11-15T18:00:00Z,2026-09-11T18:45:30Z,,"Fri, 11 Sep 2026 18:45:30 GMT",2026-09-11T18:45:17Z,Green Bay Packers,Minnesota Vikings,draftkings,-245,200,-4.5,-110,4.5,-110,45.5,-110,-110
2026-09-11,NFL,b5700b4d938fd94429f60d4622cc9c0a,2026-11-15T18:00:00Z,2026-09-11T18:45:30Z,,"Fri, 11 Sep 2026 18:45:30 GMT",2026-09-11T18:45:17Z,Indianapolis Colts,Miami Dolphins,draftkings,-305,245,-6.5,-110,6.5,-110,47.5,-110,-110
2026-09-11,NFL,28800df7e768ecec14f116454d560f9b,2026-11-15T18:00:00Z,2026-09-11T18:45:30Z,,"Fri, 11 Sep 2026 18:45:30 GMT",2026-09-11T18:45:17Z,Tennessee Titans,Jacksonville Jaguars,draftkings,114,-135,2.5,-110,-2.5,-110,45.5,-110,-110
2026-09-11,NFL,48e497c230e6c9afcb3b600091d28e17,2026-11-16T01:20:00Z,2026-09-11T18:45:30Z,,"Fri, 11 Sep 2026 18:45:30 GMT",2026-09-11T18:45:17Z,Cincinnati Bengals,Pittsburgh Steelers,draftkings,-198,164,-3.5,-110,3.5,-110,47.5,-110,-110
2026-09-11,NFL,35e3bdff558b5d1506251e814986f164,2026-11-17T01:15:00Z,2026-09-11T18:45:30Z,,"Fri, 11 Sep 2026 18:45:30 GMT",2026-09-11T18:45:17Z,Baltimore Ravens,Los Angeles Chargers,draftkings,-180,150,-3.5,-110,3.5,-110,47.5,-110,-110
2026-09-11,NFL,66f9e83cf025d58acee12bce18661fb3,2026-11-20T01:15:00Z,2026-09-11T18:45:30Z,,"Fri, 11 Sep 2026 18:45:30 GMT",2026-09-11T18:45:17Z,Houston Texans,Indianapolis Colts,draftkings,-238,195,-5.5,-110,5.5,-110,45.5,-110,-110
2026-09-11,NFL,403a88701352da05b0710a9e883b803e,2026-11-22T18:00:00Z,2026-09-11T18:45:30Z,,"Fri, 11 Sep 2026 18:45:30 GMT",2026-09-11T18:45:17Z,Kansas City Chiefs,Arizona Cardinals,draftkings,-600,440,-11.5,-110,11.5,-110,44.5,-110,-110
2026-09-11,NFL,4527f57f5bc32742d8194af1ccf7da7e,2026-11-22T18:00:00Z,2026-09-11T18:45:30Z,,"Fri, 11 Sep 2026 18:45:30 GMT",2026-09-11T18:45:17Z,Carolina Panthers,Baltimore Ravens,draftkings,180,-218,4.5,-110,-4.5,-110,46.5,-110,-110
2026-09-11,NFL,4c5b1c0843a260278e95eb93e7787576,2026-11-22T18:00:00Z,2026-09-11T18:45:30Z,,"Fri, 11 Sep 2026 18:45:30 GMT",2026-09-11T18:45:17Z,Buffalo Bills,Miami Dolphins,draftkings,-650,470,-11.5,-110,11.5,-110,47.5,-110,-110
2026-09-11,NFL,3ea90704fb576633bd1e2fa5aafd9ea3,2026-11-22T18:00:00Z,2026-09-11T18:45:30Z,,"Fri, 11 Sep 2026 18:45:30 GMT",2026-09-11T18:45:17Z,Chicago Bears,New Orleans Saints,draftkings,-290,235,-6.5,-110,6.5,-110,46.5,-110,-110
2026-09-11,NFL,5e63079b678f8c13419adc169fff02d3,2026-11-22T18:00:00Z,2026-09-11T18:45:30Z,,"Fri, 11 Sep 2026 18:45:30 GMT",2026-09-11T18:45:17Z,Dallas Cowboys,Tennessee Titans,draftkings,-285,230,-6.5,-110,6.5,-110,48.5,-110,-110
2026-09-11,NFL,41e2dd69bddd65d7e823d9ed61cc2afc,2026-11-22T18:00:00Z,2026-09-11T18:45:30Z,,"Fri, 11 Sep 2026 18:45:30 GMT",2026-09-11T18:45:17Z,Detroit Lions,Tampa Bay Buccaneers,draftkings,-218,180,-4.5,-110,4.5,-110,49.5,-110,-110
2026-09-11,NFL,8ba112fabf4e87639338a5f437c5abfe,2026-11-22T18:00:00Z,2026-09-11T18:45:30Z,,"Fri, 11 Sep 2026 18:45:30 GMT",2026-09-11T18:45:17Z,New York Giants,Jacksonville Jaguars,draftkings,105,-125,1.5,-110,-1.5,-110,46.5,-110,-110
2026-09-11,NFL,4b20b742b6168aaca4f25d87f11b1526,2026-11-22T21:05:00Z,2026-09-11T18:45:30Z,,"Fri, 11 Sep 2026 18:45:30 GMT",2026-09-11T18:45:17Z,Los Angeles Chargers,New York Jets,draftkings,-425,330,-9.5,-110,9.5,-110,41.5,-110,-110
2026-09-11,NFL,1940706a79cbcbafacdcbf231069716b,2026-11-22T21:25:00Z,2026-09-11T18:45:30Z,,"Fri, 11 Sep 2026 18:45:30 GMT",2026-09-11T18:45:17Z,Denver Broncos,Las Vegas Raiders,draftkings,-340,270,-7.5,-110,7.5,-110,41.5,-110,-110
2026-09-11,NFL,cbe45bafcc2615fc1d96cbc12840377a,2026-11-22T21:25:00Z,2026-09-11T18:45:30Z,,"Fri, 11 Sep 2026 18:45:30 GMT",2026-09-11T18:45:17Z,Philadelphia Eagles,Pittsburgh Steelers,draftkings,-238,195,-5.5,-110,5.5,-110,42.5,-110,-110
2026-09-11,NFL,3a60ed1d20004aa4d4772b2c1a2272e7,2026-11-24T01:15:00Z,2026-09-11T18:45:30Z,,"Fri, 11 Sep 2026 18:45:30 GMT",2026-09-11T18:45:17Z,Washington Commanders,Cincinnati Bengals,draftkings,102,-122,1.5,-110,-1.5,-110,52.5,-110,-110
2026-09-11,NFL,9b825e6518156008da499be041975fdd,2026-11-26T18:00:00Z,2026-09-11T18:45:30Z,,"Fri, 11 Sep 2026 18:45:30 GMT",2026-09-11T18:45:17Z,Detroit Lions,Chicago Bears,draftkings,-142,120,-2.5,-115,2.5,-105,52.5,-110,-110
2026-09-11,NFL,ffaa06af56a7137d4b078c5c46c0b730,2026-11-26T20:30:00Z,2026-09-11T18:45:30Z,,"Fri, 11 Sep 2026 18:45:30 GMT",2026-09-11T18:45:17Z,Dallas Cowboys,Philadelphia Eagles,draftkings,-125,105,-1.5,-110,1.5,-110,49.5,-110,-110
2026-09-11,NFL,f36f518585aec40e8cb40e071c0844aa,2026-11-27T01:20:00Z,2026-09-11T18:45:30Z,,"Fri, 11 Sep 2026 18:45:30 GMT",2026-09-11T18:45:17Z,Buffalo Bills,Kansas City Chiefs,draftkings,-148,124,-2.5,-115,2.5,-105,50.5,-110,-110
2026-09-11,NFL,44a3bcf5bd002583ddef2207a92dd977,2026-11-27T20:00:00Z,2026-09-11T18:45:30Z,,"Fri, 11 Sep 2026 18:45:30 GMT",2026-09-11T18:45:17Z,Pittsburgh Steelers,Denver Broncos,draftkings,102,-122,1.5,-110,-1.5,-110,39.5,-110,-110
2026-09-11,NFL,6a05021bdb6bab24b9bb381ffff10f0c,2026-11-29T18:00:00Z,2026-09-11T18:45:30Z,,"Fri, 11 Sep 2026 18:45:30 GMT",2026-09-11T18:45:17Z,Minnesota Vikings,Atlanta Falcons,draftkings,-218,180,-4.5,-110,4.5,-110,43.5,-110,-110
2026-09-11,NFL,60d0c074801985c1062795362a24200e,2026-11-29T18:00:00Z,2026-09-11T18:45:30Z,,"Fri, 11 Sep 2026 18:45:30 GMT",2026-09-11T18:45:17Z,Houston Texans,Baltimore Ravens,draftkings,-122,102,-1.5,-110,1.5,-110,45.5,-110,-110
2026-09-11,NFL,f7d3ae7a8fe2438cef7d7d7bc67e31db,2026-11-29T18:00:00Z,2026-09-11T18:45:30Z,,"Fri, 11 Sep 2026 18:45:30 GMT",2026-09-11T18:45:17Z,Cincinnati Bengals,New Orleans Saints,draftkings,-290,235,-6.5,-110,6.5,-110,48.5,-110,-110
2026-09-11,NFL,eaa993c3d62d6b5aeb6142cdd7862fd5,2026-11-29T18:00:00Z,2026-09-11T18:45:30Z,,"Fri, 11 Sep 2026 18:45:30 GMT",2026-09-11T18:45:17Z,Cleveland Browns,Las Vegas Raiders,draftkings,-122,102,-1.5,-110,1.5,-110,39.5,-110,-110
2026-09-11,NFL,e9da808e36e1b7475698a57465ad4519,2026-11-29T18:00:00Z,2026-09-11T18:45:30Z,,"Fri, 11 Sep 2026 18:45:30 GMT",2026-09-11T18:45:17Z,Indianapolis Colts,New York Giants,draftkings,-135,114,-2.5,-110,2.5,-110,47.5,-110,-110
2026-09-11,NFL,81a8fee5b649a3ad5ad59e9528f2f376,2026-11-29T18:00:00Z,2026-09-11T18:45:30Z,,"Fri, 11 Sep 2026 18:45:30 GMT",2026-09-11T18:45:17Z,Jacksonville Jaguars,Tennessee Titans,draftkings,-238,195,-5.5,-110,5.5,-110,45.5,-110,-110
2026-09-11,NFL,5ea0e3ea5944b0ad5169f21c0787b331,2026-11-29T18:00:00Z,2026-09-11T18:45:30Z,,"Fri, 11 Sep 2026 18:45:30 GMT",2026-09-11T18:45:17Z,Miami Dolphins,New York Jets,draftkings,-125,105,-1.5,-110,1.5,-110,40.5,-110,-110
2026-09-11,NFL,69a1dbe9de3d3212c3a7a55be5d204ab,2026-11-29T21:25:00Z,2026-09-11T18:45:30Z,,"Fri, 11 Sep 2026 18:45:30 GMT",2026-09-11T18:45:17Z,Arizona Cardinals,Washington Commanders,draftkings,180,-218,4.5,-110,-4.5,-110,47.5,-110,-110
2026-09-11,NFL,2cdaecba7c0bff9b58a48a82e6ee17a7,2026-12-01T01:15:00Z,2026-09-11T18:45:30Z,,"Fri, 11 Sep 2026 18:45:30 GMT",2026-09-11T18:45:17Z,Tampa Bay Buccaneers,Carolina Panthers,draftkings,-198,164,-3.5,-110,3.5,-110,44.5,-110,-110
2026-09-11,NFL,c94419ba8fb818fc36a5b21b526aab75,2026-12-06T18:00:00Z,2026-09-11T18:45:30Z,,"Fri, 11 Sep 2026 18:45:30 GMT",2026-09-11T18:45:17Z,Atlanta Falcons,Detroit Lions,draftkings,154,-185,3.5,-110,-3.5,-110,48.5,-110,-110
2026-09-11,NFL,0236f9aa68d65ea03bd1ca025b749c20,2026-12-06T18:00:00Z,2026-09-11T18:45:30Z,,"Fri, 11 Sep 2026 18:45:30 GMT",2026-09-11T18:45:17Z,Chicago Bears,Jacksonville Jaguars,draftkings,-155,130,-3.0,-105,3.0,-115,47.5,-110,-110
2026-09-11,NFL,b447fab53534af892f98a74eae26c1c6,2026-12-06T18:00:00Z,2026-09-11T18:45:30Z,,"Fri, 11 Sep 2026 18:45:30 GMT",2026-09-11T18:45:17Z,Cleveland Browns,Cincinnati Bengals,draftkings,180,-218,4.5,-110,-4.5,-110,45.5,-110,-110
2026-09-11,NFL,9a55467e1cd6310ae2af20d8154612e1,2026-12-06T18:00:00Z,2026-09-11T18:45:30Z,,"Fri, 11 Sep 2026 18:45:30 GMT",2026-09-11T18:45:17Z,Denver Broncos,Miami Dolphins,draftkings,-470,360,-9.5,-110,9.5,-110,42.5,-110,-110
2026-09-11,NFL,1ccb61b811b7aae4270df22a67e6459f,2026-12-06T18:00:00Z,2026-09-11T18:45:30Z,,"Fri, 11 Sep 2026 18:45:30 GMT",2026-09-11T18:45:17Z,New Orleans Saints,Green Bay Packers,draftkings,185,-225,4.5,-110,-4.5,-110,45.5,-110,-110
2026-09-11,NFL,f8a92363386bd337975650879086cca6,2026-12-06T18:00:00Z,2026-09-11T18:45:30Z,,"Fri, 11 Sep 2026 18:45:30 GMT",2026-09-11T18:45:17Z,Tampa Bay Buccaneers,Los Angeles Chargers,draftkings,120,-142,2.5,-110,-2.5,-110,46.5,-110,-110
2026-09-11,NFL,ae3429e95ee704c7fd001cade20072d0,2026-12-06T18:00:00Z,2026-09-11T18:45:30Z,,"Fri, 11 Sep 2026 18:45:30 GMT",2026-09-11T18:45:17Z,Tennessee Titans,Washington Commanders,draftkings,105,-125,1.5,-110,-1.5,-110,46.5,-110,-110
2026-09-11,NFL,f4897f48a5351881280f7598bd826408,2026-12-06T21:05:00Z,2026-09-11T18:45:30Z,,"Fri, 11 Sep 2026 18:45:30 GMT",2026-09-11T18:45:17Z,Arizona Cardinals,Philadelphia Eagles,draftkings,310,-395,8.5,-110,-8.5,-110,43.5,-110,-110
2026-09-11,NFL,c186c605febd6370b292469c9151cfb3,2026-12-06T21:25:00Z,2026-09-11T18:45:30Z,,"Fri, 11 Sep 2026 18:45:30 GMT",2026-09-11T18:45:17Z,Minnesota Vikings,Carolina Panthers,draftkings,-192,160,-3.5,-110,3.5,-110,42.5,-110,-110
2026-09-11,NFL,26bf8e165d2d273ed0772a355f07ab16,2026-12-07T01:20:00Z,2026-09-11T18:45:30Z,,"Fri, 11 Sep 2026 18:45:30 GMT",2026-09-11T18:45:17Z,Pittsburgh Steelers,Houston Texans,draftkings,102,-122,1.5,-110,-1.5,-110,41.5,-110,-110
2026-09-11,NFL,f7fba6b1804e02292ee0ce4738484258,2026-12-13T18:00:00Z,2026-09-11T18:45:30Z,,"Fri, 11 Sep 2026 18:45:30 GMT",2026-09-11T18:45:17Z,Cleveland Browns,Atlanta Falcons,draftkings,-122,102,-1.5,-110,1.5,-110,40.5,-110,-110
2026-09-11,NFL,bec99e2f2b4c80e345731d69ee38d831,2026-12-13T18:00:00Z,2026-09-11T18:45:30Z,,"Fri, 11 Sep 2026 18:45:30 GMT",2026-09-11T18:45:17Z,Baltimore Ravens,Tampa Bay Buccaneers,draftkings,-258,210,-6.0,-110,6.0,-110,48.5,-110,-110
2026-09-11,NFL,dcc7b377d3b3ec990304612bbef47d3d,2026-12-13T18:00:00Z,2026-09-11T18:45:30Z,,"Fri, 11 Sep 2026 18:45:30 GMT",2026-09-11T18:45:17Z,Carolina Panthers,New Orleans Saints,draftkings,-135,114,-2.5,-110,2.5,-110,43.5,-110,-110
2026-09-11,NFL,2c6added7199a59f1e9dae8492c29da4,2026-12-13T18:00:00Z,2026-09-11T18:45:30Z,,"Fri, 11 Sep 2026 18:45:30 GMT",2026-09-11T18:45:17Z,Miami Dolphins,Chicago Bears,draftkings,205,-250,5.5,-110,-5.5,-110,46.5,-110,-110
2026-09-11,NFL,5185ace33aebc87d39074147940f2fa5,2026-12-13T18:00:00Z,2026-09-11T18:45:30Z,,"Fri, 11 Sep 2026 18:45:30 GMT",2026-09-11T18:45:17Z,New York Jets,Denver Broncos,draftkings,190,-230,5.5,-110,-5.5,-110,39.5,-110,-110
2026-09-11,NFL,a31f461ccd92e1072f23ccfae281ae9a,2026-12-13T18:00:00Z,2026-09-11T18:45:30Z,,"Fri, 11 Sep 2026 18:45:30 GMT",2026-09-11T18:45:17Z,Detroit Lions,Tennessee Titans,draftkings,-360,285,-7.5,-110,7.5,-110,47.5,-110,-110
2026-09-11,NFL,5dc9cb8fba610d682dc670ae4e7d59f3,2026-12-13T18:00:00Z,2026-09-11T18:45:30Z,,"Fri, 11 Sep 2026 18:45:30 GMT",2026-09-11T18:45:17Z,Washington Commanders,Houston Texans,draftkings,102,-122,1.5,-110,-1.5,-110,44.5,-110,-110
2026-09-11,NFL,45203f985f8d1567ad19b0617dd267f8,2026-12-13T18:00:00Z,2026-09-11T18:45:30Z,,"Fri, 11 Sep 2026 18:45:30 GMT",2026-09-11T18:45:17Z,Philadelphia Eagles,Indianapolis Colts,draftkings,-250,205,-5.5,-110,5.5,-110,46.5,-110,-110
2026-09-11,NFL,484c491dc1dee090d740ba077b7d9709,2026-12-13T21:05:00Z,2026-09-11T18:45:30Z,,"Fri, 11 Sep 2026 18:45:30 GMT",2026-09-11T18:45:17Z,Las Vegas Raiders,Los Angeles Chargers,draftkings,190,-230,5.5,-110,-5.5,-110,43.5,-110,-110
2026-09-11,NFL,180b5fa7ea6bd0d2d9ddb9ba5ee38cc0,2026-12-13T21:25:00Z,2026-09-11T18:45:30Z,,"Fri, 11 Sep 2026 18:45:30 GMT",2026-09-11T18:45:17Z,Cincinnati Bengals,Kansas City Chiefs,draftkings,-125,105,-1.5,-110,1.5,-110,48.5,-110,-110
2026-09-11,NFL,c4877c048defcb80e0ab37c0688f37f6,2026-12-14T01:20:00Z,2026-09-11T18:45:30Z,,"Fri, 11 Sep 2026 18:45:30 GMT",2026-09-11T18:45:17Z,Green Bay Packers,Buffalo Bills,draftkings,-125,105,-1.5,-110,1.5,-110,49.5,-110,-110
2026-09-11,NFL,690e2ee2ed5f0875f7cbaecdc51373f5,2026-12-15T01:15:00Z,2026-09-11T18:45:30Z,,"Fri, 11 Sep 2026 18:45:30 GMT",2026-09-11T18:45:17Z,Jacksonville Jaguars,Pittsburgh Steelers,draftkings,-162,136,-3.0,-110,3.0,-110,44.5,-110,-110
2026-09-11,NFL,784568b1df055bf7eb8780c110d5e910,2026-12-20T01:20:00Z,2026-09-11T18:45:30Z,,"Fri, 11 Sep 2026 18:45:30 GMT",2026-09-11T18:45:17Z,Buffalo Bills,Chicago Bears,draftkings,-185,154,-3.5,-110,3.5,-110,51.5,-110,-110
2026-09-11,NFL,5931eee49f5f2656a5344e1388a68816,2026-12-20T18:00:00Z,2026-09-11T18:45:30Z,,"Fri, 11 Sep 2026 18:45:30 GMT",2026-09-11T18:45:17Z,Washington Commanders,Atlanta Falcons,draftkings,-185,154,-3.5,-110,3.5,-110,46.5,-110,-110
2026-09-11,NFL,2f4b1899c1c278947920e0254b682d90,2026-12-20T18:00:00Z,2026-09-11T18:45:30Z,,"Fri, 11 Sep 2026 18:45:30 GMT",2026-09-11T18:45:17Z,Pittsburgh Steelers,Baltimore Ravens,draftkings,124,-148,2.5,100,-2.5,-120,46.5,-110,-110
2026-09-11,NFL,000fc688beb4fc004ecdad115d9adb1c,2026-12-20T18:00:00Z,2026-09-11T18:45:30Z,,"Fri, 11 Sep 2026 18:45:30 GMT",2026-09-11T18:45:17Z,Carolina Panthers,Cincinnati Bengals,draftkings,124,-148,2.5,100,-2.5,-120,47.5,-110,-110
2026-09-11,NFL,1cb23c83ae4af84cffcdae6b31d06e83,2026-12-20T18:00:00Z,2026-09-11T18:45:30Z,,"Fri, 11 Sep 2026 18:45:30 GMT",2026-09-11T18:45:17Z,New York Giants,Cleveland Browns,draftkings,-218,180,-4.5,-110,4.5,-110,40.5,-110,-110
2026-09-11,NFL,99719df35bc2efdcc72096f865ed8841,2026-12-20T18:00:00Z,2026-09-11T18:45:30Z,,"Fri, 11 Sep 2026 18:45:30 GMT",2026-09-11T18:45:17Z,Green Bay Packers,Miami Dolphins,draftkings,-650,470,-10.5,-110,10.5,-110,45.5,-110,-110
2026-09-11,NFL,29211b6e78461220a2833184233f70e5,2026-12-20T18:00:00Z,2026-09-11T18:45:30Z,,"Fri, 11 Sep 2026 18:45:30 GMT",2026-09-11T18:45:17Z,Houston Texans,Jacksonville Jaguars,draftkings,-155,130,-3.0,-110,3.0,-110,43.5,-110,-110
2026-09-11,NFL,3b696c07ff6a1ef461d023a73db17584,2026-12-20T18:00:00Z,2026-09-11T18:45:30Z,,"Fri, 11 Sep 2026 18:45:30 GMT",2026-09-11T18:45:17Z,Tennessee Titans,Indianapolis Colts,draftkings,105,-125,1.5,-110,-1.5,-110,47.5,-110,-110
2026-09-11,NFL,e15a91cebf3480ff0b93b4fbacb09797,2026-12-20T18:00:00Z,2026-09-11T18:45:30Z,,"Fri, 11 Sep 2026 18:45:30 GMT",2026-09-11T18:45:17Z,Tampa Bay Buccaneers,New Orleans Saints,draftkings,-192,160,-3.5,-110,3.5,-110,45.5,-110,-110
2026-09-11,NFL,d8cd12e7684fa2aa39f5b188ef6e62e0,2026-12-20T21:05:00Z,2026-09-11T18:45:30Z,,"Fri, 11 Sep 2026 18:45:30 GMT",2026-09-11T18:45:17Z,Arizona Cardinals,New York Jets,draftkings,-110,-110,-1.5,105,1.5,-125,41.5,-110,-110
2026-09-11,NFL,9f507007b9c0a7082c1471a5fa841336,2026-12-20T21:25:00Z,2026-09-11T18:45:30Z,,"Fri, 11 Sep 2026 18:45:30 GMT",2026-09-11T18:45:17Z,Las Vegas Raiders,Denver Broncos,draftkings,170,-205,4.5,-110,-4.5,-110,41.5,-110,-110
2026-09-11,NFL,b34897a0368d570291d44e176c0c2331,2026-12-21T01:20:00Z,2026-09-11T18:45:30Z,,"Fri, 11 Sep 2026 18:45:30 GMT",2026-09-11T18:45:17Z,Minnesota Vikings,Detroit Lions,draftkings,102,-122,1.5,-110,-1.5,-110,46.5,-110,-110
2026-09-11,NFL,3f226ec5402c6ec4d84a59be80c2fa67,2026-12-25T01:15:00Z,2026-09-11T18:45:30Z,,"Fri, 11 Sep 2026 18:45:30 GMT",2026-09-11T18:45:17Z,Philadelphia Eagles,Houston Texans,draftkings,-135,114,-2.5,-108,2.5,-112,37.5,-110,-110
2026-09-11,NFL,2828c07018dfafbe96aba205809cc7ac,2026-12-25T18:00:00Z,2026-09-11T18:45:30Z,,"Fri, 11 Sep 2026 18:45:30 GMT",2026-09-11T18:45:17Z,Chicago Bears,Green Bay Packers,draftkings,-118,-102,-1.5,-105,1.5,-115,47.5,-110,-110
2026-09-11,NFL,126f27c71e8130ef87de0d137e833d9b,2026-12-25T21:30:00Z,2026-09-11T18:45:30Z,,"Fri, 11 Sep 2026 18:45:30 GMT",2026-09-11T18:45:17Z,Denver Broncos,Buffalo Bills,draftkings,110,-130,1.5,-105,-1.5,-115,46.5,-110,-110
2026-09-11,NFL,8fd00347b6d77ce384d83cba814430d7,2026-12-27T18:00:00Z,2026-09-11T18:45:30Z,,"Fri, 11 Sep 2026 18:45:30 GMT",2026-09-11T18:45:17Z,New Orleans Saints,Arizona Cardinals,draftkings,-245,200,-5.5,-110,5.5,-110,44.5,-110,-110
2026-09-11,NFL,bd13d00f06ad222b0a1b6ea4d0add763,2026-12-27T18:00:00Z,2026-09-11T18:45:30Z,,"Fri, 11 Sep 2026 18:45:30 GMT",2026-09-11T18:45:17Z,Atlanta Falcons,Tampa Bay Buccaneers,draftkings,105,-125,1.5,-110,-1.5,-110,45.5,-110,-110
2026-09-11,NFL,0f23afce92c2f0af28973c0a7533763e,2026-12-27T18:00:00Z,2026-09-11T18:45:30Z,,"Fri, 11 Sep 2026 18:45:30 GMT",2026-09-11T18:45:17Z,Baltimore Ravens,Cleveland Browns,draftkings,-425,330,-10.0,-110,10.0,-110,43.5,-110,-110
2026-09-11,NFL,74cb0e112d069cdbda1671ae85531f43,2026-12-27T18:00:00Z,2026-09-11T18:45:30Z,,"Fri, 11 Sep 2026 18:45:30 GMT",2026-09-11T18:45:17Z,Pittsburgh Steelers,Carolina Panthers,draftkings,-192,160,-3.5,-110,3.5,-110,41.5,-110,-110
2026-09-11,NFL,ca8982dccb6c3ae01525800317287f02,2026-12-27T18:00:00Z,2026-09-11T18:45:30Z,,"Fri, 11 Sep 2026 18:45:30 GMT",2026-09-11T18:45:17Z,Indianapolis Colts,Cincinnati Bengals,draftkings,105,-125,1.5,-110,-1.5,-110,52.5,-110,-110
2026-09-11,NFL,29425f5c68826d615277cf9be2b82e00,2026-12-27T18:00:00Z,2026-09-11T18:45:30Z,,"Fri, 11 Sep 2026 18:45:30 GMT",2026-09-11T18:45:17Z,Las Vegas Raiders,Tennessee Titans,draftkings,-125,105,-1.5,-110,1.5,-110,42.5,-110,-110
2026-09-11,NFL,fe2eb511d4c2da3a8e88b85b4f4e9f7e,2026-12-27T18:00:00Z,2026-09-11T18:45:30Z,,"Fri, 11 Sep 2026 18:45:30 GMT",2026-09-11T18:45:17Z,Miami Dolphins,Los Angeles Chargers,draftkings,285,-360,7.0,-108,-7.0,-112,45.5,-110,-110
2026-09-11,NFL,cf5cefa5556bcd0156bd394171ef6c8e,2026-12-27T18:00:00Z,2026-09-11T18:45:30Z,,"Fri, 11 Sep 2026 18:45:30 GMT",2026-09-11T18:45:17Z,Minnesota Vikings,Washington Commanders,draftkings,-135,114,-2.5,-110,2.5,-110,46.5,-110,-110
2026-09-11,NFL,b1c4ec04c3398a9efa25492000858384,2026-12-28T01:20:00Z,2026-09-11T18:45:30Z,,"Fri, 11 Sep 2026 18:45:30 GMT",2026-09-11T18:45:17Z,Dallas Cowboys,Jacksonville Jaguars,draftkings,-162,136,-3.0,-102,3.0,-118,51.5,-110,-110
2026-09-11,NFL,ca92c191ebf7361ea56f9bbc09a5f51b,2026-12-29T01:15:00Z,2026-09-11T18:45:30Z,,"Fri, 11 Sep 2026 18:45:30 GMT",2026-09-11T18:45:17Z,Detroit Lions,New York Giants,draftkings,-205,170,-4.5,-110,4.5,-110,49.5,-110,-110
2026-09-11,NFL,be268ce293cf4fad1c0c867a3ca4c257,2027-01-01T01:15:00Z,2026-09-11T18:45:30Z,,"Fri, 11 Sep 2026 18:45:30 GMT",2026-09-11T18:45:17Z,Cincinnati Bengals,Baltimore Ravens,draftkings,-135,114,-2.5,-110,2.5,-110,51.5,-110,-110
2026-09-11,NFL,e5dd9cc3fd5452d55c250949e946743d,2027-01-03T18:00:00Z,2026-09-11T18:45:30Z,,"Fri, 11 Sep 2026 18:45:30 GMT",2026-09-11T18:45:17Z,Atlanta Falcons,New Orleans Saints,draftkings,-122,102,-1.5,-110,1.5,-110,44.5,-110,-110
2026-09-11,NFL,d9a186d988a3ede2a33e504f4890fe52,2027-01-03T18:00:00Z,2026-09-11T18:45:30Z,,"Fri, 11 Sep 2026 18:45:30 GMT",2026-09-11T18:45:17Z,Miami Dolphins,Buffalo Bills,draftkings,300,-380,7.5,-110,-7.5,-110,47.5,-110,-110
2026-09-11,NFL,f2e03f9b857485bb13211ee0f5eb5935,2027-01-03T18:00:00Z,2026-09-11T18:45:30Z,,"Fri, 11 Sep 2026 18:45:30 GMT",2026-09-11T18:45:17Z,Cleveland Browns,Indianapolis Colts,draftkings,114,-135,2.5,-110,-2.5,-110,43.5,-110,-110
2026-09-11,NFL,c8945d476449633912cf51a346ac98ca,2027-01-03T18:00:00Z,2026-09-11T18:45:30Z,,"Fri, 11 Sep 2026 18:45:30 GMT",2026-09-11T18:45:17Z,Dallas Cowboys,New York Giants,draftkings,-218,180,-4.5,-110,4.5,-110,49.5,-110,-110
2026-09-11,NFL,c96a3e9e40569b4ed5a546dff131c61d,2027-01-03T18:00:00Z,2026-09-11T18:45:30Z,,"Fri, 11 Sep 2026 18:45:30 GMT",2026-09-11T18:45:17Z,Jacksonville Jaguars,Washington Commanders,draftkings,-185,154,-3.5,-110,3.5,-110,48.5,-110,-110
2026-09-11,NFL,bfe51fa0034c9d22a69ffd80e2d717f5,2027-01-03T18:00:00Z,2026-09-11T18:45:30Z,,"Fri, 11 Sep 2026 18:45:30 GMT",2026-09-11T18:45:17Z,New York Jets,Minnesota Vikings,draftkings,160,-192,3.5,-110,-3.5,-110,39.5,-110,-110
2026-09-11,NFL,d0ffa5ed13cbd7610f9176041464404a,2027-01-03T18:00:00Z,2026-09-11T18:45:30Z,,"Fri, 11 Sep 2026 18:45:30 GMT",2026-09-11T18:45:17Z,Tennessee Titans,Pittsburgh Steelers,draftkings,105,-125,1.5,-110,-1.5,-110,42.5,-110,-110
2026-09-11,NFL,08abdb683fcb6d77f66baed136f47283,2027-01-03T21:05:00Z,2026-09-11T18:45:30Z,,"Fri, 11 Sep 2026 18:45:30 GMT",2026-09-11T18:45:17Z,Arizona Cardinals,Las Vegas Raiders,draftkings,110,-130,1.5,-105,-1.5,-115,42.5,-110,-110
2026-09-11,NFL,12089441cea51add4694cdde98b4a5b7,2027-01-03T21:25:00Z,2026-09-11T18:45:30Z,,"Fri, 11 Sep 2026 18:45:30 GMT",2026-09-11T18:45:17Z,Chicago Bears,Detroit Lions,draftkings,-122,102,-1.5,-110,1.5,-110,49.5,-110,-110
2026-09-11,NFL,67d842cb73300ef923959105698b63bb,2027-01-03T21:25:00Z,2026-09-11T18:45:30Z,,"Fri, 11 Sep 2026 18:45:30 GMT",2026-09-11T18:45:17Z,Los Angeles Chargers,Kansas City Chiefs,draftkings,-125,105,-1.5,-110,1.5,-110,45.5,-110,-110
2026-09-11,NFL,37bc346543da471e067b695b862ccfe9,2027-01-05T01:15:00Z,2026-09-11T18:45:30Z,,"Fri, 11 Sep 2026 18:45:30 GMT",2026-09-11T18:45:17Z,Green Bay Packers,Houston Texans,draftkings,-135,114,-2.5,-110,2.5,-110,42.5,-110,-110
2026-09-11,NFL,7f809a45bc8baedf0cb0259e7da7cd29,2027-01-10T18:00:00Z,2026-09-11T18:45:30Z,,"Fri, 11 Sep 2026 18:45:30 GMT",2026-09-11T18:45:17Z,Carolina Panthers,Atlanta Falcons,draftkings,-135,114,-2.5,-110,2.5,-110,41.5,-110,-110
2026-09-11,NFL,d7da5587a88a7fc35c36b453d3264d5a,2027-01-10T18:00:00Z,2026-09-11T18:45:30Z,,"Fri, 11 Sep 2026 18:45:30 GMT",2026-09-11T18:45:17Z,Baltimore Ravens,Pittsburgh Steelers,draftkings,-230,190,-5.5,-110,5.5,-110,43.5,-110,-110
2026-09-11,NFL,97cbd9ad26dff1af47192120defe112d,2027-01-10T18:00:00Z,2026-09-11T18:45:30Z,,"Fri, 11 Sep 2026 18:45:30 GMT",2026-09-11T18:45:17Z,Buffalo Bills,New York Jets,draftkings,-470,360,-10.0,-110,10.0,-110,43.5,-110,-110
2026-09-11,NFL,d190fb7ea85c33b96a495041dad22142,2027-01-10T18:00:00Z,2026-09-11T18:45:30Z,,"Fri, 11 Sep 2026 18:45:30 GMT",2026-09-11T18:45:17Z,Minnesota Vikings,Chicago Bears,draftkings,-122,102,-1.5,-110,1.5,-110,43.5,-110,-110
2026-09-11,NFL,8c16104c8afc72b583531508b2aa1c33,2027-01-10T18:00:00Z,2026-09-11T18:45:30Z,,"Fri, 11 Sep 2026 18:45:30 GMT",2026-09-11T18:45:17Z,Cincinnati Bengals,Cleveland Browns,draftkings,-360,285,-7.5,-110,7.5,-110,43.5,-110,-110
2026-09-11,NFL,3f460f14b810d7bf642bdf7b658530c0,2027-01-10T18:00:00Z,2026-09-11T18:45:30Z,,"Fri, 11 Sep 2026 18:45:30 GMT",2026-09-11T18:45:17Z,Washington Commanders,Dallas Cowboys,draftkings,102,-122,1.5,-110,-1.5,-110,49.5,-110,-110
2026-09-11,NFL,71d0d10e384393c1e071c39dd3931c19,2027-01-10T18:00:00Z,2026-09-11T18:45:30Z,,"Fri, 11 Sep 2026 18:45:30 GMT",2026-09-11T18:45:17Z,Denver Broncos,Los Angeles Chargers,draftkings,-122,102,-1.5,-110,1.5,-110,41.5,-110,-110
2026-09-11,NFL,8f81778bbdb984be44e24a3d55a49b4d,2027-01-10T18:00:00Z,2026-09-11T18:45:30Z,,"Fri, 11 Sep 2026 18:45:30 GMT",2026-09-11T18:45:17Z,Green Bay Packers,Detroit Lions,draftkings,-135,114,-2.5,-110,2.5,-110,47.5,-110,-110
2026-09-11,NFL,9bb63096709ba607443c454d2a813b14,2027-01-10T18:00:00Z,2026-09-11T18:45:30Z,,"Fri, 11 Sep 2026 18:45:30 GMT",2026-09-11T18:45:17Z,Houston Texans,Tennessee Titans,draftkings,-298,240,-7.0,-110,7.0,-110,39.5,-110,-110
2026-09-11,NFL,bea47af467e217653bba8d69888e4d95,2027-01-10T18:00:00Z,2026-09-11T18:45:30Z,,"Fri, 11 Sep 2026 18:45:30 GMT",2026-09-11T18:45:17Z,Indianapolis Colts,Jacksonville Jaguars,draftkings,-122,102,-1.5,-110,1.5,-110,46.5,-110,-110
2026-09-11,NFL,bb66a6f02c535c0cd8b9c689a5513687,2027-01-10T18:00:00Z,2026-09-11T18:45:30Z,,"Fri, 11 Sep 2026 18:45:30 GMT",2026-09-11T18:45:17Z,Kansas City Chiefs,Las Vegas Raiders,draftkings,-410,320,-8.5,-110,8.5,-110,40.5,-110,-110
2026-09-11,NFL,7b8ce34c0e173e4ff6ccf8e8caa09113,2027-01-10T18:00:00Z,2026-09-11T18:45:30Z,,"Fri, 11 Sep 2026 18:45:30 GMT",2026-09-11T18:45:17Z,New Orleans Saints,Tampa Bay Buccaneers,draftkings,102,-122,1.5,-110,-1.5,-110,43.5,-110,-110
2026-09-11,NFL,01baed6f9d6482c5d89d37379c7c63c7,2027-01-10T18:00:00Z,2026-09-11T18:45:30Z,,"Fri, 11 Sep 2026 18:45:30 GMT",2026-09-11T18:45:17Z,New York Giants,Philadelphia Eagles,draftkings,136,-162,3.0,-110,-3.0,-110,41.5,-110,-110
2026-09-11,CFB,340ecb016288a69dfc2227500f14bc46,2026-09-11T23:00:00Z,2026-09-11T18:45:30Z,,"Fri, 11 Sep 2026 18:45:30 GMT",2026-09-11T18:45:17Z,Louisville Cardinals,Villanova Wildcats,fanduel,,,-37.5,-120,37.5,-102,56.5,-110,-110
2026-09-11,CFB,340ecb016288a69dfc2227500f14bc46,2026-09-11T23:00:00Z,2026-09-11T18:45:30Z,,"Fri, 11 Sep 2026 18:45:30 GMT",2026-09-11T18:43:52Z,Louisville Cardinals,Villanova Wildcats,draftkings,,,-37.5,-112,37.5,-108,56.5,-108,-112
2026-09-11,CFB,340ecb016288a69dfc2227500f14bc46,2026-09-11T23:00:00Z,2026-09-11T18:45:30Z,,"Fri, 11 Sep 2026 18:45:30 GMT",2026-09-11T18:44:50Z,Louisville Cardinals,Villanova Wildcats,betrivers,,,-38.0,-108,38.0,-114,57.5,-115,-110
2026-09-11,CFB,340ecb016288a69dfc2227500f14bc46,2026-09-11T23:00:00Z,2026-09-11T18:45:30Z,,"Fri, 11 Sep 2026 18:45:30 GMT",2026-09-11T18:44:48Z,Louisville Cardinals,Villanova Wildcats,betmgm,,,-38.5,-110,38.5,-108,57.5,-108,-110
2026-09-11,CFB,b008dac7f2b726219adf07d9857e2c66,2026-09-11T23:00:00Z,2026-09-11T18:45:30Z,,"Fri, 11 Sep 2026 18:45:30 GMT",2026-09-11T18:45:17Z,NC State Wolfpack,Richmond Spiders,fanduel,,,-33.5,-110,33.5,-110,50.5,-115,-105
2026-09-11,CFB,b008dac7f2b726219adf07d9857e2c66,2026-09-11T23:00:00Z,2026-09-11T18:45:30Z,,"Fri, 11 Sep 2026 18:45:30 GMT",2026-09-11T18:44:50Z,NC State Wolfpack,Richmond Spiders,betrivers,,,-33.5,-113,33.5,-110,50.5,-114,-109
2026-09-11,CFB,b008dac7f2b726219adf07d9857e2c66,2026-09-11T23:00:00Z,2026-09-11T18:45:30Z,,"Fri, 11 Sep 2026 18:45:30 GMT",2026-09-11T18:43:52Z,NC State Wolfpack,Richmond Spiders,draftkings,-5000,1800,-33.5,-115,33.5,-105,50.5,-112,-108
2026-09-11,CFB,b008dac7f2b726219adf07d9857e2c66,2026-09-11T23:00:00Z,2026-09-11T18:45:30Z,,"Fri, 11 Sep 2026 18:45:30 GMT",2026-09-11T18:44:48Z,NC State Wolfpack,Richmond Spiders,betmgm,-20000,4000,-33.5,-110,33.5,-108,50.5,-108,-110
2026-09-11,CFB,d70ad98172b9cd2090eb75ff32866e04,2026-09-11T23:00:00Z,2026-09-11T18:45:30Z,,"Fri, 11 Sep 2026 18:45:30 GMT",2026-09-11T18:45:17Z,Virginia Cavaliers,Norfolk State Spartans,fanduel,,,-46.5,-110,46.5,-110,55.5,-115,-105
2026-09-11,CFB,d70ad98172b9cd2090eb75ff32866e04,2026-09-11T23:00:00Z,2026-09-11T18:45:30Z,,"Fri, 11 Sep 2026 18:45:30 GMT",2026-09-11T18:43:52Z,Virginia Cavaliers,Norfolk State Spartans,draftkings,,,-46.5,-105,46.5,-115,55.5,-115,-105
2026-09-11,CFB,d70ad98172b9cd2090eb75ff32866e04,2026-09-11T23:00:00Z,2026-09-11T18:45:30Z,,"Fri, 11 Sep 2026 18:45:30 GMT",2026-09-11T18:44:50Z,Virginia Cavaliers,Norfolk State Spartans,betrivers,,,-45.5,-109,45.5,-114,55.5,-105,-122
2026-09-11,CFB,d70ad98172b9cd2090eb75ff32866e04,2026-09-11T23:00:00Z,2026-09-11T18:45:30Z,,"Fri, 11 Sep 2026 18:45:30 GMT",2026-09-11T18:44:48Z,Virginia Cavaliers,Norfolk State Spartans,betmgm,,,-45.5,-110,45.5,-108,55.5,-110,-108
2026-09-11,CFB,db698f29983406d35dea606edfdc5922,2026-09-11T23:30:00Z,2026-09-11T18:45:30Z,,"Fri, 11 Sep 2026 18:45:30 GMT",2026-09-11T18:45:17Z,Boston College Eagles,Rutgers Scarlet Knights,fanduel,-156,130,-3.5,100,3.5,-122,53.5,-110,-110
2026-09-11,CFB,db698f29983406d35dea606edfdc5922,2026-09-11T23:30:00Z,2026-09-11T18:45:30Z,,"Fri, 11 Sep 2026 18:45:30 GMT",2026-09-11T18:43:52Z,Boston College Eagles,Rutgers Scarlet Knights,draftkings,-166,140,-3.0,-115,3.0,-105,53.5,-112,-108
2026-09-11,CFB,db698f29983406d35dea606edfdc5922,2026-09-11T23:30:00Z,2026-09-11T18:45:30Z,,"Fri, 11 Sep 2026 18:45:30 GMT",2026-09-11T18:44:50Z,Boston College Eagles,Rutgers Scarlet Knights,betrivers,-162,130,-3.0,-115,3.0,-108,54.0,-112,-112
2026-09-11,CFB,db698f29983406d35dea606edfdc5922,2026-09-11T23:30:00Z,2026-09-11T18:45:30Z,,"Fri, 11 Sep 2026 18:45:30 GMT",2026-09-11T18:44:48Z,Boston College Eagles,Rutgers Scarlet Knights,betmgm,-160,135,-3.0,-115,3.0,-102,53.5,-110,-108
2026-09-11,CFB,912c15dcb8dd09eacabdcb80673d9d72,2026-09-12T00:00:00Z,2026-09-11T18:45:30Z,,"Fri, 11 Sep 2026 18:45:30 GMT",2026-09-11T18:45:17Z,Kansas Jayhawks,Missouri Tigers,fanduel,168,-205,4.5,-110,-4.5,-110,51.5,-110,-110
2026-09-11,CFB,912c15dcb8dd09eacabdcb80673d9d72,2026-09-12T00:00:00Z,2026-09-11T18:45:30Z,,"Fri, 11 Sep 2026 18:45:30 GMT",2026-09-11T18:43:52Z,Kansas Jayhawks,Missouri Tigers,draftkings,170,-205,4.5,-108,-4.5,-112,51.5,-108,-112
2026-09-11,CFB,912c15dcb8dd09eacabdcb80673d9d72,2026-09-12T00:00:00Z,2026-09-11T18:45:30Z,,"Fri, 11 Sep 2026 18:45:30 GMT",2026-09-11T18:44:50Z,Kansas Jayhawks,Missouri Tigers,betrivers,170,-215,5.0,-112,-5.0,-112,52.0,-109,-114
2026-09-11,CFB,912c15dcb8dd09eacabdcb80673d9d72,2026-09-12T00:00:00Z,2026-09-11T18:45:30Z,,"Fri, 11 Sep 2026 18:45:30 GMT",2026-09-11T18:44:48Z,Kansas Jayhawks,Missouri Tigers,betmgm,170,-210,4.5,-108,-4.5,-110,51.5,-108,-110
2026-09-11,CFB,6dbd3546b178b91878131862fd719e1e,2026-09-12T16:00:00Z,2026-09-11T18:45:30Z,,"Fri, 11 Sep 2026 18:45:30 GMT",2026-09-11T18:45:17Z,East Carolina Pirates,Appalachian State Mountaineers,fanduel,-240,195,-6.5,-110,6.5,-110,56.5,-106,-114
2026-09-11,CFB,6dbd3546b178b91878131862fd719e1e,2026-09-12T16:00:00Z,2026-09-11T18:45:30Z,,"Fri, 11 Sep 2026 18:45:30 GMT",2026-09-11T18:43:52Z,East Carolina Pirates,Appalachian State Mountaineers,draftkings,-265,215,-6.5,-112,6.5,-108,56.5,-112,-108
2026-09-11,CFB,6dbd3546b178b91878131862fd719e1e,2026-09-12T16:00:00Z,2026-09-11T18:45:30Z,,"Fri, 11 Sep 2026 18:45:30 GMT",2026-09-11T18:44:50Z,East Carolina Pirates,Appalachian State Mountaineers,betrivers,-250,200,-6.5,-114,6.5,-109,56.5,-110,-113
2026-09-11,CFB,6dbd3546b178b91878131862fd719e1e,2026-09-12T16:00:00Z,2026-09-11T18:45:30Z,,"Fri, 11 Sep 2026 18:45:30 GMT",2026-09-11T18:44:48Z,East Carolina Pirates,Appalachian State Mountaineers,betmgm,-250,200,-6.5,-110,6.5,-108,56.5,-108,-110
2026-09-11,CFB,cad3845e3f9f9e746c4bbf45487eed02,2026-09-12T16:00:00Z,2026-09-11T18:45:30Z,,"Fri, 11 Sep 2026 18:45:30 GMT",2026-09-11T18:43:52Z,Texas A&M Aggies,Arizona State Sun Devils,draftkings,-700,500,-14.5,-108,14.5,-112,50.5,-112,-108
2026-09-11,CFB,cad3845e3f9f9e746c4bbf45487eed02,2026-09-12T16:00:00Z,2026-09-11T18:45:30Z,,"Fri, 11 Sep 2026 18:45:30 GMT",2026-09-11T18:44:50Z,Texas A&M Aggies,Arizona State Sun Devils,betrivers,-910,510,-14.5,-108,14.5,-115,51.0,-109,-114
2026-09-11,CFB,cad3845e3f9f9e746c4bbf45487eed02,2026-09-12T16:00:00Z,2026-09-11T18:45:30Z,,"Fri, 11 Sep 2026 18:45:30 GMT",2026-09-11T18:45:17Z,Texas A&M Aggies,Arizona State Sun Devils,fanduel,-720,500,-14.5,-110,14.5,-110,50.5,-112,-108
2026-09-11,CFB,cad3845e3f9f9e746c4bbf45487eed02,2026-09-12T16:00:00Z,2026-09-11T18:45:30Z,,"Fri, 11 Sep 2026 18:45:30 GMT",2026-09-11T18:44:48Z,Texas A&M Aggies,Arizona State Sun Devils,betmgm,-650,500,-14.5,-110,14.5,-108,50.5,-110,-108
2026-09-11,CFB,a7c7e0143d5131ee3e2d78f356f0089d,2026-09-12T16:00:00Z,2026-09-11T18:45:30Z,,"Fri, 11 Sep 2026 18:45:30 GMT",2026-09-11T18:45:17Z,Army Black Knights,South Florida Bulls,fanduel,-166,138,-3.5,-102,3.5,-120,46.5,-114,-106
2026-09-11,CFB,a7c7e0143d5131ee3e2d78f356f0089d,2026-09-12T16:00:00Z,2026-09-11T18:45:30Z,,"Fri, 11 Sep 2026 18:45:30 GMT",2026-09-11T18:43:52Z,Army Black Knights,South Florida Bulls,draftkings,-166,140,-3.0,-118,3.0,-102,46.5,-110,-110
2026-09-11,CFB,a7c7e0143d5131ee3e2d78f356f0089d,2026-09-12T16:00:00Z,2026-09-11T18:45:30Z,,"Fri, 11 Sep 2026 18:45:30 GMT",2026-09-11T18:44:50Z,Army Black Knights,South Florida Bulls,betrivers,-175,135,-3.5,-106,3.5,-117,46.5,-114,-112
2026-09-11,CFB,a7c7e0143d5131ee3e2d78f356f0089d,2026-09-12T16:00:00Z,2026-09-11T18:45:30Z,,"Fri, 11 Sep 2026 18:45:30 GMT",2026-09-11T18:44:48Z,Army Black Knights,South Florida Bulls,betmgm,-165,140,-3.5,-105,3.5,-112,46.5,-108,-110
2026-09-11,CFB,287a959c0717526161988214cb4e01ce,2026-09-12T16:00:00Z,2026-09-11T18:45:30Z,,"Fri, 11 Sep 2026 18:45:30 GMT",2026-09-11T18:45:17Z,North Carolina Tar Heels,East Tennessee State Buccaneers,fanduel,-20000,3500,-35.5,-104,35.5,-118,55.5,-106,-114
2026-09-11,CFB,287a959c0717526161988214cb4e01ce,2026-09-12T16:00:00Z,2026-09-11T18:45:30Z,,"Fri, 11 Sep 2026 18:45:30 GMT",2026-09-11T18:44:50Z,North Carolina Tar Heels,East Tennessee State Buccaneers,betrivers,,,-35.0,-115,35.0,-108,54.5,-112,-114
2026-09-11,CFB,287a959c0717526161988214cb4e01ce,2026-09-12T16:00:00Z,2026-09-11T18:45:30Z,,"Fri, 11 Sep 2026 18:45:30 GMT",2026-09-11T18:43:52Z,North Carolina Tar Heels,East Tennessee State Buccaneers,draftkings,,,-35.5,-110,35.5,-110,54.5,-112,-108
2026-09-11,CFB,6ab72601a536ccfdbc30904c90644d1a,2026-09-12T16:00:00Z,2026-09-11T18:45:30Z,,"Fri, 11 Sep 2026 18:45:30 GMT",2026-09-11T18:45:17Z,Liberty Flames,Gardner-Webb Runnin Bulldogs,fanduel,-4500,1600,-27.5,-114,27.5,-106,54.5,-110,-110
2026-09-11,CFB,6ab72601a536ccfdbc30904c90644d1a,2026-09-12T16:00:00Z,2026-09-11T18:45:30Z,,"Fri, 11 Sep 2026 18:45:30 GMT",2026-09-11T18:44:50Z,Liberty Flames,Gardner-Webb Runnin Bulldogs,betrivers,,,-28.5,-108,28.5,-115,54.5,-120,-106
2026-09-11,CFB,6ab72601a536ccfdbc30904c90644d1a,2026-09-12T16:00:00Z,2026-09-11T18:45:30Z,,"Fri, 11 Sep 2026 18:45:30 GMT",2026-09-11T18:43:52Z,Liberty Flames,Gardner-Webb Runnin Bulldogs,draftkings,-5000,1800,-27.5,-108,27.5,-112,55.5,-105,-115
2026-09-11,CFB,a50cf094d107e92ff579fba17969676c,2026-09-12T16:00:00Z,2026-09-11T18:45:30Z,,"Fri, 11 Sep 2026 18:45:30 GMT",2026-09-11T18:45:17Z,Indiana Hoosiers,Howard Bison,fanduel,,,-56.5,-110,56.5,-110,65.5,-110,-110
2026-09-11,CFB,a50cf094d107e92ff579fba17969676c,2026-09-12T16:00:00Z,2026-09-11T18:45:30Z,,"Fri, 11 Sep 2026 18:45:30 GMT",2026-09-11T18:44:50Z,Indiana Hoosiers,Howard Bison,betrivers,,,-56.5,-110,56.5,-113,65.5,-109,-114
2026-09-11,CFB,a50cf094d107e92ff579fba17969676c,2026-09-12T16:00:00Z,2026-09-11T18:45:30Z,,"Fri, 11 Sep 2026 18:45:30 GMT",2026-09-11T18:43:52Z,Indiana Hoosiers,Howard Bison,draftkings,,,-56.5,-110,56.5,-110,64.5,-110,-110
2026-09-11,CFB,3b3054849b678fcfa0b6a5a9994557bf,2026-09-12T16:00:00Z,2026-09-11T18:45:30Z,,"Fri, 11 Sep 2026 18:45:30 GMT",2026-09-11T18:45:17Z,Kansas State Wildcats,Washington State Cougars,fanduel,-1100,680,-16.5,-124,16.5,102,48.5,-114,-106
2026-09-11,CFB,3b3054849b678fcfa0b6a5a9994557bf,2026-09-12T16:00:00Z,2026-09-11T18:45:30Z,,"Fri, 11 Sep 2026 18:45:30 GMT",2026-09-11T18:43:52Z,Kansas State Wildcats,Washington State Cougars,draftkings,-950,625,-17.5,-108,17.5,-112,48.5,-110,-110
2026-09-11,CFB,3b3054849b678fcfa0b6a5a9994557bf,2026-09-12T16:00:00Z,2026-09-11T18:45:30Z,,"Fri, 11 Sep 2026 18:45:30 GMT",2026-09-11T18:44:48Z,Kansas State Wildcats,Washington State Cougars,betmgm,-900,650,-17.5,-108,17.5,-110,48.5,-112,-105
2026-09-11,CFB,3b3054849b678fcfa0b6a5a9994557bf,2026-09-12T16:00:00Z,2026-09-11T18:45:30Z,,"Fri, 11 Sep 2026 18:45:30 GMT",2026-09-11T18:44:50Z,Kansas State Wildcats,Washington State Cougars,betrivers,-1115,650,-17.5,-112,17.5,-112,48.0,-112,-110
2026-09-11,CFB,f84668c3813a8bed98f8cf0bc3c31a00,2026-09-12T16:00:00Z,2026-09-11T18:45:30Z,,"Fri, 11 Sep 2026 18:45:30 GMT",2026-09-11T18:45:17Z,Kent State Golden Flashes,Wofford Terriers,fanduel,-520,385,-11.5,-110,11.5,-110,46.5,-110,-110
2026-09-11,CFB,f84668c3813a8bed98f8cf0bc3c31a00,2026-09-12T16:00:00Z,2026-09-11T18:45:30Z,,"Fri, 11 Sep 2026 18:45:30 GMT",2026-09-11T18:44:50Z,Kent State Golden Flashes,Wofford Terriers,betrivers,-530,375,-10.5,-113,10.5,-110,46.5,-109,-117
2026-09-11,CFB,f84668c3813a8bed98f8cf0bc3c31a00,2026-09-12T16:00:00Z,2026-09-11T18:45:30Z,,"Fri, 11 Sep 2026 18:45:30 GMT",2026-09-11T18:43:52Z,Kent State Golden Flashes,Wofford Terriers,draftkings,-520,390,-11.5,-112,11.5,-108,47.5,-108,-112
2026-09-11,CFB,b38f4f63351c15767e64a76a73589574,2026-09-12T16:00:00Z,2026-09-11T18:45:30Z,,"Fri, 11 Sep 2026 18:45:30 GMT",2026-09-11T18:45:17Z,Michigan Wolverines,Oklahoma Sooners,fanduel,168,-200,4.5,-110,-4.5,-110,43.5,-105,-115
2026-09-11,CFB,b38f4f63351c15767e64a76a73589574,2026-09-12T16:00:00Z,2026-09-11T18:45:30Z,,"Fri, 11 Sep 2026 18:45:30 GMT",2026-09-11T18:44:48Z,Michigan Wolverines,Oklahoma Sooners,betmgm,175,-210,5.0,-110,-5.0,-108,43.5,-108,-110
2026-09-11,CFB,b38f4f63351c15767e64a76a73589574,2026-09-12T16:00:00Z,2026-09-11T18:45:30Z,,"Fri, 11 Sep 2026 18:45:30 GMT",2026-09-11T18:44:50Z,Michigan Wolverines,Oklahoma Sooners,betrivers,163,-215,5.5,-113,-5.5,-110,43.5,-109,-114
2026-09-11,CFB,b38f4f63351c15767e64a76a73589574,2026-09-12T16:00:00Z,2026-09-11T18:45:30Z,,"Fri, 11 Sep 2026 18:45:30 GMT",2026-09-11T18:43:52Z,Michigan Wolverines,Oklahoma Sooners,draftkings,170,-205,5.5,-112,-5.5,-108,43.5,-108,-112
2026-09-11,CFB,d652c7bc0594f13ef0a2a04e31ef5666,2026-09-12T16:00:00Z,2026-09-11T18:45:30Z,,"Fri, 11 Sep 2026 18:45:30 GMT",2026-09-11T18:45:17Z,Oklahoma State Cowboys,Oregon Ducks,fanduel,1060,-2300,23.5,-115,-23.5,-105,54.5,-118,-104
2026-09-11,CFB,d652c7bc0594f13ef0a2a04e31ef5666,2026-09-12T16:00:00Z,2026-09-11T18:45:30Z,,"Fri, 11 Sep 2026 18:45:30 GMT",2026-09-11T18:43:52Z,Oklahoma State Cowboys,Oregon Ducks,draftkings,1100,-2100,23.5,-112,-23.5,-108,55.5,-105,-115
2026-09-11,CFB,d652c7bc0594f13ef0a2a04e31ef5666,2026-09-12T16:00:00Z,2026-09-11T18:45:30Z,,"Fri, 11 Sep 2026 18:45:30 GMT",2026-09-11T18:44:50Z,Oklahoma State Cowboys,Oregon Ducks,betrivers,1050,-3335,23.5,-112,-23.5,-112,55.5,-112,-112
2026-09-11,CFB,d652c7bc0594f13ef0a2a04e31ef5666,2026-09-12T16:00:00Z,2026-09-11T18:45:30Z,,"Fri, 11 Sep 2026 18:45:30 GMT",2026-09-11T18:44:48Z,Oklahoma State Cowboys,Oregon Ducks,betmgm,1150,-2000,23.0,-108,-23.0,-110,55.5,-105,-115
2026-09-11,CFB,cdbde17fe5ba072172683681026c6312,2026-09-12T16:00:00Z,2026-09-11T18:45:30Z,,"Fri, 11 Sep 2026 18:45:30 GMT",2026-09-11T18:43:52Z,Virginia Tech Hokies,Old Dominion Monarchs,draftkings,-1100,700,-19.5,-102,19.5,-118,48.5,-105,-115
2026-09-11,CFB,cdbde17fe5ba072172683681026c6312,2026-09-12T16:00:00Z,2026-09-11T18:45:30Z,,"Fri, 11 Sep 2026 18:45:30 GMT",2026-09-11T18:45:17Z,Virginia Tech Hokies,Old Dominion Monarchs,fanduel,-1250,740,-18.5,-114,18.5,-106,48.5,-105,-115
2026-09-11,CFB,cdbde17fe5ba072172683681026c6312,2026-09-12T16:00:00Z,2026-09-11T18:45:30Z,,"Fri, 11 Sep 2026 18:45:30 GMT",2026-09-11T18:44:48Z,Virginia Tech Hokies,Old Dominion Monarchs,betmgm,-1100,750,-18.5,-118,18.5,-112,48.5,-105,-115
2026-09-11,CFB,cdbde17fe5ba072172683681026c6312,2026-09-12T16:00:00Z,2026-09-11T18:45:30Z,,"Fri, 11 Sep 2026 18:45:30 GMT",2026-09-11T18:44:50Z,Virginia Tech Hokies,Old Dominion Monarchs,betrivers,-1430,750,-19.0,-109,19.0,-114,48.5,-107,-120
2026-09-11,CFB,eee54863c6c50d585de1919f1fca51e5,2026-09-12T16:00:00Z,2026-09-11T18:45:30Z,,"Fri, 11 Sep 2026 18:45:30 GMT",2026-09-11T18:45:17Z,Temple Owls,Penn State Nittany Lions,fanduel,1400,-4000,23.5,-102,-23.5,-120,50.5,-115,-105
2026-09-11,CFB,eee54863c6c50d585de1919f1fca51e5,2026-09-12T16:00:00Z,2026-09-11T18:45:30Z,,"Fri, 11 Sep 2026 18:45:30 GMT",2026-09-11T18:43:52Z,Temple Owls,Penn State Nittany Lions,draftkings,1200,-2400,23.5,-102,-23.5,-118,50.5,-115,-105
2026-09-11,CFB,eee54863c6c50d585de1919f1fca51e5,2026-09-12T16:00:00Z,2026-09-11T18:45:30Z,,"Fri, 11 Sep 2026 18:45:30 GMT",2026-09-11T18:44:48Z,Temple Owls,Penn State Nittany Lions,betmgm,1400,-2500,24.0,-108,-24.0,-110,50.5,-112,-105
2026-09-11,CFB,eee54863c6c50d585de1919f1fca51e5,2026-09-12T16:00:00Z,2026-09-11T18:45:30Z,,"Fri, 11 Sep 2026 18:45:30 GMT",2026-09-11T18:44:50Z,Temple Owls,Penn State Nittany Lions,betrivers,1400,-10000,24.0,-113,-24.0,-110,51.0,-109,-114
2026-09-11,CFB,5a8d98c3147d18b683d90a536e76eb64,2026-09-12T16:00:00Z,2026-09-11T18:45:30Z,,"Fri, 11 Sep 2026 18:45:30 GMT",2026-09-11T18:45:17Z,Purdue Boilermakers,Wake Forest Demon Deacons,fanduel,126,-152,2.5,-102,-2.5,-120,49.5,-115,-105
2026-09-11,CFB,5a8d98c3147d18b683d90a536e76eb64,2026-09-12T16:00:00Z,2026-09-11T18:45:30Z,,"Fri, 11 Sep 2026 18:45:30 GMT",2026-09-11T18:43:52Z,Purdue Boilermakers,Wake Forest Demon Deacons,draftkings,130,-155,3.0,-108,-3.0,-112,49.5,-115,-105
2026-09-11,CFB,5a8d98c3147d18b683d90a536e76eb64,2026-09-12T16:00:00Z,2026-09-11T18:45:30Z,,"Fri, 11 Sep 2026 18:45:30 GMT",2026-09-11T18:44:50Z,Purdue Boilermakers,Wake Forest Demon Deacons,betrivers,128,-159,3.5,-117,-3.5,-107,50.0,-112,-112
2026-09-11,CFB,5a8d98c3147d18b683d90a536e76eb64,2026-09-12T16:00:00Z,2026-09-11T18:45:30Z,,"Fri, 11 Sep 2026 18:45:30 GMT",2026-09-11T18:44:48Z,Purdue Boilermakers,Wake Forest Demon Deacons,betmgm,130,-160,3.0,-110,-3.0,-110,49.5,-120,-110
2026-09-11,CFB,43ee6255542faa05e9b9853cb1c6289e,2026-09-12T16:45:00Z,2026-09-11T18:45:30Z,,"Fri, 11 Sep 2026 18:45:30 GMT",2026-09-11T18:43:52Z,Georgia Bulldogs,Western Kentucky Hilltoppers,draftkings,,,-39.5,-112,39.5,-108,55.5,-112,-108
2026-09-11,CFB,43ee6255542faa05e9b9853cb1c6289e,2026-09-12T16:45:00Z,2026-09-11T18:45:30Z,,"Fri, 11 Sep 2026 18:45:30 GMT",2026-09-11T18:44:50Z,Georgia Bulldogs,Western Kentucky Hilltoppers,betrivers,,,-41.0,-110,41.0,-114,55.5,-109,-114
2026-09-11,CFB,43ee6255542faa05e9b9853cb1c6289e,2026-09-12T16:45:00Z,2026-09-11T18:45:30Z,,"Fri, 11 Sep 2026 18:45:30 GMT",2026-09-11T18:44:48Z,Georgia Bulldogs,Western Kentucky Hilltoppers,betmgm,,,-40.5,-110,40.5,-108,55.5,-110,-108
2026-09-11,CFB,43ee6255542faa05e9b9853cb1c6289e,2026-09-12T16:45:00Z,2026-09-11T18:45:30Z,,"Fri, 11 Sep 2026 18:45:30 GMT",2026-09-11T18:45:17Z,Georgia Bulldogs,Western Kentucky Hilltoppers,fanduel,,,-40.5,-110,40.5,-110,55.5,-112,-108
2026-09-11,CFB,6e373e2da501d8104f2162d0e2ca6e2d,2026-09-12T17:00:00Z,2026-09-11T18:45:30Z,,"Fri, 11 Sep 2026 18:45:30 GMT",2026-09-11T18:45:17Z,Central Michigan Chippewas,Colgate Raiders,fanduel,-4000,1400,-22.5,-115,22.5,-105,49.5,-110,-110
2026-09-11,CFB,6e373e2da501d8104f2162d0e2ca6e2d,2026-09-12T17:00:00Z,2026-09-11T18:45:30Z,,"Fri, 11 Sep 2026 18:45:30 GMT",2026-09-11T18:44:50Z,Central Michigan Chippewas,Colgate Raiders,betrivers,-3335,1150,-22.0,-113,22.0,-110,49.5,-114,-112
2026-09-11,CFB,6e373e2da501d8104f2162d0e2ca6e2d,2026-09-12T17:00:00Z,2026-09-11T18:45:30Z,,"Fri, 11 Sep 2026 18:45:30 GMT",2026-09-11T18:43:52Z,Central Michigan Chippewas,Colgate Raiders,draftkings,-2400,1200,-24.5,-105,24.5,-115,48.5,-115,-105
2026-09-11,CFB,2a658c30f1df6cbb619b57193bb781a2,2026-09-12T17:00:00Z,2026-09-11T18:45:30Z,,"Fri, 11 Sep 2026 18:45:30 GMT",2026-09-11T18:45:17Z,Miami (OH) RedHawks,Holy Cross Crusaders,fanduel,-7000,2000,-30.5,-115,30.5,-105,50.5,-108,-112
2026-09-11,CFB,2a658c30f1df6cbb619b57193bb781a2,2026-09-12T17:00:00Z,2026-09-11T18:45:30Z,,"Fri, 11 Sep 2026 18:45:30 GMT",2026-09-11T18:44:50Z,Miami (OH) RedHawks,Holy Cross Crusaders,betrivers,,,-31.0,-112,31.0,-112,50.5,-115,-110
2026-09-11,CFB,2a658c30f1df6cbb619b57193bb781a2,2026-09-12T17:00:00Z,2026-09-11T18:45:30Z,,"Fri, 11 Sep 2026 18:45:30 GMT",2026-09-11T18:43:52Z,Miami (OH) RedHawks,Holy Cross Crusaders,draftkings,-9000,2500,-30.5,-112,30.5,-108,50.5,-110,-110
2026-09-11,CFB,c3281cee9975bf6d8ed8106826279caf,2026-09-12T17:00:00Z,2026-09-11T18:45:30Z,,"Fri, 11 Sep 2026 18:45:30 GMT",2026-09-11T18:45:17Z,West Virginia Mountaineers,UT Martin Skyhawks,fanduel,,,-41.5,-114,41.5,-106,55.5,-112,-108
2026-09-11,CFB,c3281cee9975bf6d8ed8106826279caf,2026-09-12T17:00:00Z,2026-09-11T18:45:30Z,,"Fri, 11 Sep 2026 18:45:30 GMT",2026-09-11T18:44:50Z,West Virginia Mountaineers,UT Martin Skyhawks,betrivers,,,-42.5,-109,42.5,-113,57.5,-114,-112
2026-09-11,CFB,c3281cee9975bf6d8ed8106826279caf,2026-09-12T17:00:00Z,2026-09-11T18:45:30Z,,"Fri, 11 Sep 2026 18:45:30 GMT",2026-09-11T18:43:52Z,West Virginia Mountaineers,UT Martin Skyhawks,draftkings,,,-41.5,-110,41.5,-110,55.5,-110,-110
2026-09-11,CFB,50ca382289647d24354223aa3512c02f,2026-09-12T18:00:00Z,2026-09-11T18:45:30Z,,"Fri, 11 Sep 2026 18:45:30 GMT",2026-09-11T18:45:17Z,Ball State Cardinals,Stony Brook Seawolves,fanduel,-750,520,-14.5,-106,14.5,-114,55.5,-114,-106
2026-09-11,CFB,50ca382289647d24354223aa3512c02f,2026-09-12T18:00:00Z,2026-09-11T18:45:30Z,,"Fri, 11 Sep 2026 18:45:30 GMT",2026-09-11T18:44:50Z,Ball State Cardinals,Stony Brook Seawolves,betrivers,-910,575,-14.5,-112,14.5,-112,56.5,-114,-112
2026-09-11,CFB,50ca382289647d24354223aa3512c02f,2026-09-12T18:00:00Z,2026-09-11T18:45:30Z,,"Fri, 11 Sep 2026 18:45:30 GMT",2026-09-11T18:43:52Z,Ball State Cardinals,Stony Brook Seawolves,draftkings,-850,575,-15.5,-108,15.5,-112,55.5,-112,-108
2026-09-11,CFB,0c68f1ebc9e9f2bc6a8fb51e072e35b9,2026-09-12T19:30:00Z,2026-09-11T18:45:30Z,,"Fri, 11 Sep 2026 18:45:30 GMT",2026-09-11T18:45:17Z,Akron Zips,Robert Morris Colonials,fanduel,-10000,2400,-27.5,-114,27.5,-106,43.5,-108,-112
2026-09-11,CFB,0c68f1ebc9e9f2bc6a8fb51e072e35b9,2026-09-12T19:30:00Z,2026-09-11T18:45:30Z,,"Fri, 11 Sep 2026 18:45:30 GMT",2026-09-11T18:44:50Z,Akron Zips,Robert Morris Colonials,betrivers,,,-27.5,-115,27.5,-108,42.5,-113,-113
2026-09-11,CFB,0c68f1ebc9e9f2bc6a8fb51e072e35b9,2026-09-12T19:30:00Z,2026-09-11T18:45:30Z,,"Fri, 11 Sep 2026 18:45:30 GMT",2026-09-11T18:43:52Z,Akron Zips,Robert Morris Colonials,draftkings,-6500,2000,-27.5,-110,27.5,-110,42.5,-112,-108
2026-09-11,CFB,2cb6f8436ba0f1fbcdcd7871a03466d5,2026-09-12T19:30:00Z,2026-09-11T18:45:30Z,,"Fri, 11 Sep 2026 18:45:30 GMT",2026-09-11T18:43:52Z,Kentucky Wildcats,Alabama Crimson Tide,draftkings,320,-410,10.0,-112,-10.0,-108,48.5,-105,-115
2026-09-11,CFB,2cb6f8436ba0f1fbcdcd7871a03466d5,2026-09-12T19:30:00Z,2026-09-11T18:45:30Z,,"Fri, 11 Sep 2026 18:45:30 GMT",2026-09-11T18:45:17Z,Kentucky Wildcats,Alabama Crimson Tide,fanduel,290,-375,10.5,-122,-10.5,100,48.5,-105,-115
2026-09-11,CFB,2cb6f8436ba0f1fbcdcd7871a03466d5,2026-09-12T19:30:00Z,2026-09-11T18:45:30Z,,"Fri, 11 Sep 2026 18:45:30 GMT",2026-09-11T18:44:50Z,Kentucky Wildcats,Alabama Crimson Tide,betrivers,310,-480,10.0,-114,-10.0,-109,48.5,-112,-112
2026-09-11,CFB,2cb6f8436ba0f1fbcdcd7871a03466d5,2026-09-12T19:30:00Z,2026-09-11T18:45:30Z,,"Fri, 11 Sep 2026 18:45:30 GMT",2026-09-11T18:44:48Z,Kentucky Wildcats,Alabama Crimson Tide,betmgm,320,-400,10.0,-110,-10.0,-108,48.5,-102,-118
2026-09-11,CFB,6e781bfdb712f185fb1be983bc10af15,2026-09-12T19:30:00Z,2026-09-11T18:45:30Z,,"Fri, 11 Sep 2026 18:45:30 GMT",2026-09-11T18:43:52Z,BYU Cougars,Arizona Wildcats,draftkings,-290,235,-7.5,-105,7.5,-115,48.5,-105,-115
2026-09-11,CFB,6e781bfdb712f185fb1be983bc10af15,2026-09-12T19:30:00Z,2026-09-11T18:45:30Z,,"Fri, 11 Sep 2026 18:45:30 GMT",2026-09-11T18:45:17Z,BYU Cougars,Arizona Wildcats,fanduel,-320,255,-7.5,-110,7.5,-110,48.5,-106,-114
2026-09-11,CFB,6e781bfdb712f185fb1be983bc10af15,2026-09-12T19:30:00Z,2026-09-11T18:45:30Z,,"Fri, 11 Sep 2026 18:45:30 GMT",2026-09-11T18:44:50Z,BYU Cougars,Arizona Wildcats,betrivers,-335,250,-7.5,-107,7.5,-117,48.0,-110,-113
2026-09-11,CFB,6e781bfdb712f185fb1be983bc10af15,2026-09-12T19:30:00Z,2026-09-11T18:45:30Z,,"Fri, 11 Sep 2026 18:45:30 GMT",2026-09-11T18:44:48Z,BYU Cougars,Arizona Wildcats,betmgm,-295,240,-7.5,-108,7.5,-110,48.5,-105,-112
2026-09-11,CFB,1427645d6020f742eece986c58bdb29d,2026-09-12T19:30:00Z,2026-09-11T18:45:30Z,,"Fri, 11 Sep 2026 18:45:30 GMT",2026-09-11T18:45:17Z,Syracuse Orange,California Golden Bears,fanduel,-172,142,-3.5,-108,3.5,-112,56.5,-114,-106
2026-09-11,CFB,1427645d6020f742eece986c58bdb29d,2026-09-12T19:30:00Z,2026-09-11T18:45:30Z,,"Fri, 11 Sep 2026 18:45:30 GMT",2026-09-11T18:43:52Z,Syracuse Orange,California Golden Bears,draftkings,-185,154,-3.5,-110,3.5,-110,56.5,-112,-108
2026-09-11,CFB,1427645d6020f742eece986c58bdb29d,2026-09-12T19:30:00Z,2026-09-11T18:45:30Z,,"Fri, 11 Sep 2026 18:45:30 GMT",2026-09-11T18:44:50Z,Syracuse Orange,California Golden Bears,betrivers,-175,138,-3.5,-110,3.5,-113,56.5,-112,-112
2026-09-11,CFB,1427645d6020f742eece986c58bdb29d,2026-09-12T19:30:00Z,2026-09-11T18:45:30Z,,"Fri, 11 Sep 2026 18:45:30 GMT",2026-09-11T18:44:48Z,Syracuse Orange,California Golden Bears,betmgm,-185,150,-3.5,-110,3.5,-108,56.5,-110,-108
2026-09-11,CFB,28bb2aa99c25784abd9be51bba32c472,2026-09-12T19:30:00Z,2026-09-11T18:45:30Z,,"Fri, 11 Sep 2026 18:45:30 GMT",2026-09-11T18:45:17Z,Toledo Rockets,Central Connecticut Blue Devils,fanduel,,,-35.5,-106,35.5,-114,54.5,-106,-114
2026-09-11,CFB,28bb2aa99c25784abd9be51bba32c472,2026-09-12T19:30:00Z,2026-09-11T18:45:30Z,,"Fri, 11 Sep 2026 18:45:30 GMT",2026-09-11T18:44:50Z,Toledo Rockets,Central Connecticut Blue Devils,betrivers,,,-35.0,-112,35.0,-112,55.5,-109,-117
2026-09-11,CFB,28bb2aa99c25784abd9be51bba32c472,2026-09-12T19:30:00Z,2026-09-11T18:45:30Z,,"Fri, 11 Sep 2026 18:45:30 GMT",2026-09-11T18:43:52Z,Toledo Rockets,Central Connecticut Blue Devils,draftkings,-20000,3500,-35.5,-108,35.5,-112,55.5,-110,-110
2026-09-11,CFB,f33d69b70bdc14e4182a474c2cc29419,2026-09-12T19:30:00Z,2026-09-11T18:45:30Z,,"Fri, 11 Sep 2026 18:45:30 GMT",2026-09-11T18:45:17Z,Colorado Buffaloes,Weber State Wildcats,fanduel,-30000,4000,-34.5,-105,34.5,-115,55.5,-106,-114
2026-09-11,CFB,f33d69b70bdc14e4182a474c2cc29419,2026-09-12T19:30:00Z,2026-09-11T18:45:30Z,,"Fri, 11 Sep 2026 18:45:30 GMT",2026-09-11T18:44:50Z,Colorado Buffaloes,Weber State Wildcats,betrivers,,,-35.0,-109,35.0,-114,55.5,-105,-121
2026-09-11,CFB,f33d69b70bdc14e4182a474c2cc29419,2026-09-12T19:30:00Z,2026-09-11T18:45:30Z,,"Fri, 11 Sep 2026 18:45:30 GMT",2026-09-11T18:43:52Z,Colorado Buffaloes,Weber State Wildcats,draftkings,-20000,3500,-33.5,-108,33.5,-112,54.5,-115,-105
2026-09-11,CFB,52e9b0f6515766724ee70457912bdc18,2026-09-12T19:30:00Z,2026-09-11T18:45:30Z,,"Fri, 11 Sep 2026 18:45:30 GMT",2026-09-11T18:43:52Z,Illinois Fighting Illini,Duke Blue Devils,draftkings,-225,185,-5.5,-110,5.5,-110,51.5,-105,-115
2026-09-11,CFB,52e9b0f6515766724ee70457912bdc18,2026-09-12T19:30:00Z,2026-09-11T18:45:30Z,,"Fri, 11 Sep 2026 18:45:30 GMT",2026-09-11T18:45:17Z,Illinois Fighting Illini,Duke Blue Devils,fanduel,-225,184,-5.5,-115,5.5,-105,51.5,-110,-110
2026-09-11,CFB,52e9b0f6515766724ee70457912bdc18,2026-09-12T19:30:00Z,2026-09-11T18:45:30Z,,"Fri, 11 Sep 2026 18:45:30 GMT",2026-09-11T18:44:50Z,Illinois Fighting Illini,Duke Blue Devils,betrivers,-230,180,-5.5,-114,5.5,-109,51.5,-112,-112
2026-09-11,CFB,52e9b0f6515766724ee70457912bdc18,2026-09-12T19:30:00Z,2026-09-11T18:45:30Z,,"Fri, 11 Sep 2026 18:45:30 GMT",2026-09-11T18:44:48Z,Illinois Fighting Illini,Duke Blue Devils,betmgm,-225,185,-6.0,-110,6.0,-108,51.5,-108,-110
2026-09-11,CFB,db05b8a09b0efd8546a13a2cb5e457fc,2026-09-12T19:30:00Z,2026-09-11T18:45:30Z,,"Fri, 11 Sep 2026 18:45:30 GMT",2026-09-11T18:45:17Z,Michigan State Spartans,Eastern Michigan Eagles,fanduel,-1000,640,-17.5,-106,17.5,-114,49.5,-110,-110
2026-09-11,CFB,db05b8a09b0efd8546a13a2cb5e457fc,2026-09-12T19:30:00Z,2026-09-11T18:45:30Z,,"Fri, 11 Sep 2026 18:45:30 GMT",2026-09-11T18:43:52Z,Michigan State Spartans,Eastern Michigan Eagles,draftkings,-900,600,-17.5,-105,17.5,-115,49.5,-115,-105
2026-09-11,CFB,db05b8a09b0efd8546a13a2cb5e457fc,2026-09-12T19:30:00Z,2026-09-11T18:45:30Z,,"Fri, 11 Sep 2026 18:45:30 GMT",2026-09-11T18:44:48Z,Michigan State Spartans,Eastern Michigan Eagles,betmgm,-900,650,-17.0,-110,17.0,-108,49.5,-110,-108
2026-09-11,CFB,db05b8a09b0efd8546a13a2cb5e457fc,2026-09-12T19:30:00Z,2026-09-11T18:45:30Z,,"Fri, 11 Sep 2026 18:45:30 GMT",2026-09-11T18:44:50Z,Michigan State Spartans,Eastern Michigan Eagles,betrivers,-1250,650,-17.5,-109,17.5,-113,49.5,-114,-109
2026-09-11,CFB,e2280b63997737273801521da2ded119,2026-09-12T19:30:00Z,2026-09-11T18:45:30Z,,"Fri, 11 Sep 2026 18:45:30 GMT",2026-09-11T18:45:17Z,James Madison Dukes,Wagner Seahawks,fanduel,,,-45.5,-110,45.5,-110,55.5,-110,-110
2026-09-11,CFB,e2280b63997737273801521da2ded119,2026-09-12T19:30:00Z,2026-09-11T18:45:30Z,,"Fri, 11 Sep 2026 18:45:30 GMT",2026-09-11T18:44:50Z,James Madison Dukes,Wagner Seahawks,betrivers,,,-46.5,-112,46.5,-110,56.5,-112,-114
2026-09-11,CFB,e2280b63997737273801521da2ded119,2026-09-12T19:30:00Z,2026-09-11T18:45:30Z,,"Fri, 11 Sep 2026 18:45:30 GMT",2026-09-11T18:43:52Z,James Madison Dukes,Wagner Seahawks,draftkings,,,-45.5,-108,45.5,-112,54.5,-115,-105
2026-09-11,CFB,70a4d83a64789d57f114b077a570ea27,2026-09-12T19:30:00Z,2026-09-11T18:45:30Z,,"Fri, 11 Sep 2026 18:45:30 GMT",2026-09-11T18:45:17Z,UConn Huskies,Maryland Terrapins,fanduel,350,-465,11.5,-110,-11.5,-110,52.5,-105,-115
2026-09-11,CFB,70a4d83a64789d57f114b077a570ea27,2026-09-12T19:30:00Z,2026-09-11T18:45:30Z,,"Fri, 11 Sep 2026 18:45:30 GMT",2026-09-11T18:43:52Z,UConn Huskies,Maryland Terrapins,draftkings,350,-455,11.5,-112,-11.5,-108,52.5,-105,-115
2026-09-11,CFB,70a4d83a64789d57f114b077a570ea27,2026-09-12T19:30:00Z,2026-09-11T18:45:30Z,,"Fri, 11 Sep 2026 18:45:30 GMT",2026-09-11T18:44:48Z,UConn Huskies,Maryland Terrapins,betmgm,350,-450,11.5,-110,-11.5,-108,52.5,-105,-115
2026-09-11,CFB,70a4d83a64789d57f114b077a570ea27,2026-09-12T19:30:00Z,2026-09-11T18:45:30Z,,"Fri, 11 Sep 2026 18:45:30 GMT",2026-09-11T18:44:50Z,UConn Huskies,Maryland Terrapins,betrivers,400,-590,11.5,-112,-11.5,-112,51.5,-118,-108
2026-09-11,CFB,25c198f097870d531920ba524262737d,2026-09-12T19:30:00Z,2026-09-11T18:45:30Z,,"Fri, 11 Sep 2026 18:45:30 GMT",2026-09-11T18:43:52Z,Minnesota Golden Gophers,Mississippi State Bulldogs,draftkings,-105,-115,1.5,-118,-1.5,-102,55.5,-105,-115
2026-09-11,CFB,25c198f097870d531920ba524262737d,2026-09-12T19:30:00Z,2026-09-11T18:45:30Z,,"Fri, 11 Sep 2026 18:45:30 GMT",2026-09-11T18:45:17Z,Minnesota Golden Gophers,Mississippi State Bulldogs,fanduel,-110,-110,1.5,-122,-1.5,100,54.5,-115,-105
2026-09-11,CFB,25c198f097870d531920ba524262737d,2026-09-12T19:30:00Z,2026-09-11T18:45:30Z,,"Fri, 11 Sep 2026 18:45:30 GMT",2026-09-11T18:44:50Z,Minnesota Golden Gophers,Mississippi State Bulldogs,betrivers,-114,-109,-0.5,-114,0.5,-109,55.5,-108,-114
2026-09-11,CFB,25c198f097870d531920ba524262737d,2026-09-12T19:30:00Z,2026-09-11T18:45:30Z,,"Fri, 11 Sep 2026 18:45:30 GMT",2026-09-11T18:44:48Z,Minnesota Golden Gophers,Mississippi State Bulldogs,betmgm,-110,-108,-1.0,-105,1.0,-112,54.5,-115,-105
2026-09-11,CFB,2be7c621008f4d4147868ababc385a6c,2026-09-12T19:30:00Z,2026-09-11T18:45:30Z,,"Fri, 11 Sep 2026 18:45:30 GMT",2026-09-11T18:43:52Z,Notre Dame Fighting Irish,Rice Owls,draftkings,,,-44.5,-110,44.5,-110,55.5,100,-120
2026-09-11,CFB,2be7c621008f4d4147868ababc385a6c,2026-09-12T19:30:00Z,2026-09-11T18:45:30Z,,"Fri, 11 Sep 2026 18:45:30 GMT",2026-09-11T18:45:17Z,Notre Dame Fighting Irish,Rice Owls,fanduel,,,-44.5,-115,44.5,-105,54.5,-115,-105
2026-09-11,CFB,2be7c621008f4d4147868ababc385a6c,2026-09-12T19:30:00Z,2026-09-11T18:45:30Z,,"Fri, 11 Sep 2026 18:45:30 GMT",2026-09-11T18:44:50Z,Notre Dame Fighting Irish,Rice Owls,betrivers,,,-44.5,-114,44.5,-109,55.0,-112,-112
2026-09-11,CFB,2be7c621008f4d4147868ababc385a6c,2026-09-12T19:30:00Z,2026-09-11T18:45:30Z,,"Fri, 11 Sep 2026 18:45:30 GMT",2026-09-11T18:44:48Z,Notre Dame Fighting Irish,Rice Owls,betmgm,,,-44.5,-108,44.5,-110,55.5,-110,-108
2026-09-11,CFB,dd880570288831c4fc55cb68f19f9667,2026-09-12T19:30:00Z,2026-09-11T18:45:30Z,,"Fri, 11 Sep 2026 18:45:30 GMT",2026-09-11T18:45:17Z,Pittsburgh Panthers,UCF Knights,fanduel,-260,210,-7.5,100,7.5,-122,56.5,-112,-108
2026-09-11,CFB,dd880570288831c4fc55cb68f19f9667,2026-09-12T19:30:00Z,2026-09-11T18:45:30Z,,"Fri, 11 Sep 2026 18:45:30 GMT",2026-09-11T18:43:52Z,Pittsburgh Panthers,UCF Knights,draftkings,-298,240,-7.0,-115,7.0,-105,56.5,-108,-112
2026-09-11,CFB,dd880570288831c4fc55cb68f19f9667,2026-09-12T19:30:00Z,2026-09-11T18:45:30Z,,"Fri, 11 Sep 2026 18:45:30 GMT",2026-09-11T18:44:50Z,Pittsburgh Panthers,UCF Knights,betrivers,-315,235,-7.0,-113,7.0,-110,56.5,-110,-113
2026-09-11,CFB,dd880570288831c4fc55cb68f19f9667,2026-09-12T19:30:00Z,2026-09-11T18:45:30Z,,"Fri, 11 Sep 2026 18:45:30 GMT",2026-09-11T18:44:48Z,Pittsburgh Panthers,UCF Knights,betmgm,-275,225,-7.0,-112,7.0,-105,56.5,-108,-110
2026-09-11,CFB,f85969d656d1cafcfc4e60290a25bb09,2026-09-12T19:30:00Z,2026-09-11T18:45:30Z,,"Fri, 11 Sep 2026 18:45:30 GMT",2026-09-11T18:45:17Z,UMass Minutemen,Sacred Heart Pioneers,fanduel,-3500,1200,-24.5,-110,24.5,-110,53.5,-110,-110
2026-09-11,CFB,f85969d656d1cafcfc4e60290a25bb09,2026-09-12T19:30:00Z,2026-09-11T18:45:30Z,,"Fri, 11 Sep 2026 18:45:30 GMT",2026-09-11T18:44:50Z,UMass Minutemen,Sacred Heart Pioneers,betrivers,,,-24.5,-108,24.5,-115,53.5,-120,-107
2026-09-11,CFB,f85969d656d1cafcfc4e60290a25bb09,2026-09-12T19:30:00Z,2026-09-11T18:45:30Z,,"Fri, 11 Sep 2026 18:45:30 GMT",2026-09-11T18:43:52Z,UMass Minutemen,Sacred Heart Pioneers,draftkings,-2400,1200,-23.5,-110,23.5,-110,53.5,-112,-108
2026-09-11,CFB,08c5bac0240cbc3ba996fb55a75504f2,2026-09-12T19:30:00Z,2026-09-11T18:45:30Z,,"Fri, 11 Sep 2026 18:45:30 GMT",2026-09-11T18:43:52Z,Texas State Bobcats,UTSA Roadrunners,draftkings,-122,102,-1.5,-112,1.5,-108,66.5,-112,-108
2026-09-11,CFB,08c5bac0240cbc3ba996fb55a75504f2,2026-09-12T19:30:00Z,2026-09-11T18:45:30Z,,"Fri, 11 Sep 2026 18:45:30 GMT",2026-09-11T18:45:17Z,Texas State Bobcats,UTSA Roadrunners,fanduel,-128,106,-2.5,-106,2.5,-114,66.5,-105,-115
2026-09-11,CFB,08c5bac0240cbc3ba996fb55a75504f2,2026-09-12T19:30:00Z,2026-09-11T18:45:30Z,,"Fri, 11 Sep 2026 18:45:30 GMT",2026-09-11T18:44:48Z,Texas State Bobcats,UTSA Roadrunners,betmgm,-125,105,-2.0,-108,2.0,-110,66.5,-105,-112
2026-09-11,CFB,08c5bac0240cbc3ba996fb55a75504f2,2026-09-12T19:30:00Z,2026-09-11T18:45:30Z,,"Fri, 11 Sep 2026 18:45:30 GMT",2026-09-11T18:44:50Z,Texas State Bobcats,UTSA Roadrunners,betrivers,-129,105,-2.0,-113,2.0,-110,66.5,-115,-110
2026-09-11,CFB,61700ad2942d0c633b9c6cd402964356,2026-09-12T19:30:00Z,2026-09-11T18:45:30Z,,"Fri, 11 Sep 2026 18:45:30 GMT",2026-09-11T18:45:17Z,UAB Blazers,UL Monroe Warhawks,fanduel,-365,285,-9.5,-110,9.5,-110,54.5,-105,-115
2026-09-11,CFB,61700ad2942d0c633b9c6cd402964356,2026-09-12T19:30:00Z,2026-09-11T18:45:30Z,,"Fri, 11 Sep 2026 18:45:30 GMT",2026-09-11T18:43:52Z,UAB Blazers,UL Monroe Warhawks,draftkings,-360,285,-10.0,-102,10.0,-118,54.5,-110,-110
2026-09-11,CFB,61700ad2942d0c633b9c6cd402964356,2026-09-12T19:30:00Z,2026-09-11T18:45:30Z,,"Fri, 11 Sep 2026 18:45:30 GMT",2026-09-11T18:44:48Z,UAB Blazers,UL Monroe Warhawks,betmgm,-375,290,-9.5,-110,9.5,-108,54.5,-105,-112
2026-09-11,CFB,61700ad2942d0c633b9c6cd402964356,2026-09-12T19:30:00Z,2026-09-11T18:45:30Z,,"Fri, 11 Sep 2026 18:45:30 GMT",2026-09-11T18:44:50Z,UAB Blazers,UL Monroe Warhawks,betrivers,-385,290,-10.0,-114,10.0,-109,54.5,-115,-110
2026-09-11,CFB,2186fba5726dbd7fee2ce72477bdaa2b,2026-09-12T19:30:00Z,2026-09-11T18:45:30Z,,"Fri, 11 Sep 2026 18:45:30 GMT",2026-09-11T18:45:17Z,Washington Huskies,Utah State Aggies,fanduel,-4500,1600,-27.5,-106,27.5,-114,55.5,-110,-110
2026-09-11,CFB,2186fba5726dbd7fee2ce72477bdaa2b,2026-09-12T19:30:00Z,2026-09-11T18:45:30Z,,"Fri, 11 Sep 2026 18:45:30 GMT",2026-09-11T18:43:52Z,Washington Huskies,Utah State Aggies,draftkings,-4000,1600,-27.5,-108,27.5,-112,55.5,-112,-108
2026-09-11,CFB,2186fba5726dbd7fee2ce72477bdaa2b,2026-09-12T19:30:00Z,2026-09-11T18:45:30Z,,"Fri, 11 Sep 2026 18:45:30 GMT",2026-09-11T18:44:48Z,Washington Huskies,Utah State Aggies,betmgm,-3000,1800,-27.5,-110,27.5,-108,55.5,-108,-110
2026-09-11,CFB,2186fba5726dbd7fee2ce72477bdaa2b,2026-09-12T19:30:00Z,2026-09-11T18:45:30Z,,"Fri, 11 Sep 2026 18:45:30 GMT",2026-09-11T18:44:50Z,Washington Huskies,Utah State Aggies,betrivers,-10000,1900,-27.0,-112,27.0,-112,55.5,-112,-112
2026-09-11,CFB,50b6e6aec0bd3f2fcb9dc18c113ddd12,2026-09-12T19:45:00Z,2026-09-11T18:45:30Z,,"Fri, 11 Sep 2026 18:45:30 GMT",2026-09-11T18:45:17Z,North Texas Mean Green,UNLV Rebels,fanduel,134,-162,3.5,-122,-3.5,100,58.5,-105,-115
2026-09-11,CFB,50b6e6aec0bd3f2fcb9dc18c113ddd12,2026-09-12T19:45:00Z,2026-09-11T18:45:30Z,,"Fri, 11 Sep 2026 18:45:30 GMT",2026-09-11T18:43:52Z,North Texas Mean Green,UNLV Rebels,draftkings,136,-162,3.0,-105,-3.0,-115,57.5,-112,-108
2026-09-11,CFB,50b6e6aec0bd3f2fcb9dc18c113ddd12,2026-09-12T19:45:00Z,2026-09-11T18:45:30Z,,"Fri, 11 Sep 2026 18:45:30 GMT",2026-09-11T18:44:48Z,North Texas Mean Green,UNLV Rebels,betmgm,135,-160,3.0,-105,-3.0,-112,58.5,-102,-115
2026-09-11,CFB,50b6e6aec0bd3f2fcb9dc18c113ddd12,2026-09-12T19:45:00Z,2026-09-11T18:45:30Z,,"Fri, 11 Sep 2026 18:45:30 GMT",2026-09-11T18:44:50Z,North Texas Mean Green,UNLV Rebels,betrivers,133,-165,3.0,-107,-3.0,-117,57.5,-115,-110
2026-09-11,CFB,aaed4df3af7a4c8e62da2bda808e49da,2026-09-12T20:00:00Z,2026-09-11T18:45:30Z,,"Fri, 11 Sep 2026 18:45:30 GMT",2026-09-11T18:45:17Z,Troy Trojans,Alabama State Hornets,fanduel,-2100,1000,-23.5,-105,23.5,-115,51.5,-110,-110
2026-09-11,CFB,aaed4df3af7a4c8e62da2bda808e49da,2026-09-12T20:00:00Z,2026-09-11T18:45:30Z,,"Fri, 11 Sep 2026 18:45:30 GMT",2026-09-11T18:44:50Z,Troy Trojans,Alabama State Hornets,betrivers,-2500,950,-21.5,-110,21.5,-113,51.5,-112,-114
2026-09-11,CFB,aaed4df3af7a4c8e62da2bda808e49da,2026-09-12T20:00:00Z,2026-09-11T18:45:30Z,,"Fri, 11 Sep 2026 18:45:30 GMT",2026-09-11T18:43:52Z,Troy Trojans,Alabama State Hornets,draftkings,-1650,950,-22.5,-112,22.5,-108,51.5,-112,-108
2026-09-11,CFB,d71b8c6e0faec78e166823b1b3fa22b0,2026-09-12T20:00:00Z,2026-09-11T18:45:30Z,,"Fri, 11 Sep 2026 18:45:30 GMT",2026-09-11T18:45:17Z,New Mexico Lobos,Mercyhurst Lakers,fanduel,,,-41.5,-110,41.5,-110,53.5,-114,-106
2026-09-11,CFB,d71b8c6e0faec78e166823b1b3fa22b0,2026-09-12T20:00:00Z,2026-09-11T18:45:30Z,,"Fri, 11 Sep 2026 18:45:30 GMT",2026-09-11T18:44:50Z,New Mexico Lobos,Mercyhurst Lakers,betrivers,,,-43.0,-110,43.0,-112,54.5,-118,-108
2026-09-11,CFB,d71b8c6e0faec78e166823b1b3fa22b0,2026-09-12T20:00:00Z,2026-09-11T18:45:30Z,,"Fri, 11 Sep 2026 18:45:30 GMT",2026-09-11T18:43:52Z,New Mexico Lobos,Mercyhurst Lakers,draftkings,,,-41.5,-112,41.5,-108,52.5,-110,-110
2026-09-11,CFB,b5a47219e2e4b7efe0908d3441469559,2026-09-12T20:00:00Z,2026-09-11T18:45:30Z,,"Fri, 11 Sep 2026 18:45:30 GMT",2026-09-11T18:45:17Z,Wyoming Cowboys,Northern Colorado Bears,fanduel,-4000,1400,-23.5,-110,23.5,-110,46.5,-112,-108
2026-09-11,CFB,b5a47219e2e4b7efe0908d3441469559,2026-09-12T20:00:00Z,2026-09-11T18:45:30Z,,"Fri, 11 Sep 2026 18:45:30 GMT",2026-09-11T18:44:50Z,Wyoming Cowboys,Northern Colorado Bears,betrivers,-10000,1400,-23.5,-114,23.5,-109,47.5,-113,-113
2026-09-11,CFB,b5a47219e2e4b7efe0908d3441469559,2026-09-12T20:00:00Z,2026-09-11T18:45:30Z,,"Fri, 11 Sep 2026 18:45:30 GMT",2026-09-11T18:43:52Z,Wyoming Cowboys,Northern Colorado Bears,draftkings,-3200,1400,-22.5,-112,22.5,-108,47.5,-115,-105
2026-09-11,CFB,e00feee7bbead345df02792e1dc79972,2026-09-12T20:00:00Z,2026-09-11T18:45:30Z,,"Fri, 11 Sep 2026 18:45:30 GMT",2026-09-11T18:43:52Z,SMU Mustangs,UC Davis Aggies,draftkings,-6500,2000,-28.5,-110,28.5,-110,58.5,-112,-108
2026-09-11,CFB,e00feee7bbead345df02792e1dc79972,2026-09-12T20:00:00Z,2026-09-11T18:45:30Z,,"Fri, 11 Sep 2026 18:45:30 GMT",2026-09-11T18:45:17Z,SMU Mustangs,UC Davis Aggies,fanduel,-10000,2400,-28.5,-115,28.5,-105,59.5,-105,-115
2026-09-11,CFB,e00feee7bbead345df02792e1dc79972,2026-09-12T20:00:00Z,2026-09-11T18:45:30Z,,"Fri, 11 Sep 2026 18:45:30 GMT",2026-09-11T18:44:50Z,SMU Mustangs,UC Davis Aggies,betrivers,,,-28.5,-114,28.5,-114,58.5,-113,-110
2026-09-11,CFB,04d0c72553f17ebc22509fb1b5926600,2026-09-12T20:15:00Z,2026-09-11T18:45:30Z,,"Fri, 11 Sep 2026 18:45:30 GMT",2026-09-11T18:45:17Z,Vanderbilt Commodores,Delaware Blue Hens,fanduel,-2100,1000,-21.5,-105,21.5,-115,54.5,-114,-106
2026-09-11,CFB,04d0c72553f17ebc22509fb1b5926600,2026-09-12T20:15:00Z,2026-09-11T18:45:30Z,,"Fri, 11 Sep 2026 18:45:30 GMT",2026-09-11T18:43:52Z,Vanderbilt Commodores,Delaware Blue Hens,draftkings,-1350,800,-21.0,-108,21.0,-112,54.5,-115,-105
2026-09-11,CFB,04d0c72553f17ebc22509fb1b5926600,2026-09-12T20:15:00Z,2026-09-11T18:45:30Z,,"Fri, 11 Sep 2026 18:45:30 GMT",2026-09-11T18:44:48Z,Vanderbilt Commodores,Delaware Blue Hens,betmgm,-1200,875,-21.0,-108,21.0,-110,54.5,-125,-105
2026-09-11,CFB,04d0c72553f17ebc22509fb1b5926600,2026-09-12T20:15:00Z,2026-09-11T18:45:30Z,,"Fri, 11 Sep 2026 18:45:30 GMT",2026-09-11T18:44:50Z,Vanderbilt Commodores,Delaware Blue Hens,betrivers,-2500,950,-21.0,-114,21.0,-109,54.5,-112,-112
2026-09-11,CFB,7365ef8b298cbbef18e7d367fc33d0da,2026-09-12T21:30:00Z,2026-09-11T18:45:30Z,,"Fri, 11 Sep 2026 18:45:30 GMT",2026-09-11T18:45:17Z,Florida Gators,Campbell Fighting Camels,fanduel,,,-50.5,-115,50.5,-105,66.5,-106,-114
2026-09-11,CFB,7365ef8b298cbbef18e7d367fc33d0da,2026-09-12T21:30:00Z,2026-09-11T18:45:30Z,,"Fri, 11 Sep 2026 18:45:30 GMT",2026-09-11T18:44:50Z,Florida Gators,Campbell Fighting Camels,betrivers,,,-51.5,-115,51.5,-108,66.5,-113,-113
2026-09-11,CFB,7365ef8b298cbbef18e7d367fc33d0da,2026-09-12T21:30:00Z,2026-09-11T18:45:30Z,,"Fri, 11 Sep 2026 18:45:30 GMT",2026-09-11T18:43:52Z,Florida Gators,Campbell Fighting Camels,draftkings,,,-49.5,-112,49.5,-108,65.5,-110,-110
2026-09-11,CFB,c46b118e570bf1fa1b2724f1fd7e4b24,2026-09-12T22:00:00Z,2026-09-11T18:45:30Z,,"Fri, 11 Sep 2026 18:45:30 GMT",2026-09-11T18:43:52Z,Boise State Broncos,Memphis Tigers,draftkings,-325,260,-8.5,-105,8.5,-115,56.5,-108,-112
2026-09-11,CFB,c46b118e570bf1fa1b2724f1fd7e4b24,2026-09-12T22:00:00Z,2026-09-11T18:45:30Z,,"Fri, 11 Sep 2026 18:45:30 GMT",2026-09-11T18:45:17Z,Boise State Broncos,Memphis Tigers,fanduel,-345,270,-9.5,-110,9.5,-110,56.5,-112,-108
2026-09-11,CFB,c46b118e570bf1fa1b2724f1fd7e4b24,2026-09-12T22:00:00Z,2026-09-11T18:45:30Z,,"Fri, 11 Sep 2026 18:45:30 GMT",2026-09-11T18:44:50Z,Boise State Broncos,Memphis Tigers,betrivers,-345,265,-8.0,-114,8.0,-109,56.0,-114,-109
2026-09-11,CFB,c46b118e570bf1fa1b2724f1fd7e4b24,2026-09-12T22:00:00Z,2026-09-11T18:45:30Z,,"Fri, 11 Sep 2026 18:45:30 GMT",2026-09-11T18:44:48Z,Boise State Broncos,Memphis Tigers,betmgm,-350,270,-8.5,-108,8.5,-110,56.5,-108,-110
2026-09-11,CFB,a2b7711390532d0014249f295a6d02b8,2026-09-12T22:00:00Z,2026-09-11T18:45:30Z,,"Fri, 11 Sep 2026 18:45:30 GMT",2026-09-11T18:45:17Z,Florida International Panthers,Buffalo Bulls,fanduel,-410,315,-9.5,-120,9.5,-102,47.5,-110,-110
2026-09-11,CFB,a2b7711390532d0014249f295a6d02b8,2026-09-12T22:00:00Z,2026-09-11T18:45:30Z,,"Fri, 11 Sep 2026 18:45:30 GMT",2026-09-11T18:43:52Z,Florida International Panthers,Buffalo Bulls,draftkings,-410,320,-10.0,-112,10.0,-108,47.5,-105,-115
2026-09-11,CFB,a2b7711390532d0014249f295a6d02b8,2026-09-12T22:00:00Z,2026-09-11T18:45:30Z,,"Fri, 11 Sep 2026 18:45:30 GMT",2026-09-11T18:44:48Z,Florida International Panthers,Buffalo Bulls,betmgm,-400,320,-10.0,-110,10.0,-108,47.5,-108,-110
2026-09-11,CFB,a2b7711390532d0014249f295a6d02b8,2026-09-12T22:00:00Z,2026-09-11T18:45:30Z,,"Fri, 11 Sep 2026 18:45:30 GMT",2026-09-11T18:44:50Z,Florida International Panthers,Buffalo Bulls,betrivers,-480,320,-10.0,-110,10.0,-113,47.5,-110,-113
2026-09-11,CFB,3cff947fac86cab5c41d4f7c0e9393ce,2026-09-12T22:00:00Z,2026-09-11T18:45:30Z,,"Fri, 11 Sep 2026 18:45:30 GMT",2026-09-11T18:45:17Z,Ohio Bobcats,Jacksonville State Gamecocks,fanduel,-134,112,-2.5,-110,2.5,-110,50.5,-110,-110
2026-09-11,CFB,3cff947fac86cab5c41d4f7c0e9393ce,2026-09-12T22:00:00Z,2026-09-11T18:45:30Z,,"Fri, 11 Sep 2026 18:45:30 GMT",2026-09-11T18:43:52Z,Ohio Bobcats,Jacksonville State Gamecocks,draftkings,-130,110,-2.5,-112,2.5,-108,50.5,-110,-110
2026-09-11,CFB,3cff947fac86cab5c41d4f7c0e9393ce,2026-09-12T22:00:00Z,2026-09-11T18:45:30Z,,"Fri, 11 Sep 2026 18:45:30 GMT",2026-09-11T18:44:50Z,Ohio Bobcats,Jacksonville State Gamecocks,betrivers,-130,105,-2.0,-112,2.0,-112,50.5,-109,-114
2026-09-11,CFB,3cff947fac86cab5c41d4f7c0e9393ce,2026-09-12T22:00:00Z,2026-09-11T18:45:30Z,,"Fri, 11 Sep 2026 18:45:30 GMT",2026-09-11T18:44:48Z,Ohio Bobcats,Jacksonville State Gamecocks,betmgm,-130,110,-2.5,-110,2.5,-108,50.5,-108,-110
2026-09-11,CFB,604e4daf4bc676f524753f47cad8c6e7,2026-09-12T22:30:00Z,2026-09-11T18:45:30Z,,"Fri, 11 Sep 2026 18:45:30 GMT",2026-09-11T18:45:17Z,Western Michigan Broncos,Monmouth Hawks,fanduel,-7000,2000,-26.5,-114,26.5,-106,53.5,-110,-110
2026-09-11,CFB,604e4daf4bc676f524753f47cad8c6e7,2026-09-12T22:30:00Z,2026-09-11T18:45:30Z,,"Fri, 11 Sep 2026 18:45:30 GMT",2026-09-11T18:44:50Z,Western Michigan Broncos,Monmouth Hawks,betrivers,-10000,1500,-26.5,-114,26.5,-109,53.0,-113,-109
2026-09-11,CFB,604e4daf4bc676f524753f47cad8c6e7,2026-09-12T22:30:00Z,2026-09-11T18:45:30Z,,"Fri, 11 Sep 2026 18:45:30 GMT",2026-09-11T18:43:52Z,Western Michigan Broncos,Monmouth Hawks,draftkings,-3600,1500,-25.5,-108,25.5,-112,52.5,-112,-108
2026-09-11,CFB,e65c9341bd5b03632dccdd856859b009,2026-09-12T23:00:00Z,2026-09-11T18:45:30Z,,"Fri, 11 Sep 2026 18:45:30 GMT",2026-09-11T18:45:17Z,Arkansas State Red Wolves,West Georgia Wolves,fanduel,-10000,3000,-31.5,-110,31.5,-110,56.5,-110,-110
2026-09-11,CFB,e65c9341bd5b03632dccdd856859b009,2026-09-12T23:00:00Z,2026-09-11T18:45:30Z,,"Fri, 11 Sep 2026 18:45:30 GMT",2026-09-11T18:43:52Z,Arkansas State Red Wolves,West Georgia Wolves,draftkings,-10000,3000,-31.5,-112,31.5,-108,56.5,-112,-108
2026-09-11,CFB,5cc49501cef64287d2f6b5afe9526a16,2026-09-12T23:00:00Z,2026-09-11T18:45:30Z,,"Fri, 11 Sep 2026 18:45:30 GMT",2026-09-11T18:45:17Z,Nebraska Cornhuskers,Bowling Green Falcons,fanduel,-10000,3000,-30.5,-110,30.5,-110,50.5,-108,-112
2026-09-11,CFB,5cc49501cef64287d2f6b5afe9526a16,2026-09-12T23:00:00Z,2026-09-11T18:45:30Z,,"Fri, 11 Sep 2026 18:45:30 GMT",2026-09-11T18:43:52Z,Nebraska Cornhuskers,Bowling Green Falcons,draftkings,-5000,1800,-30.5,-110,30.5,-110,50.5,-112,-108
2026-09-11,CFB,5cc49501cef64287d2f6b5afe9526a16,2026-09-12T23:00:00Z,2026-09-11T18:45:30Z,,"Fri, 11 Sep 2026 18:45:30 GMT",2026-09-11T18:44:48Z,Nebraska Cornhuskers,Bowling Green Falcons,betmgm,-10000,2800,-30.5,-110,30.5,-108,50.5,-108,-110
2026-09-11,CFB,5cc49501cef64287d2f6b5afe9526a16,2026-09-12T23:00:00Z,2026-09-11T18:45:30Z,,"Fri, 11 Sep 2026 18:45:30 GMT",2026-09-11T18:44:50Z,Nebraska Cornhuskers,Bowling Green Falcons,betrivers,,,-30.5,-110,30.5,-113,50.5,-114,-109
2026-09-11,CFB,3f05bfa200e747e1c2702776c675b7f9,2026-09-12T23:00:00Z,2026-09-11T18:45:30Z,,"Fri, 11 Sep 2026 18:45:30 GMT",2026-09-11T18:45:17Z,Cincinnati Bearcats,Western Carolina Catamounts,fanduel,-10000,2400,-36.5,-110,36.5,-110,60.5,-110,-110
2026-09-11,CFB,3f05bfa200e747e1c2702776c675b7f9,2026-09-12T23:00:00Z,2026-09-11T18:45:30Z,,"Fri, 11 Sep 2026 18:45:30 GMT",2026-09-11T18:44:50Z,Cincinnati Bearcats,Western Carolina Catamounts,betrivers,,,-36.5,-114,36.5,-109,60.5,-115,-108
2026-09-11,CFB,3f05bfa200e747e1c2702776c675b7f9,2026-09-12T23:00:00Z,2026-09-11T18:45:30Z,,"Fri, 11 Sep 2026 18:45:30 GMT",2026-09-11T18:43:52Z,Cincinnati Bearcats,Western Carolina Catamounts,draftkings,,,-36.5,-108,36.5,-112,60.5,-110,-110
2026-09-11,CFB,14bc81696f296c5d32ac03e798aa6293,2026-09-12T23:00:00Z,2026-09-11T18:45:30Z,,"Fri, 11 Sep 2026 18:45:30 GMT",2026-09-11T18:45:17Z,Colorado State Rams,Southern Utah Thunderbirds,fanduel,-1700,920,-20.5,-110,20.5,-110,57.5,-110,-110
2026-09-11,CFB,14bc81696f296c5d32ac03e798aa6293,2026-09-12T23:00:00Z,2026-09-11T18:45:30Z,,"Fri, 11 Sep 2026 18:45:30 GMT",2026-09-11T18:44:50Z,Colorado State Rams,Southern Utah Thunderbirds,betrivers,-3335,1100,-21.0,-113,21.0,-110,57.5,-117,-108
2026-09-11,CFB,14bc81696f296c5d32ac03e798aa6293,2026-09-12T23:00:00Z,2026-09-11T18:45:30Z,,"Fri, 11 Sep 2026 18:45:30 GMT",2026-09-11T18:43:52Z,Colorado State Rams,Southern Utah Thunderbirds,draftkings,-2100,1100,-20.5,-108,20.5,-112,56.5,-115,-105
2026-09-11,CFB,c9c138c45cb4d0e8a39f962795671ffb,2026-09-12T23:00:00Z,2026-09-11T18:45:30Z,,"Fri, 11 Sep 2026 18:45:30 GMT",2026-09-11T18:43:52Z,Kennesaw State Owls,Georgia State Panthers,draftkings,-325,260,-8.5,-105,8.5,-115,54.5,-112,-108
2026-09-11,CFB,c9c138c45cb4d0e8a39f962795671ffb,2026-09-12T23:00:00Z,2026-09-11T18:45:30Z,,"Fri, 11 Sep 2026 18:45:30 GMT",2026-09-11T18:44:48Z,Kennesaw State Owls,Georgia State Panthers,betmgm,-325,260,-8.0,-110,8.0,-108,54.5,-110,-108
2026-09-11,CFB,c9c138c45cb4d0e8a39f962795671ffb,2026-09-12T23:00:00Z,2026-09-11T18:45:30Z,,"Fri, 11 Sep 2026 18:45:30 GMT",2026-09-11T18:44:50Z,Kennesaw State Owls,Georgia State Panthers,betrivers,-345,245,-8.5,-110,8.5,-113,54.5,-109,-114
2026-09-11,CFB,c9c138c45cb4d0e8a39f962795671ffb,2026-09-12T23:00:00Z,2026-09-11T18:45:30Z,,"Fri, 11 Sep 2026 18:45:30 GMT",2026-09-11T18:45:17Z,Kennesaw State Owls,Georgia State Panthers,fanduel,-320,250,-8.5,-105,8.5,-115,54.5,-110,-110
2026-09-11,CFB,2fef91bee444782036d23f91abe0a5da,2026-09-12T23:00:00Z,2026-09-11T18:45:30Z,,"Fri, 11 Sep 2026 18:45:30 GMT",2026-09-11T18:43:52Z,Georgia Tech Yellow Jackets,Tennessee Volunteers,draftkings,360,-470,11.5,-108,-11.5,-112,55.5,-108,-112
2026-09-11,CFB,2fef91bee444782036d23f91abe0a5da,2026-09-12T23:00:00Z,2026-09-11T18:45:30Z,,"Fri, 11 Sep 2026 18:45:30 GMT",2026-09-11T18:45:17Z,Georgia Tech Yellow Jackets,Tennessee Volunteers,fanduel,340,-450,11.5,-108,-11.5,-112,55.5,-106,-114
2026-09-11,CFB,2fef91bee444782036d23f91abe0a5da,2026-09-12T23:00:00Z,2026-09-11T18:45:30Z,,"Fri, 11 Sep 2026 18:45:30 GMT",2026-09-11T18:44:50Z,Georgia Tech Yellow Jackets,Tennessee Volunteers,betrivers,390,-560,12.0,-112,-12.0,-112,55.5,-110,-113
2026-09-11,CFB,2fef91bee444782036d23f91abe0a5da,2026-09-12T23:00:00Z,2026-09-11T18:45:30Z,,"Fri, 11 Sep 2026 18:45:30 GMT",2026-09-11T18:44:48Z,Georgia Tech Yellow Jackets,Tennessee Volunteers,betmgm,375,-475,12.5,-110,-12.5,-108,55.5,-108,-110
2026-09-11,CFB,a0f7a9ba7824f73795a26ad4429c2b62,2026-09-12T23:00:00Z,2026-09-11T18:45:30Z,,"Fri, 11 Sep 2026 18:45:30 GMT",2026-09-11T18:45:17Z,Houston Cougars,Southern University Jaguars,fanduel,,,-49.5,-110,49.5,-110,60.5,-110,-110
2026-09-11,CFB,a0f7a9ba7824f73795a26ad4429c2b62,2026-09-12T23:00:00Z,2026-09-11T18:45:30Z,,"Fri, 11 Sep 2026 18:45:30 GMT",2026-09-11T18:44:50Z,Houston Cougars,Southern University Jaguars,betrivers,,,-51.0,-113,51.0,-110,61.0,-108,-114
2026-09-11,CFB,a0f7a9ba7824f73795a26ad4429c2b62,2026-09-12T23:00:00Z,2026-09-11T18:45:30Z,,"Fri, 11 Sep 2026 18:45:30 GMT",2026-09-11T18:43:52Z,Houston Cougars,Southern University Jaguars,draftkings,,,-51.5,-112,51.5,-108,60.5,-112,-108
2026-09-11,CFB,e3a48977017a29c2cb502a1137854747,2026-09-12T23:00:00Z,2026-09-11T18:45:30Z,,"Fri, 11 Sep 2026 18:45:30 GMT",2026-09-11T18:45:17Z,Northern Illinois Huskies,Illinois State Redbirds,fanduel,160,-194,4.5,-110,-4.5,-110,47.5,-115,-105
2026-09-11,CFB,e3a48977017a29c2cb502a1137854747,2026-09-12T23:00:00Z,2026-09-11T18:45:30Z,,"Fri, 11 Sep 2026 18:45:30 GMT",2026-09-11T18:44:50Z,Northern Illinois Huskies,Illinois State Redbirds,betrivers,190,-245,6.5,-114,-6.5,-109,47.5,-109,-117
2026-09-11,CFB,e3a48977017a29c2cb502a1137854747,2026-09-12T23:00:00Z,2026-09-11T18:45:30Z,,"Fri, 11 Sep 2026 18:45:30 GMT",2026-09-11T18:43:52Z,Northern Illinois Huskies,Illinois State Redbirds,draftkings,145,-175,4.5,-115,-4.5,-105,48.5,-108,-112
2026-09-11,CFB,dd26f75c6a8efab5ecb852bbfa85ef6c,2026-09-12T23:00:00Z,2026-09-11T18:45:30Z,,"Fri, 11 Sep 2026 18:45:30 GMT",2026-09-11T18:45:17Z,Missouri State Bears,Lindenwood Lions,fanduel,-1000,640,-16.5,-110,16.5,-110,53.5,-110,-110
2026-09-11,CFB,dd26f75c6a8efab5ecb852bbfa85ef6c,2026-09-12T23:00:00Z,2026-09-11T18:45:30Z,,"Fri, 11 Sep 2026 18:45:30 GMT",2026-09-11T18:44:50Z,Missouri State Bears,Lindenwood Lions,betrivers,-1250,700,-16.0,-113,16.0,-109,53.5,-112,-114
2026-09-11,CFB,dd26f75c6a8efab5ecb852bbfa85ef6c,2026-09-12T23:00:00Z,2026-09-11T18:45:30Z,,"Fri, 11 Sep 2026 18:45:30 GMT",2026-09-11T18:43:52Z,Missouri State Bears,Lindenwood Lions,draftkings,-1000,650,-16.5,-112,16.5,-108,52.5,-110,-110
2026-09-11,CFB,703674067da3f80611ece581818f3863,2026-09-12T23:00:00Z,2026-09-11T18:45:30Z,,"Fri, 11 Sep 2026 18:45:30 GMT",2026-09-11T18:43:52Z,Marshall Thundering Herd,Middle Tennessee Blue Raiders,draftkings,-520,390,-13.5,-105,13.5,-115,56.5,-112,-108
2026-09-11,CFB,703674067da3f80611ece581818f3863,2026-09-12T23:00:00Z,2026-09-11T18:45:30Z,,"Fri, 11 Sep 2026 18:45:30 GMT",2026-09-11T18:44:48Z,Marshall Thundering Herd,Middle Tennessee Blue Raiders,betmgm,-550,425,-13.0,-110,13.0,-108,57.5,-110,-120
2026-09-11,CFB,703674067da3f80611ece581818f3863,2026-09-12T23:00:00Z,2026-09-11T18:45:30Z,,"Fri, 11 Sep 2026 18:45:30 GMT",2026-09-11T18:44:50Z,Marshall Thundering Herd,Middle Tennessee Blue Raiders,betrivers,-625,420,-13.5,-110,13.5,-113,56.5,-112,-112
2026-09-11,CFB,703674067da3f80611ece581818f3863,2026-09-12T23:00:00Z,2026-09-11T18:45:30Z,,"Fri, 11 Sep 2026 18:45:30 GMT",2026-09-11T18:45:17Z,Marshall Thundering Herd,Middle Tennessee Blue Raiders,fanduel,-530,390,-13.5,-105,13.5,-115,56.5,-110,-110
2026-09-11,CFB,a7402ec89d227ff9b9bf936a8679d313,2026-09-12T23:00:00Z,2026-09-11T18:45:30Z,,"Fri, 11 Sep 2026 18:45:30 GMT",2026-09-11T18:45:17Z,Sam Houston State Bearkats,Tulsa Golden Hurricane,fanduel,440,-610,13.5,-110,-13.5,-110,51.5,-108,-112
2026-09-11,CFB,a7402ec89d227ff9b9bf936a8679d313,2026-09-12T23:00:00Z,2026-09-11T18:45:30Z,,"Fri, 11 Sep 2026 18:45:30 GMT",2026-09-11T18:43:52Z,Sam Houston State Bearkats,Tulsa Golden Hurricane,draftkings,400,-535,13.5,-108,-13.5,-112,51.5,-105,-115
2026-09-11,CFB,a7402ec89d227ff9b9bf936a8679d313,2026-09-12T23:00:00Z,2026-09-11T18:45:30Z,,"Fri, 11 Sep 2026 18:45:30 GMT",2026-09-11T18:44:48Z,Sam Houston State Bearkats,Tulsa Golden Hurricane,betmgm,425,-550,13.5,-108,-13.5,-110,51.5,-105,-112
2026-09-11,CFB,a7402ec89d227ff9b9bf936a8679d313,2026-09-12T23:00:00Z,2026-09-11T18:45:30Z,,"Fri, 11 Sep 2026 18:45:30 GMT",2026-09-11T18:44:50Z,Sam Houston State Bearkats,Tulsa Golden Hurricane,betrivers,460,-715,13.5,-113,-13.5,-110,51.5,-109,-114
2026-09-11,CFB,18c682b142ecfadb8d6d801f5fb9aac7,2026-09-12T23:00:00Z,2026-09-11T18:45:30Z,,"Fri, 11 Sep 2026 18:45:30 GMT",2026-09-11T18:43:52Z,Tulane Green Wave,South Alabama Jaguars,draftkings,-395,310,-10.0,-108,10.0,-112,49.5,-112,-108
2026-09-11,CFB,18c682b142ecfadb8d6d801f5fb9aac7,2026-09-12T23:00:00Z,2026-09-11T18:45:30Z,,"Fri, 11 Sep 2026 18:45:30 GMT",2026-09-11T18:45:17Z,Tulane Green Wave,South Alabama Jaguars,fanduel,-375,290,-9.5,-114,9.5,-106,49.5,-106,-114
2026-09-11,CFB,18c682b142ecfadb8d6d801f5fb9aac7,2026-09-12T23:00:00Z,2026-09-11T18:45:30Z,,"Fri, 11 Sep 2026 18:45:30 GMT",2026-09-11T18:44:48Z,Tulane Green Wave,South Alabama Jaguars,betmgm,-375,300,-10.0,-105,10.0,-112,49.5,-108,-110
2026-09-11,CFB,18c682b142ecfadb8d6d801f5fb9aac7,2026-09-12T23:00:00Z,2026-09-11T18:45:30Z,,"Fri, 11 Sep 2026 18:45:30 GMT",2026-09-11T18:44:50Z,Tulane Green Wave,South Alabama Jaguars,betrivers,-420,300,-10.0,-109,10.0,-114,49.5,-109,-113
2026-09-11,CFB,bb92c7cb2dc05cd3f9a68f5b5d468549,2026-09-12T23:00:00Z,2026-09-11T18:45:30Z,,"Fri, 11 Sep 2026 18:45:30 GMT",2026-09-11T18:45:17Z,South Carolina Gamecocks,Towson Tigers,fanduel,,,-43.5,-106,43.5,-114,55.5,-115,-105
2026-09-11,CFB,bb92c7cb2dc05cd3f9a68f5b5d468549,2026-09-12T23:00:00Z,2026-09-11T18:45:30Z,,"Fri, 11 Sep 2026 18:45:30 GMT",2026-09-11T18:44:50Z,South Carolina Gamecocks,Towson Tigers,betrivers,,,-43.0,-112,43.0,-112,55.0,-113,-109
2026-09-11,CFB,bb92c7cb2dc05cd3f9a68f5b5d468549,2026-09-12T23:00:00Z,2026-09-11T18:45:30Z,,"Fri, 11 Sep 2026 18:45:30 GMT",2026-09-11T18:43:52Z,South Carolina Gamecocks,Towson Tigers,draftkings,,,-43.5,-112,43.5,-108,54.5,-115,-105
2026-09-11,CFB,14620ae05bec8eaa19ca94156c71dff2,2026-09-12T23:15:00Z,2026-09-11T18:45:30Z,,"Fri, 11 Sep 2026 18:45:30 GMT",2026-09-11T18:43:52Z,UCLA Bruins,San Diego State Aztecs,draftkings,-470,360,-12.5,-108,12.5,-112,54.5,-115,-105
2026-09-11,CFB,14620ae05bec8eaa19ca94156c71dff2,2026-09-12T23:15:00Z,2026-09-11T18:45:30Z,,"Fri, 11 Sep 2026 18:45:30 GMT",2026-09-11T18:45:17Z,UCLA Bruins,San Diego State Aztecs,fanduel,-580,420,-12.5,-110,12.5,-110,54.5,-110,-110
2026-09-11,CFB,14620ae05bec8eaa19ca94156c71dff2,2026-09-12T23:15:00Z,2026-09-11T18:45:30Z,,"Fri, 11 Sep 2026 18:45:30 GMT",2026-09-11T18:44:50Z,UCLA Bruins,San Diego State Aztecs,betrivers,-590,375,-12.5,-113,12.5,-110,55.0,-112,-112
2026-09-11,CFB,14620ae05bec8eaa19ca94156c71dff2,2026-09-12T23:15:00Z,2026-09-11T18:45:30Z,,"Fri, 11 Sep 2026 18:45:30 GMT",2026-09-11T18:44:48Z,UCLA Bruins,San Diego State Aztecs,betmgm,-475,375,-12.5,-108,12.5,-110,54.5,-110,-108
2026-09-11,CFB,4b5c8f26ca8a1537fb412ee845b8ea99,2026-09-12T23:15:00Z,2026-09-11T18:45:30Z,,"Fri, 11 Sep 2026 18:45:30 GMT",2026-09-11T18:45:17Z,Wisconsin Badgers,Western Illinois Leathernecks,fanduel,,,-38.5,-110,38.5,-110,49.5,-110,-110
2026-09-11,CFB,4b5c8f26ca8a1537fb412ee845b8ea99,2026-09-12T23:15:00Z,2026-09-11T18:45:30Z,,"Fri, 11 Sep 2026 18:45:30 GMT",2026-09-11T18:44:50Z,Wisconsin Badgers,Western Illinois Leathernecks,betrivers,,,-38.0,-115,38.0,-108,50.5,-109,-114
2026-09-11,CFB,4b5c8f26ca8a1537fb412ee845b8ea99,2026-09-12T23:15:00Z,2026-09-11T18:45:30Z,,"Fri, 11 Sep 2026 18:45:30 GMT",2026-09-11T18:43:52Z,Wisconsin Badgers,Western Illinois Leathernecks,draftkings,,,-38.5,-105,38.5,-115,48.5,-112,-108
2026-09-11,CFB,a8283159aa27932e7a640f6158b2ca98,2026-09-12T23:30:00Z,2026-09-11T18:45:30Z,,"Fri, 11 Sep 2026 18:45:30 GMT",2026-09-11T18:43:52Z,Clemson Tigers,Georgia Southern Eagles,draftkings,-1200,750,-19.5,-115,19.5,-105,55.5,-102,-118
2026-09-11,CFB,a8283159aa27932e7a640f6158b2ca98,2026-09-12T23:30:00Z,2026-09-11T18:45:30Z,,"Fri, 11 Sep 2026 18:45:30 GMT",2026-09-11T18:44:48Z,Clemson Tigers,Georgia Southern Eagles,betmgm,-1200,850,-19.5,-110,19.5,-108,54.5,-118,-102
2026-09-11,CFB,a8283159aa27932e7a640f6158b2ca98,2026-09-12T23:30:00Z,2026-09-11T18:45:30Z,,"Fri, 11 Sep 2026 18:45:30 GMT",2026-09-11T18:44:50Z,Clemson Tigers,Georgia Southern Eagles,betrivers,-2500,950,-20.5,-113,20.5,-109,55.5,-110,-113
2026-09-11,CFB,a8283159aa27932e7a640f6158b2ca98,2026-09-12T23:30:00Z,2026-09-11T18:45:30Z,,"Fri, 11 Sep 2026 18:45:30 GMT",2026-09-11T18:45:17Z,Clemson Tigers,Georgia Southern Eagles,fanduel,-1400,800,-19.5,-110,19.5,-110,54.5,-115,-105
2026-09-11,CFB,cea07bdd5d8942d1055a1de8ba1fef33,2026-09-12T23:30:00Z,2026-09-11T18:45:30Z,,"Fri, 11 Sep 2026 18:45:30 GMT",2026-09-11T18:45:17Z,Coastal Carolina Chanticleers,Fordham Rams,fanduel,-10000,2500,-34.5,-110,34.5,-110,53.5,-106,-114
2026-09-11,CFB,cea07bdd5d8942d1055a1de8ba1fef33,2026-09-12T23:30:00Z,2026-09-11T18:45:30Z,,"Fri, 11 Sep 2026 18:45:30 GMT",2026-09-11T18:44:50Z,Coastal Carolina Chanticleers,Fordham Rams,betrivers,,,-33.0,-110,33.0,-113,53.0,-112,-112
2026-09-11,CFB,cea07bdd5d8942d1055a1de8ba1fef33,2026-09-12T23:30:00Z,2026-09-11T18:45:30Z,,"Fri, 11 Sep 2026 18:45:30 GMT",2026-09-11T18:43:52Z,Coastal Carolina Chanticleers,Fordham Rams,draftkings,-9000,2500,-34.5,-108,34.5,-112,52.5,-112,-108
2026-09-11,CFB,f5de73eb9ed5553f7de28a2730b2e700,2026-09-12T23:30:00Z,2026-09-11T18:45:30Z,,"Fri, 11 Sep 2026 18:45:30 GMT",2026-09-11T18:43:52Z,Florida Atlantic Owls,Navy Midshipmen,draftkings,170,-205,4.5,-108,-4.5,-112,58.5,-112,-108
2026-09-11,CFB,f5de73eb9ed5553f7de28a2730b2e700,2026-09-12T23:30:00Z,2026-09-11T18:45:30Z,,"Fri, 11 Sep 2026 18:45:30 GMT",2026-09-11T18:44:48Z,Florida Atlantic Owls,Navy Midshipmen,betmgm,160,-200,4.5,-112,-4.5,-105,58.5,-110,-108
2026-09-11,CFB,f5de73eb9ed5553f7de28a2730b2e700,2026-09-12T23:30:00Z,2026-09-11T18:45:30Z,,"Fri, 11 Sep 2026 18:45:30 GMT",2026-09-11T18:44:50Z,Florida Atlantic Owls,Navy Midshipmen,betrivers,150,-195,4.5,-113,-4.5,-110,58.5,-114,-109
2026-09-11,CFB,f5de73eb9ed5553f7de28a2730b2e700,2026-09-12T23:30:00Z,2026-09-11T18:45:30Z,,"Fri, 11 Sep 2026 18:45:30 GMT",2026-09-11T18:45:17Z,Florida Atlantic Owls,Navy Midshipmen,fanduel,150,-182,4.5,-114,-4.5,-106,58.5,-110,-110
2026-09-11,CFB,0633819fa9e60ac71609cd40e1596b1b,2026-09-12T23:30:00Z,2026-09-11T18:45:30Z,,"Fri, 11 Sep 2026 18:45:30 GMT",2026-09-11T18:45:17Z,Iowa Hawkeyes,Iowa State Cyclones,fanduel,-650,460,-13.5,-122,13.5,100,40.5,-122,100
2026-09-11,CFB,0633819fa9e60ac71609cd40e1596b1b,2026-09-12T23:30:00Z,2026-09-11T18:45:30Z,,"Fri, 11 Sep 2026 18:45:30 GMT",2026-09-11T18:43:52Z,Iowa Hawkeyes,Iowa State Cyclones,draftkings,-575,425,-14.0,-108,14.0,-112,41.5,-102,-118
2026-09-11,CFB,0633819fa9e60ac71609cd40e1596b1b,2026-09-12T23:30:00Z,2026-09-11T18:45:30Z,,"Fri, 11 Sep 2026 18:45:30 GMT",2026-09-11T18:44:50Z,Iowa Hawkeyes,Iowa State Cyclones,betrivers,-715,460,-14.0,-114,14.0,-109,40.5,-112,-112
2026-09-11,CFB,0633819fa9e60ac71609cd40e1596b1b,2026-09-12T23:30:00Z,2026-09-11T18:45:30Z,,"Fri, 11 Sep 2026 18:45:30 GMT",2026-09-11T18:44:48Z,Iowa Hawkeyes,Iowa State Cyclones,betmgm,-600,450,-14.0,-108,14.0,-110,41.5,-102,-118
2026-09-11,CFB,f64dfff0ca497539e1d013801cca92af,2026-09-12T23:30:00Z,2026-09-11T18:45:30Z,,"Fri, 11 Sep 2026 18:45:30 GMT",2026-09-11T18:43:52Z,LSU Tigers,Louisiana Tech Bulldogs,draftkings,-20000,3500,-35.5,-105,35.5,-115,55.5,-112,-108
2026-09-11,CFB,f64dfff0ca497539e1d013801cca92af,2026-09-12T23:30:00Z,2026-09-11T18:45:30Z,,"Fri, 11 Sep 2026 18:45:30 GMT",2026-09-11T18:44:48Z,LSU Tigers,Louisiana Tech Bulldogs,betmgm,-50000,5000,-35.5,-110,35.5,-108,55.5,-115,-102
2026-09-11,CFB,f64dfff0ca497539e1d013801cca92af,2026-09-12T23:30:00Z,2026-09-11T18:45:30Z,,"Fri, 11 Sep 2026 18:45:30 GMT",2026-09-11T18:44:50Z,LSU Tigers,Louisiana Tech Bulldogs,betrivers,,,-35.5,-109,35.5,-114,55.5,-112,-112
2026-09-11,CFB,f64dfff0ca497539e1d013801cca92af,2026-09-12T23:30:00Z,2026-09-11T18:45:30Z,,"Fri, 11 Sep 2026 18:45:30 GMT",2026-09-11T18:45:17Z,LSU Tigers,Louisiana Tech Bulldogs,fanduel,,,-35.5,100,35.5,-122,55.5,-114,-106
2026-09-11,CFB,08c34029ecc85b4a6d519f90f9082e56,2026-09-12T23:30:00Z,2026-09-11T18:45:30Z,,"Fri, 11 Sep 2026 18:45:30 GMT",2026-09-11T18:45:17Z,Texas Longhorns,Ohio State Buckeyes,fanduel,-118,100,-1.5,-110,1.5,-110,49.5,-115,-105
2026-09-11,CFB,08c34029ecc85b4a6d519f90f9082e56,2026-09-12T23:30:00Z,2026-09-11T18:45:30Z,,"Fri, 11 Sep 2026 18:45:30 GMT",2026-09-11T18:44:48Z,Texas Longhorns,Ohio State Buckeyes,betmgm,-118,100,-1.5,-108,1.5,-110,49.5,-110,-108
2026-09-11,CFB,08c34029ecc85b4a6d519f90f9082e56,2026-09-12T23:30:00Z,2026-09-11T18:45:30Z,,"Fri, 11 Sep 2026 18:45:30 GMT",2026-09-11T18:44:50Z,Texas Longhorns,Ohio State Buckeyes,betrivers,-120,-105,-1.0,-112,1.0,-112,49.5,-113,-110
2026-09-11,CFB,08c34029ecc85b4a6d519f90f9082e56,2026-09-12T23:30:00Z,2026-09-11T18:45:30Z,,"Fri, 11 Sep 2026 18:45:30 GMT",2026-09-11T18:43:52Z,Texas Longhorns,Ohio State Buckeyes,draftkings,-122,102,-1.5,-112,1.5,-108,49.5,-112,-108
2026-09-11,CFB,f0d4ea035d6edfabda0c2b298c7d42d2,2026-09-12T23:30:00Z,2026-09-11T18:45:30Z,,"Fri, 11 Sep 2026 18:45:30 GMT",2026-09-11T18:45:17Z,Oregon State Beavers,Texas Tech Red Raiders,fanduel,1400,-4000,26.5,-120,-26.5,-102,53.5,-110,-110
2026-09-11,CFB,f0d4ea035d6edfabda0c2b298c7d42d2,2026-09-12T23:30:00Z,2026-09-11T18:45:30Z,,"Fri, 11 Sep 2026 18:45:30 GMT",2026-09-11T18:43:52Z,Oregon State Beavers,Texas Tech Red Raiders,draftkings,1400,-3200,26.5,-115,-26.5,-105,53.5,-115,-105
2026-09-11,CFB,f0d4ea035d6edfabda0c2b298c7d42d2,2026-09-12T23:30:00Z,2026-09-11T18:45:30Z,,"Fri, 11 Sep 2026 18:45:30 GMT",2026-09-11T18:44:48Z,Oregon State Beavers,Texas Tech Red Raiders,betmgm,1550,-3000,25.5,-108,-25.5,-110,53.5,-110,-108
2026-09-11,CFB,f0d4ea035d6edfabda0c2b298c7d42d2,2026-09-12T23:30:00Z,2026-09-11T18:45:30Z,,"Fri, 11 Sep 2026 18:45:30 GMT",2026-09-11T18:44:50Z,Oregon State Beavers,Texas Tech Red Raiders,betrivers,1700,-10000,26.5,-114,-26.5,-109,53.5,-110,-113
2026-09-11,CFB,0a6b6423d89be9817a0c8cd830e8cc0d,2026-09-12T23:45:00Z,2026-09-11T18:45:30Z,,"Fri, 11 Sep 2026 18:45:30 GMT",2026-09-11T18:43:52Z,Auburn Tigers,Southern Mississippi Golden Eagles,draftkings,-8000,2200,-32.5,-110,32.5,-110,56.5,-112,-108
2026-09-11,CFB,0a6b6423d89be9817a0c8cd830e8cc0d,2026-09-12T23:45:00Z,2026-09-11T18:45:30Z,,"Fri, 11 Sep 2026 18:45:30 GMT",2026-09-11T18:44:48Z,Auburn Tigers,Southern Mississippi Golden Eagles,betmgm,-12500,3300,-32.5,-110,32.5,-108,57.5,-108,-110
2026-09-11,CFB,0a6b6423d89be9817a0c8cd830e8cc0d,2026-09-12T23:45:00Z,2026-09-11T18:45:30Z,,"Fri, 11 Sep 2026 18:45:30 GMT",2026-09-11T18:44:50Z,Auburn Tigers,Southern Mississippi Golden Eagles,betrivers,,,-33.5,-113,33.5,-110,56.5,-112,-112
2026-09-11,CFB,0a6b6423d89be9817a0c8cd830e8cc0d,2026-09-12T23:45:00Z,2026-09-11T18:45:30Z,,"Fri, 11 Sep 2026 18:45:30 GMT",2026-09-11T18:45:17Z,Auburn Tigers,Southern Mississippi Golden Eagles,fanduel,-10000,2400,-32.5,-115,32.5,-105,56.5,-115,-105
2026-09-11,CFB,964916986927738c0d73842de1dd51bd,2026-09-12T23:45:00Z,2026-09-11T18:45:30Z,,"Fri, 11 Sep 2026 18:45:30 GMT",2026-09-11T18:43:52Z,Ole Miss Rebels,Charlotte 49ers,draftkings,,,-45.5,-112,45.5,-108,60.5,-112,-108
2026-09-11,CFB,964916986927738c0d73842de1dd51bd,2026-09-12T23:45:00Z,2026-09-11T18:45:30Z,,"Fri, 11 Sep 2026 18:45:30 GMT",2026-09-11T18:45:17Z,Ole Miss Rebels,Charlotte 49ers,fanduel,,,-45.5,-110,45.5,-110,60.5,-110,-110
2026-09-11,CFB,964916986927738c0d73842de1dd51bd,2026-09-12T23:45:00Z,2026-09-11T18:45:30Z,,"Fri, 11 Sep 2026 18:45:30 GMT",2026-09-11T18:44:50Z,Ole Miss Rebels,Charlotte 49ers,betrivers,,,-46.0,-113,46.0,-110,60.5,-110,-113
2026-09-11,CFB,964916986927738c0d73842de1dd51bd,2026-09-12T23:45:00Z,2026-09-11T18:45:30Z,,"Fri, 11 Sep 2026 18:45:30 GMT",2026-09-11T18:44:48Z,Ole Miss Rebels,Charlotte 49ers,betmgm,,,-45.5,-108,45.5,-110,60.5,-108,-110
2026-09-11,CFB,e504ddd061f2cf04d44baab9917e6a89,2026-09-13T00:00:00Z,2026-09-11T18:45:30Z,,"Fri, 11 Sep 2026 18:45:30 GMT",2026-09-11T18:45:17Z,Baylor Bears,Prairie View A&M Panthers,fanduel,,,-37.5,-110,37.5,-110,55.5,-114,-106
2026-09-11,CFB,e504ddd061f2cf04d44baab9917e6a89,2026-09-13T00:00:00Z,2026-09-11T18:45:30Z,,"Fri, 11 Sep 2026 18:45:30 GMT",2026-09-11T18:44:50Z,Baylor Bears,Prairie View A&M Panthers,betrivers,,,-38.0,-113,38.0,-110,55.0,-112,-112
2026-09-11,CFB,e504ddd061f2cf04d44baab9917e6a89,2026-09-13T00:00:00Z,2026-09-11T18:45:30Z,,"Fri, 11 Sep 2026 18:45:30 GMT",2026-09-11T18:43:52Z,Baylor Bears,Prairie View A&M Panthers,draftkings,,,-37.5,-110,37.5,-110,55.5,-110,-110
2026-09-11,CFB,9b246ebb525b38decbb86a8e6f23c76f,2026-09-13T00:00:00Z,2026-09-11T18:45:30Z,,"Fri, 11 Sep 2026 18:45:30 GMT",2026-09-11T18:45:17Z,TCU Horned Frogs,Grambling State Tigers,fanduel,,,-43.5,-114,43.5,-106,55.5,-106,-114
2026-09-11,CFB,9b246ebb525b38decbb86a8e6f23c76f,2026-09-13T00:00:00Z,2026-09-11T18:45:30Z,,"Fri, 11 Sep 2026 18:45:30 GMT",2026-09-11T18:44:50Z,TCU Horned Frogs,Grambling State Tigers,betrivers,,,-43.5,-114,43.5,-109,54.5,-114,-109
2026-09-11,CFB,9b246ebb525b38decbb86a8e6f23c76f,2026-09-13T00:00:00Z,2026-09-11T18:45:30Z,,"Fri, 11 Sep 2026 18:45:30 GMT",2026-09-11T18:43:52Z,TCU Horned Frogs,Grambling State Tigers,draftkings,,,-43.5,-110,43.5,-110,54.5,-105,-115
2026-09-11,CFB,a323953025cbf4302d4aa87270f9505a,2026-09-13T01:00:00Z,2026-09-11T18:45:30Z,,"Fri, 11 Sep 2026 18:45:30 GMT",2026-09-11T18:45:17Z,San Jose State Spartans,Cal Poly Mustangs,fanduel,-2100,1000,-20.5,-120,20.5,-102,57.5,-110,-110
2026-09-11,CFB,a323953025cbf4302d4aa87270f9505a,2026-09-13T01:00:00Z,2026-09-11T18:45:30Z,,"Fri, 11 Sep 2026 18:45:30 GMT",2026-09-11T18:43:52Z,San Jose State Spartans,Cal Poly Mustangs,draftkings,-2100,1100,-20.5,-110,20.5,-110,56.5,-112,-108
2026-09-11,CFB,a323953025cbf4302d4aa87270f9505a,2026-09-13T01:00:00Z,2026-09-11T18:45:30Z,,"Fri, 11 Sep 2026 18:45:30 GMT",2026-09-11T18:44:50Z,San Jose State Spartans,Cal Poly Mustangs,betrivers,-3335,1200,-20.5,-113,20.5,-110,57.5,-110,-113
2026-09-11,CFB,e61b38634c2ba45e99bdba191ef5dea1,2026-09-13T01:00:00Z,2026-09-11T18:45:30Z,,"Fri, 11 Sep 2026 18:45:30 GMT",2026-09-11T18:45:17Z,UTEP Miners,Texas Southern Tigers,fanduel,-7000,2000,-25.5,-114,25.5,-106,53.5,-110,-110
2026-09-11,CFB,e61b38634c2ba45e99bdba191ef5dea1,2026-09-13T01:00:00Z,2026-09-11T18:45:30Z,,"Fri, 11 Sep 2026 18:45:30 GMT",2026-09-11T18:44:50Z,UTEP Miners,Texas Southern Tigers,betrivers,,,-25.5,-113,25.5,-110,53.5,-114,-112
2026-09-11,CFB,e61b38634c2ba45e99bdba191ef5dea1,2026-09-13T01:00:00Z,2026-09-11T18:45:30Z,,"Fri, 11 Sep 2026 18:45:30 GMT",2026-09-11T18:43:52Z,UTEP Miners,Texas Southern Tigers,draftkings,-6500,2000,-25.5,-108,25.5,-112,52.5,-115,-105
2026-09-11,CFB,7a78c246bb38d32c3238724e57051b15,2026-09-13T02:00:00Z,2026-09-11T18:45:30Z,,"Fri, 11 Sep 2026 18:45:30 GMT",2026-09-11T18:43:52Z,Air Force Falcons,North Dakota State Bison,draftkings,105,-125,1.5,-105,-1.5,-115,47.5,-108,-112
2026-09-11,CFB,7a78c246bb38d32c3238724e57051b15,2026-09-13T02:00:00Z,2026-09-11T18:45:30Z,,"Fri, 11 Sep 2026 18:45:30 GMT",2026-09-11T18:44:50Z,Air Force Falcons,North Dakota State Bison,betrivers,112,-141,2.5,-109,-2.5,-114,47.5,-110,-112
2026-09-11,CFB,7a78c246bb38d32c3238724e57051b15,2026-09-13T02:00:00Z,2026-09-11T18:45:30Z,,"Fri, 11 Sep 2026 18:45:30 GMT",2026-09-11T18:44:48Z,Air Force Falcons,North Dakota State Bison,betmgm,105,-125,2.0,-108,-2.0,-110,47.5,-108,-110
2026-09-11,CFB,7a78c246bb38d32c3238724e57051b15,2026-09-13T02:00:00Z,2026-09-11T18:45:30Z,,"Fri, 11 Sep 2026 18:45:30 GMT",2026-09-11T18:45:17Z,Air Force Falcons,North Dakota State Bison,fanduel,102,-122,2.5,-115,-2.5,-105,47.5,-110,-110
2026-09-11,CFB,c12cd73c4077a0265acec205a572c2ec,2026-09-13T02:15:00Z,2026-09-11T18:45:30Z,,"Fri, 11 Sep 2026 18:45:30 GMT",2026-09-11T18:43:52Z,Utah Utes,Arkansas Razorbacks,draftkings,-520,390,-12.5,-112,12.5,-108,55.5,-102,-118
2026-09-11,CFB,c12cd73c4077a0265acec205a572c2ec,2026-09-13T02:15:00Z,2026-09-11T18:45:30Z,,"Fri, 11 Sep 2026 18:45:30 GMT",2026-09-11T18:45:17Z,Utah Utes,Arkansas Razorbacks,fanduel,-500,385,-12.5,-110,12.5,-110,55.5,-104,-118
2026-09-11,CFB,c12cd73c4077a0265acec205a572c2ec,2026-09-13T02:15:00Z,2026-09-11T18:45:30Z,,"Fri, 11 Sep 2026 18:45:30 GMT",2026-09-11T18:44:50Z,Utah Utes,Arkansas Razorbacks,betrivers,-625,420,-12.5,-113,12.5,-110,55.5,-110,-113
2026-09-11,CFB,c12cd73c4077a0265acec205a572c2ec,2026-09-13T02:15:00Z,2026-09-11T18:45:30Z,,"Fri, 11 Sep 2026 18:45:30 GMT",2026-09-11T18:44:48Z,Utah Utes,Arkansas Razorbacks,betmgm,-500,380,-12.0,-118,12.0,-112,55.5,-102,-118
2026-09-11,CFB,b1298d12169731a56fba3b484f27c005,2026-09-13T02:30:00Z,2026-09-11T18:45:30Z,,"Fri, 11 Sep 2026 18:45:30 GMT",2026-09-11T18:43:52Z,Fresno State Bulldogs,Sacramento State Hornets,draftkings,-950,625,-18.5,-105,18.5,-115,45.5,-102,-118
2026-09-11,CFB,b1298d12169731a56fba3b484f27c005,2026-09-13T02:30:00Z,2026-09-11T18:45:30Z,,"Fri, 11 Sep 2026 18:45:30 GMT",2026-09-11T18:44:48Z,Fresno State Bulldogs,Sacramento State Hornets,betmgm,-1100,750,-18.5,-108,18.5,-110,44.5,-115,-102
2026-09-11,CFB,b1298d12169731a56fba3b484f27c005,2026-09-13T02:30:00Z,2026-09-11T18:45:30Z,,"Fri, 11 Sep 2026 18:45:30 GMT",2026-09-11T18:44:50Z,Fresno State Bulldogs,Sacramento State Hornets,betrivers,-1250,700,-18.0,-112,18.0,-112,44.5,-113,-113
2026-09-11,CFB,b1298d12169731a56fba3b484f27c005,2026-09-13T02:30:00Z,2026-09-11T18:45:30Z,,"Fri, 11 Sep 2026 18:45:30 GMT",2026-09-11T18:45:17Z,Fresno State Bulldogs,Sacramento State Hornets,fanduel,-1600,860,-18.5,-110,18.5,-110,44.5,-115,-105
2026-09-11,CFB,6dd5d1c466d25617a69c046beb258b00,2026-09-13T02:30:00Z,2026-09-11T18:45:30Z,,"Fri, 11 Sep 2026 18:45:30 GMT",2026-09-11T18:45:17Z,Nevada Wolf Pack,Montana State Bobcats,fanduel,136,-164,3.5,-122,-3.5,100,50.5,-110,-110
2026-09-11,CFB,6dd5d1c466d25617a69c046beb258b00,2026-09-13T02:30:00Z,2026-09-11T18:45:30Z,,"Fri, 11 Sep 2026 18:45:30 GMT",2026-09-11T18:44:50Z,Nevada Wolf Pack,Montana State Bobcats,betrivers,135,-167,3.0,-106,-3.0,-120,50.5,-109,-114
2026-09-11,CFB,6dd5d1c466d25617a69c046beb258b00,2026-09-13T02:30:00Z,2026-09-11T18:45:30Z,,"Fri, 11 Sep 2026 18:45:30 GMT",2026-09-11T18:43:52Z,Nevada Wolf Pack,Montana State Bobcats,draftkings,140,-166,3.5,-112,-3.5,-108,49.5,-110,-110
2026-09-11,CFB,91ba0aefe833f0543aa43843374916f4,2026-09-13T03:00:00Z,2026-09-11T18:45:30Z,,"Fri, 11 Sep 2026 18:45:30 GMT",2026-09-11T18:43:52Z,USC Trojans,Louisiana Ragin Cajuns,draftkings,-9000,2500,-31.5,-105,31.5,-115,59.5,-105,-115
2026-09-11,CFB,91ba0aefe833f0543aa43843374916f4,2026-09-13T03:00:00Z,2026-09-11T18:45:30Z,,"Fri, 11 Sep 2026 18:45:30 GMT",2026-09-11T18:44:48Z,USC Trojans,Louisiana Ragin Cajuns,betmgm,-10000,3000,-31.5,-110,31.5,-110,59.5,-110,-108
2026-09-11,CFB,91ba0aefe833f0543aa43843374916f4,2026-09-13T03:00:00Z,2026-09-11T18:45:30Z,,"Fri, 11 Sep 2026 18:45:30 GMT",2026-09-11T18:44:50Z,USC Trojans,Louisiana Ragin Cajuns,betrivers,,,-31.0,-110,31.0,-113,59.0,-109,-114
2026-09-11,CFB,91ba0aefe833f0543aa43843374916f4,2026-09-13T03:00:00Z,2026-09-11T18:45:30Z,,"Fri, 11 Sep 2026 18:45:30 GMT",2026-09-11T18:45:17Z,USC Trojans,Louisiana Ragin Cajuns,fanduel,-10000,2500,-31.5,-104,31.5,-118,59.5,-105,-115
2026-09-11,CFB,baa1d54d3e3162e5a550681144369eee,2026-09-13T04:00:00Z,2026-09-11T18:45:30Z,,"Fri, 11 Sep 2026 18:45:30 GMT",2026-09-11T18:43:52Z,Hawaii Rainbow Warriors,New Mexico State Aggies,draftkings,-310,250,-7.0,-112,7.0,-108,50.5,-108,-112
2026-09-11,CFB,baa1d54d3e3162e5a550681144369eee,2026-09-13T04:00:00Z,2026-09-11T18:45:30Z,,"Fri, 11 Sep 2026 18:45:30 GMT",2026-09-11T18:44:48Z,Hawaii Rainbow Warriors,New Mexico State Aggies,betmgm,-295,240,-7.0,-120,7.0,-108,49.5,-112,-105
2026-09-11,CFB,baa1d54d3e3162e5a550681144369eee,2026-09-13T04:00:00Z,2026-09-11T18:45:30Z,,"Fri, 11 Sep 2026 18:45:30 GMT",2026-09-11T18:44:50Z,Hawaii Rainbow Warriors,New Mexico State Aggies,betrivers,-295,220,-7.0,-115,7.0,-108,49.5,-114,-109
2026-09-11,CFB,baa1d54d3e3162e5a550681144369eee,2026-09-13T04:00:00Z,2026-09-11T18:45:30Z,,"Fri, 11 Sep 2026 18:45:30 GMT",2026-09-11T18:45:17Z,Hawaii Rainbow Warriors,New Mexico State Aggies,fanduel,-275,220,-7.5,-102,7.5,-120,49.5,-115,-105
2026-09-11,CFB,f06e90b4212fb514f3564ded9f190107,2026-09-17T23:30:00Z,2026-09-11T18:45:30Z,,"Fri, 11 Sep 2026 18:45:30 GMT",2026-09-11T18:43:52Z,Pittsburgh Panthers,Syracuse Orange,draftkings,-375,295,-10.5,-108,10.5,-112,59.5,-108,-112
2026-09-11,CFB,7311bf775464ae97893928e22512bb47,2026-09-18T23:00:00Z,2026-09-11T18:45:30Z,,"Fri, 11 Sep 2026 18:45:30 GMT",2026-09-11T18:45:17Z,Texas Tech Red Raiders,Houston Cougars,fanduel,-630,450,-13.5,-115,13.5,-105,51.5,-105,-115
2026-09-11,CFB,720451b07d54e435c9be484ef73ea211,2026-09-18T23:30:00Z,2026-09-11T18:45:30Z,,"Fri, 11 Sep 2026 18:45:30 GMT",2026-09-11T18:43:52Z,Wake Forest Demon Deacons,Miami Hurricanes,draftkings,800,-1350,20.5,-112,-20.5,-108,53.5,-108,-112
2026-09-11,CFB,01e9c4d460a55375a75d025e2b1ddbf5,2026-09-19T16:00:00Z,2026-09-11T18:45:30Z,,"Fri, 11 Sep 2026 18:45:30 GMT",2026-09-11T18:43:52Z,Arkansas Razorbacks,Georgia Bulldogs,draftkings,600,-900,17.5,-110,-17.5,-110,52.5,-108,-112
2026-09-11,CFB,3fe3d77e009a7f205cce737523609a86,2026-09-19T16:00:00Z,2026-09-11T18:45:30Z,,"Fri, 11 Sep 2026 18:45:30 GMT",2026-09-11T18:43:52Z,Clemson Tigers,North Carolina Tar Heels,draftkings,-375,295,-8.5,-110,8.5,-110,44.5,-108,-112
2026-09-11,CFB,a85cea77fbd44d9135461815777f6a9c,2026-09-19T19:30:00Z,2026-09-11T18:45:30Z,,"Fri, 11 Sep 2026 18:45:30 GMT",2026-09-11T18:43:52Z,Alabama Crimson Tide,Florida State Seminoles,draftkings,-950,625,-17.5,-105,17.5,-115,50.5,-112,-108
2026-09-11,CFB,a85cea77fbd44d9135461815777f6a9c,2026-09-19T19:30:00Z,2026-09-11T18:45:30Z,,"Fri, 11 Sep 2026 18:45:30 GMT",2026-09-11T18:45:17Z,Alabama Crimson Tide,Florida State Seminoles,fanduel,-900,590,-16.5,-110,16.5,-110,51.5,-110,-110
2026-09-11,CFB,dbcfc3184e20d1ea45e910b89585071f,2026-09-19T19:30:00Z,2026-09-11T18:45:30Z,,"Fri, 11 Sep 2026 18:45:30 GMT",2026-09-11T18:43:52Z,Louisville Cardinals,SMU Mustangs,draftkings,-115,-105,-1.5,-105,1.5,-115,58.5,-108,-112
2026-09-11,CFB,dbcfc3184e20d1ea45e910b89585071f,2026-09-19T19:30:00Z,2026-09-11T18:45:30Z,,"Fri, 11 Sep 2026 18:45:30 GMT",2026-09-11T18:45:17Z,Louisville Cardinals,SMU Mustangs,fanduel,-128,106,-2.5,-110,2.5,-110,56.5,-110,-110
2026-09-11,CFB,a4e7771497976db67e6a81bc3700b32f,2026-09-19T20:15:00Z,2026-09-11T18:45:30Z,,"Fri, 11 Sep 2026 18:45:30 GMT",2026-09-11T18:43:52Z,South Carolina Gamecocks,Mississippi State Bulldogs,draftkings,-298,240,-7.5,-108,7.5,-112,54.5,-115,-105
2026-09-11,CFB,7ef3b27d15de635a3e05324f2b0c56cb,2026-09-19T23:00:00Z,2026-09-11T18:45:30Z,,"Fri, 11 Sep 2026 18:45:30 GMT",2026-09-11T18:43:52Z,Auburn Tigers,Florida Gators,draftkings,114,-135,2.5,-110,-2.5,-110,51.5,-108,-112
2026-09-11,CFB,7ef3b27d15de635a3e05324f2b0c56cb,2026-09-19T23:00:00Z,2026-09-11T18:45:30Z,,"Fri, 11 Sep 2026 18:45:30 GMT",2026-09-11T18:45:17Z,Auburn Tigers,Florida Gators,fanduel,105,-126,1.5,-106,-1.5,-114,52.5,-110,-110
2026-09-11,CFB,03297aa8a399c223aa1cc6aa923d9bc6,2026-09-19T23:30:00Z,2026-09-11T18:45:30Z,,"Fri, 11 Sep 2026 18:45:30 GMT",2026-09-11T18:45:17Z,Northwestern Wildcats,Colorado Buffaloes,fanduel,-170,140,-3.5,-110,3.5,-110,45.5,-110,-110
2026-09-11,CFB,65571f1cab1a260aae4a220e38dbbc1d,2026-09-19T23:30:00Z,2026-09-11T18:45:30Z,,"Fri, 11 Sep 2026 18:45:30 GMT",2026-09-11T18:45:17Z,Ole Miss Rebels,LSU Tigers,fanduel,108,-130,2.5,-110,-2.5,-110,57.5,-105,-115
2026-09-11,CFB,65571f1cab1a260aae4a220e38dbbc1d,2026-09-19T23:30:00Z,2026-09-11T18:45:30Z,,"Fri, 11 Sep 2026 18:45:30 GMT",2026-09-11T18:43:52Z,Ole Miss Rebels,LSU Tigers,draftkings,114,-135,2.5,-108,-2.5,-112,58.5,-112,-108
2026-09-11,CFB,b7cdc05f280bede1f19b996cc9b95753,2026-09-19T23:30:00Z,2026-09-11T18:45:30Z,,"Fri, 11 Sep 2026 18:45:30 GMT",2026-09-11T18:43:52Z,Maryland Terrapins,Virginia Tech Hokies,draftkings,100,-120,1.5,-108,-1.5,-112,50.5,-112,-108
2026-09-11,CFB,b7cdc05f280bede1f19b996cc9b95753,2026-09-19T23:30:00Z,2026-09-11T18:45:30Z,,"Fri, 11 Sep 2026 18:45:30 GMT",2026-09-11T18:45:17Z,Maryland Terrapins,Virginia Tech Hokies,fanduel,106,-128,2.5,-110,-2.5,-110,49.5,-110,-110
2026-09-11,CFB,7e3b8cd721f0817d0a6c3111221e8a91,2026-09-19T23:30:00Z,2026-09-11T18:45:30Z,,"Fri, 11 Sep 2026 18:45:30 GMT",2026-09-11T18:45:17Z,Notre Dame Fighting Irish,Michigan State Spartans,fanduel,-7000,2000,-29.5,-120,29.5,-102,52.5,-110,-110
2026-09-11,CFB,eda972dc55ded05916deafa37efab9c3,2026-09-19T23:30:00Z,2026-09-11T18:45:30Z,,"Fri, 11 Sep 2026 18:45:30 GMT",2026-09-11T18:43:52Z,Virginia Cavaliers,West Virginia Mountaineers,draftkings,-325,260,-8.5,-110,8.5,-110,52.5,-108,-112
2026-09-11,CFB,eda972dc55ded05916deafa37efab9c3,2026-09-19T23:30:00Z,2026-09-11T18:45:30Z,,"Fri, 11 Sep 2026 18:45:30 GMT",2026-09-11T18:45:17Z,Virginia Cavaliers,West Virginia Mountaineers,fanduel,-310,245,-8.5,-110,8.5,-110,53.5,-110,-110
2026-09-11,CFB,d8c4386ede3f4cb264ac2f2b6017528c,2026-09-20T00:00:00Z,2026-09-11T18:45:30Z,,"Fri, 11 Sep 2026 18:45:30 GMT",2026-09-11T18:43:52Z,Texas Tech Red Raiders,Houston Cougars,draftkings,-575,425,-14.0,-112,14.0,-108,51.5,-110,-110
